timestamp,battery_pct,system_load_w,battery_charge_w,total_in_w,plug_a,charger_temp_note
16:51:01,50,14.0,120.4,134.5,9.8,
16:51:31,51,13.9,121.1,135.0,9.8,
16:52:01,52,14.8,121.0,135.8,9.8,
16:52:31,53,13.4,122.0,135.5,9.9,
16:53:01,53,9.7,-9.-7,0.0,0.-8,
16:53:31,54,10.5,75.5,86.0,6.2,
16:54:01,54,10.5,75.5,86.0,6.2,
16:54:26,55,10.1,76.2,86.3,6.23,
16:54:27,55,10.1,76.2,86.3,6.23,
16:54:29,55,10.1,76.2,86.3,6.23,
16:54:30,55,10.1,76.2,86.3,6.23,
16:54:31,55,10.1,76.2,86.3,6.23,
16:54:32,55,10.1,76.2,86.3,6.23,
16:54:33,55,10.1,76.2,86.3,6.23,
16:54:34,55,10.1,76.2,86.3,6.23,
16:54:35,55,10.1,76.2,86.3,6.23,
16:54:36,55,10.1,76.2,86.3,6.23,
16:54:37,55,10.1,76.2,86.3,6.23,
16:54:38,55,10.1,76.2,86.3,6.23,
16:54:39,55,10.1,76.2,86.3,6.23,
16:54:40,55,10.1,76.2,86.3,6.23,
16:54:41,55,10.1,76.2,86.3,6.23,
16:54:42,55,10.1,76.2,86.3,6.23,
16:54:43,55,10.1,76.2,86.3,6.23,
16:54:44,55,10.1,76.2,86.3,6.23,
16:54:45,55,10.1,76.2,86.3,6.23,
16:54:46,55,10.1,76.2,86.3,6.23,
16:54:47,55,10.1,76.2,86.3,6.23,
16:54:48,55,10.1,76.2,86.3,6.23,
16:54:49,55,10.1,76.2,86.3,6.23,
16:54:50,55,10.1,76.2,86.3,6.23,
16:54:51,55,10.1,76.2,86.3,6.23,
16:54:52,55,10.1,76.2,86.3,6.23,
16:54:53,55,10.1,76.2,86.3,6.23,
16:54:54,55,10.1,76.2,86.3,6.23,
16:54:55,55,10.1,76.2,86.3,6.23,
16:54:56,55,10.1,76.2,86.3,6.23,
16:54:57,55,10.1,76.2,86.3,6.23,
16:54:59,55,10.1,76.2,86.3,6.23,
16:55:00,55,10.1,76.2,86.3,6.23,
16:55:01,55,10.1,76.2,86.3,6.23,
16:55:02,55,10.1,76.2,86.3,6.23,
16:55:03,55,10.1,76.2,86.3,6.23,
16:55:04,55,10.1,76.2,86.3,6.23,
16:55:05,55,10.1,76.2,86.3,6.23,
16:55:06,55,10.1,76.2,86.3,6.23,
16:55:07,55,10.1,76.2,86.3,6.23,
16:55:08,56,13.7,72.5,86.2,5.97,
16:55:09,56,13.7,72.5,86.2,5.97,
16:55:10,56,13.7,72.5,86.2,5.97,
16:55:11,56,13.7,72.5,86.2,5.97,
16:55:12,56,13.7,72.5,86.2,5.97,
16:55:13,56,13.7,72.5,86.2,5.97,
16:55:14,56,13.7,72.5,86.2,5.97,
16:55:15,56,13.7,72.5,86.2,5.97,
16:55:16,56,13.7,72.5,86.2,5.97,
16:55:17,56,13.7,72.5,86.2,5.97,
16:55:18,56,13.7,72.5,86.2,5.97,
16:55:19,56,13.7,72.5,86.2,5.97,
16:55:20,56,13.7,72.5,86.2,5.97,
16:55:21,56,13.7,72.5,86.2,5.97,
16:55:22,56,13.7,72.5,86.2,5.97,
16:55:23,56,13.7,72.5,86.2,5.97,
16:55:25,56,13.7,72.5,86.2,5.97,
16:55:26,56,13.7,72.5,86.2,5.97,
16:55:27,56,13.7,72.5,86.2,5.97,
16:55:28,56,13.7,72.5,86.2,5.97,
16:55:29,56,13.7,72.5,86.2,5.97,
16:55:30,56,13.7,72.5,86.2,5.97,
16:55:31,56,13.7,72.5,86.2,5.97,
16:55:32,56,13.7,72.5,86.2,5.97,
16:55:33,56,13.7,72.5,86.2,5.97,
16:55:34,56,13.7,72.5,86.2,5.97,
16:55:35,56,13.7,72.5,86.2,5.97,
16:55:36,56,13.7,72.5,86.2,5.97,
16:55:37,56,13.7,72.5,86.2,5.97,
16:55:38,56,13.7,72.5,86.2,5.97,
16:55:39,56,13.7,72.5,86.2,5.97,
16:55:40,56,13.7,72.5,86.2,5.97,
16:55:41,56,13.7,72.5,86.2,5.97,
16:55:42,56,13.7,72.5,86.2,5.97,
16:55:43,56,13.7,72.5,86.2,5.97,
16:55:44,56,13.7,72.5,86.2,5.97,
16:55:45,56,13.7,72.5,86.2,5.97,
16:55:46,56,13.7,72.5,86.2,5.97,
16:55:47,56,13.7,72.5,86.2,5.97,
16:55:48,56,13.7,72.5,86.2,5.97,
16:55:49,56,13.7,72.5,86.2,5.97,
16:55:51,56,13.7,72.5,86.2,5.97,
16:55:52,56,13.7,72.5,86.2,5.97,
16:55:53,56,13.7,72.5,86.2,5.97,
16:55:54,56,13.7,72.5,86.2,5.97,
16:55:55,56,13.7,72.5,86.2,5.97,
16:55:56,56,13.7,72.5,86.2,5.97,
16:55:57,56,11.9,74.0,85.9,6.08,
16:56:14,56,33.3,36.4,69.7,3.00,
16:56:16,56,33.3,36.4,69.7,3.00,
16:56:17,56,33.3,36.4,69.7,3.00,
16:56:18,57,16.0,69.1,85.1,7.00,
16:56:19,57,16.0,69.1,85.1,7.00,
16:56:20,57,16.0,69.1,85.1,7.00,
16:56:21,57,13.8,101.4,115.2,8.29,
16:56:22,57,13.8,101.4,115.2,8.29,
16:56:23,57,13.8,101.4,115.2,8.29,
16:56:24,57,13.8,101.4,115.2,8.29,
16:56:25,57,13.8,101.4,115.2,8.29,
16:56:26,57,13.8,101.4,115.2,8.29,
16:56:27,57,13.8,101.4,115.2,8.29,
16:56:28,57,13.8,101.4,115.2,8.29,
16:56:29,57,13.8,101.4,115.2,8.29,
16:56:30,57,13.8,101.4,115.2,8.29,
16:56:31,57,13.8,101.4,115.2,8.29,
16:56:32,57,13.8,101.4,115.2,8.29,
16:56:33,57,13.8,101.4,115.2,8.29,
16:56:34,57,13.8,101.4,115.2,8.29,
16:56:35,57,13.8,101.4,115.2,8.29,
16:56:36,57,13.8,101.4,115.2,8.29,
16:56:37,57,13.8,101.4,115.2,8.29,
16:56:38,57,13.8,101.4,115.2,8.29,
16:56:39,57,13.8,101.4,115.2,8.29,
16:56:40,57,13.8,101.4,115.2,8.29,
16:56:42,57,13.8,101.4,115.2,8.29,
16:56:43,57,13.8,101.4,115.2,8.29,
16:56:44,57,13.8,101.4,115.2,8.29,
16:56:45,57,13.8,101.4,115.2,8.29,
16:56:46,57,13.8,101.4,115.2,8.29,
16:56:47,57,13.8,101.4,115.2,8.29,
16:56:48,57,13.8,101.4,115.2,8.29,
16:56:49,57,13.8,101.4,115.2,8.29,
16:56:50,57,13.8,101.4,115.2,8.29,
16:56:51,57,13.8,101.4,115.2,8.29,
16:56:52,58,15.5,114.7,130.2,9.24,
16:56:53,58,15.5,114.7,130.2,9.24,
16:56:54,58,15.5,114.7,130.2,9.24,
16:56:55,58,15.5,114.7,130.2,9.24,
16:56:56,58,15.5,114.7,130.2,9.24,
16:56:57,58,15.5,114.7,130.2,9.24,
16:56:58,58,15.5,114.7,130.2,9.24,
16:56:59,58,15.5,114.7,130.2,9.24,
16:57:00,58,15.5,114.7,130.2,9.24,
16:57:01,58,15.5,114.7,130.2,9.24,
16:57:02,58,15.5,114.7,130.2,9.24,
16:57:03,58,15.5,114.7,130.2,9.24,
16:57:04,58,15.5,114.7,130.2,9.24,
16:57:05,58,15.5,114.7,130.2,9.24,
16:57:06,58,15.5,114.7,130.2,9.24,
16:57:08,58,15.5,114.7,130.2,9.24,
16:57:09,58,15.5,114.7,130.2,9.24,
16:57:10,58,15.5,114.7,130.2,9.24,
16:57:11,58,15.5,114.7,130.2,9.24,
16:57:12,58,15.5,114.7,130.2,9.24,
16:57:13,58,15.5,114.7,130.2,9.24,
16:57:14,58,15.5,114.7,130.2,9.24,
16:57:15,58,15.5,114.7,130.2,9.24,
16:57:16,58,15.5,114.7,130.2,9.24,
16:57:17,58,15.5,114.7,130.2,9.24,
16:57:18,58,15.5,114.7,130.2,9.24,
16:57:19,58,15.5,114.7,130.2,9.24,
16:57:20,58,15.5,114.7,130.2,9.24,
16:57:21,58,15.5,114.7,130.2,9.24,
16:57:22,58,15.5,114.7,130.2,9.24,
16:57:23,58,15.5,114.7,130.2,9.24,
16:57:24,58,15.5,114.7,130.2,9.24,
16:57:25,58,15.5,114.7,130.2,9.24,
16:57:26,58,15.5,114.7,130.2,9.24,
16:57:27,59,12.1,107.2,119.3,8.66,
16:57:28,59,12.1,107.2,119.3,8.66,
16:57:29,59,12.1,107.2,119.3,8.66,
16:57:30,59,12.1,107.2,119.3,8.66,
16:57:31,59,12.1,107.2,119.3,8.66,
16:57:32,59,12.1,107.2,119.3,8.66,
16:57:33,59,12.1,107.2,119.3,8.66,
16:57:34,59,12.1,107.2,119.3,8.66,
16:57:35,59,12.1,107.2,119.3,8.66,
16:57:36,59,12.1,107.2,119.3,8.66,
16:57:37,59,12.1,107.2,119.3,8.66,
16:57:39,59,12.1,107.2,119.3,8.66,
16:57:40,59,12.1,107.2,119.3,8.66,
16:57:41,59,12.1,107.2,119.3,8.66,
16:57:42,59,12.1,107.2,119.3,8.66,
16:57:43,59,12.1,107.2,119.3,8.66,
16:57:44,59,12.1,107.2,119.3,8.66,
16:57:45,59,12.1,107.2,119.3,8.66,
16:57:46,59,12.1,107.2,119.3,8.66,
16:57:47,59,12.1,107.2,119.3,8.66,
16:57:48,59,12.1,107.2,119.3,8.66,
16:57:49,59,12.1,107.2,119.3,8.66,
16:57:50,59,12.1,107.2,119.3,8.66,
16:57:51,59,12.1,107.2,119.3,8.66,
16:57:52,59,12.1,107.2,119.3,8.66,
16:57:53,59,12.1,107.2,119.3,8.66,
16:57:54,59,12.1,107.2,119.3,8.66,
16:57:55,59,12.1,107.2,119.3,8.66,
16:57:56,59,12.1,107.2,119.3,8.66,
16:57:57,59,12.1,107.2,119.3,8.66,
16:57:58,59,12.1,107.2,119.3,8.66,
16:57:59,59,12.1,107.2,119.3,8.66,
16:58:00,59,12.1,107.2,119.3,8.66,
16:58:01,59,12.1,107.2,119.3,8.66,
16:58:02,59,12.1,107.2,119.3,8.66,
16:58:03,59,12.1,107.2,119.3,8.66,
16:58:04,60,12.2,102.3,114.6,8.27,
16:58:05,60,12.2,102.3,114.6,8.27,
16:58:06,60,12.2,102.3,114.6,8.27,
16:58:07,60,12.2,102.3,114.6,8.27,
16:58:08,60,12.2,102.3,114.6,8.27,
16:58:09,60,12.2,102.3,114.6,8.27,
16:58:10,60,12.2,102.3,114.6,8.27,
16:58:12,60,12.2,102.3,114.6,8.27,
16:58:13,60,12.2,102.3,114.6,8.27,
16:58:14,60,12.2,102.3,114.6,8.27,
16:58:15,60,12.2,102.3,114.6,8.27,
16:58:16,60,12.2,102.3,114.6,8.27,
16:58:17,60,12.2,102.3,114.6,8.27,
16:58:18,60,12.2,102.3,114.6,8.27,
16:58:19,60,12.2,102.3,114.6,8.27,
16:58:20,60,12.2,102.3,114.6,8.27,
16:58:21,60,12.2,102.3,114.6,8.27,
16:58:22,60,12.2,102.3,114.6,8.27,
16:58:23,60,12.2,102.3,114.6,8.27,
16:58:24,60,12.2,102.3,114.6,8.27,
16:58:25,60,12.2,102.3,114.6,8.27,
16:58:26,60,12.2,102.3,114.6,8.27,
16:58:27,60,12.2,102.3,114.6,8.27,
16:58:28,60,12.2,102.3,114.6,8.27,
16:58:29,60,12.2,102.3,114.6,8.27,
16:58:30,60,12.2,102.3,114.6,8.27,
16:58:31,60,12.2,102.3,114.6,8.27,
16:58:32,60,12.2,102.3,114.6,8.27,
16:58:33,60,12.2,102.3,114.6,8.27,
16:58:34,60,12.2,102.3,114.6,8.27,
16:58:35,60,12.2,102.3,114.6,8.27,
16:58:36,60,12.2,102.3,114.6,8.27,
16:58:37,60,12.2,102.3,114.6,8.27,
16:58:38,60,12.2,102.3,114.6,8.27,
16:58:39,60,12.2,102.3,114.6,8.27,
16:58:40,60,12.2,102.3,114.6,8.27,
16:58:41,60,12.2,102.3,114.6,8.27,
16:58:42,61,16.3,104.9,121.2,8.46,
16:58:43,61,16.3,104.9,121.2,8.46,
16:58:44,61,16.3,104.9,121.2,8.46,
16:58:45,61,16.3,104.9,121.2,8.46,
16:58:47,61,16.3,104.9,121.2,8.46,
16:58:48,61,16.3,104.9,121.2,8.46,
16:58:49,61,16.3,104.9,121.2,8.46,
16:58:50,61,16.3,104.9,121.2,8.46,
16:58:51,61,16.3,104.9,121.2,8.46,
16:58:52,61,16.3,104.9,121.2,8.46,
16:58:53,61,16.3,104.9,121.2,8.46,
16:58:54,61,16.3,104.9,121.2,8.46,
16:58:55,61,16.3,104.9,121.2,8.46,
16:58:56,61,16.3,104.9,121.2,8.46,
16:58:57,61,16.3,104.9,121.2,8.46,
16:58:58,61,16.3,104.9,121.2,8.46,
16:58:59,61,16.3,104.9,121.2,8.46,
16:59:00,61,16.3,104.9,121.2,8.46,
16:59:01,61,16.3,104.9,121.2,8.46,
16:59:02,61,16.3,104.9,121.2,8.46,
16:59:03,61,16.3,104.9,121.2,8.46,
16:59:04,61,16.3,104.9,121.2,8.46,
16:59:05,61,16.3,104.9,121.2,8.46,
16:59:06,61,16.3,104.9,121.2,8.46,
16:59:07,61,16.3,104.9,121.2,8.46,
16:59:08,61,16.3,104.9,121.2,8.46,
16:59:09,61,16.3,104.9,121.2,8.46,
16:59:10,61,16.3,104.9,121.2,8.46,
16:59:11,61,16.3,104.9,121.2,8.46,
16:59:12,61,16.3,104.9,121.2,8.46,
16:59:13,61,16.3,104.9,121.2,8.46,
16:59:14,61,16.3,104.9,121.2,8.46,
16:59:15,61,16.3,104.9,121.2,8.46,
16:59:16,61,16.3,104.9,121.2,8.46,
16:59:17,61,16.3,104.9,121.2,8.46,
16:59:18,61,16.3,104.9,121.2,8.46,
16:59:19,61,16.3,104.9,121.2,8.46,
16:59:21,62,17.7,103.7,121.4,8.38,
16:59:22,62,17.7,103.7,121.4,8.38,
16:59:23,62,17.7,103.7,121.4,8.38,
16:59:24,62,17.7,103.7,121.4,8.38,
16:59:25,62,17.7,103.7,121.4,8.38,
16:59:26,62,17.7,103.7,121.4,8.38,
16:59:27,62,17.7,103.7,121.4,8.38,
16:59:28,62,17.7,103.7,121.4,8.38,
16:59:29,62,17.7,103.7,121.4,8.38,
16:59:30,62,17.7,103.7,121.4,8.38,
16:59:31,62,17.7,103.7,121.4,8.38,
16:59:32,62,17.7,103.7,121.4,8.38,
16:59:33,62,17.7,103.7,121.4,8.38,
16:59:34,62,17.7,103.7,121.4,8.38,
16:59:35,62,17.7,103.7,121.4,8.38,
16:59:36,62,17.7,103.7,121.4,8.38,
16:59:37,62,17.7,103.7,121.4,8.38,
16:59:38,62,17.7,103.7,121.4,8.38,
16:59:39,62,17.7,103.7,121.4,8.38,
16:59:40,62,17.7,103.7,121.4,8.38,
16:59:41,62,17.7,103.7,121.4,8.38,
16:59:42,62,17.7,103.7,121.4,8.38,
16:59:43,62,17.7,103.7,121.4,8.38,
16:59:44,62,17.7,103.7,121.4,8.38,
16:59:45,62,17.7,103.7,121.4,8.38,
16:59:46,62,17.7,103.7,121.4,8.38,
16:59:47,62,17.7,103.7,121.4,8.38,
16:59:48,62,17.7,103.7,121.4,8.38,
16:59:49,62,17.7,103.7,121.4,8.38,
16:59:50,62,17.7,103.7,121.4,8.38,
16:59:51,62,17.7,103.7,121.4,8.38,
16:59:52,62,17.7,103.7,121.4,8.38,
16:59:53,62,17.7,103.7,121.4,8.38,
16:59:54,62,17.7,103.7,121.4,8.38,
16:59:56,62,17.7,103.7,121.4,8.38,
16:59:57,62,17.7,103.7,121.4,8.38,
16:59:58,63,15.3,104.9,120.2,8.42,
16:59:59,63,15.3,104.9,120.2,8.42,
17:00:00,63,15.3,104.9,120.2,8.42,
17:00:01,63,15.3,104.9,120.2,8.42,
17:00:02,63,15.3,104.9,120.2,8.42,
17:00:03,63,15.3,104.9,120.2,8.42,
17:00:04,63,15.3,104.9,120.2,8.42,
17:00:05,63,15.3,104.9,120.2,8.42,
17:00:06,63,15.3,104.9,120.2,8.42,
17:00:07,63,15.3,104.9,120.2,8.42,
17:00:08,63,15.3,104.9,120.2,8.42,
17:00:09,63,15.3,104.9,120.2,8.42,
17:00:10,63,15.3,104.9,120.2,8.42,
17:00:11,63,15.3,104.9,120.2,8.42,
17:00:12,63,15.3,104.9,120.2,8.42,
17:00:13,63,15.3,104.9,120.2,8.42,
17:00:14,63,15.3,104.9,120.2,8.42,
17:00:15,63,15.3,104.9,120.2,8.42,
17:00:16,63,15.3,104.9,120.2,8.42,
17:00:17,63,15.3,104.9,120.2,8.42,
17:00:18,63,15.3,104.9,120.2,8.42,
17:00:19,63,15.3,104.9,120.2,8.42,
17:00:20,63,15.3,104.9,120.2,8.42,
17:00:21,63,15.3,104.9,120.2,8.42,
17:00:22,63,15.3,104.9,120.2,8.42,
17:00:23,63,15.3,104.9,120.2,8.42,
17:00:24,63,15.3,104.9,120.2,8.42,
17:00:25,63,15.3,104.9,120.2,8.42,
17:00:26,63,15.3,104.9,120.2,8.42,
17:00:27,63,15.3,104.9,120.2,8.42,
17:00:28,63,15.3,104.9,120.2,8.42,
17:00:29,63,15.3,104.9,120.2,8.42,
17:00:31,63,15.3,104.9,120.2,8.42,
17:00:32,63,15.3,104.9,120.2,8.42,
17:00:33,63,15.3,104.9,120.2,8.42,
17:00:34,63,15.3,104.9,120.2,8.42,
17:00:35,64,15.2,106.0,121.2,8.48,
17:00:36,64,15.2,106.0,121.2,8.48,
17:00:37,64,15.2,106.0,121.2,8.48,
17:00:38,64,15.2,106.0,121.2,8.48,
17:00:39,64,15.2,106.0,121.2,8.48,
17:00:40,64,15.2,106.0,121.2,8.48,
17:00:41,64,15.2,106.0,121.2,8.48,
17:00:42,64,15.2,106.0,121.2,8.48,
17:00:43,64,15.2,106.0,121.2,8.48,
17:00:44,64,15.2,106.0,121.2,8.48,
17:00:45,64,15.2,106.0,121.2,8.48,
17:00:46,64,15.2,106.0,121.2,8.48,
17:00:47,64,15.2,106.0,121.2,8.48,
17:00:48,64,15.2,106.0,121.2,8.48,
17:00:49,64,15.2,106.0,121.2,8.48,
17:00:50,64,15.2,106.0,121.2,8.48,
17:00:51,64,15.2,106.0,121.2,8.48,
17:00:52,64,15.2,106.0,121.2,8.48,
17:00:53,64,15.2,106.0,121.2,8.48,
17:00:54,64,15.2,106.0,121.2,8.48,
17:00:55,64,15.2,106.0,121.2,8.48,
17:00:56,64,15.2,106.0,121.2,8.48,
17:00:57,64,15.2,106.0,121.2,8.48,
17:00:58,64,15.2,106.0,121.2,8.48,
17:00:59,64,15.2,106.0,121.2,8.48,
17:01:00,64,15.2,106.0,121.2,8.48,
17:01:01,64,15.2,106.0,121.2,8.48,
17:01:02,64,15.2,106.0,121.2,8.48,
17:01:04,64,15.2,106.0,121.2,8.48,
17:01:05,64,15.2,106.0,121.2,8.48,
17:01:06,64,15.2,106.0,121.2,8.48,
17:01:07,64,15.2,106.0,121.2,8.48,
17:01:08,64,15.2,106.0,121.2,8.48,
17:01:09,64,15.2,106.0,121.2,8.48,
17:01:10,64,15.2,106.0,121.2,8.48,
17:01:11,64,15.2,106.0,121.2,8.48,
17:01:12,64,15.2,106.0,121.2,8.48,
17:01:13,65,11.9,106.4,118.4,8.51,
17:01:14,65,11.9,106.4,118.4,8.51,
17:01:15,65,11.9,106.4,118.4,8.51,
17:01:16,65,11.9,106.4,118.4,8.51,
17:01:17,65,11.9,106.4,118.4,8.51,
17:01:18,65,11.9,106.4,118.4,8.51,
17:01:19,65,11.9,106.4,118.4,8.51,
17:01:20,65,11.9,106.4,118.4,8.51,
17:01:21,65,11.9,106.4,118.4,8.51,
17:01:22,65,11.9,106.4,118.4,8.51,
17:01:23,65,11.9,106.4,118.4,8.51,
17:01:24,65,11.9,106.4,118.4,8.51,
17:01:25,65,11.9,106.4,118.4,8.51,
17:01:26,65,11.9,106.4,118.4,8.51,
17:01:27,65,11.9,106.4,118.4,8.51,
17:01:28,65,11.9,106.4,118.4,8.51,
17:01:29,65,11.9,106.4,118.4,8.51,
17:01:30,65,11.9,106.4,118.4,8.51,
17:01:31,65,11.9,106.4,118.4,8.51,
17:01:32,65,11.9,106.4,118.4,8.51,
17:01:33,65,11.9,106.4,118.4,8.51,
17:01:34,65,11.9,106.4,118.4,8.51,
17:01:36,65,11.9,106.4,118.4,8.51,
17:01:37,65,11.9,106.4,118.4,8.51,
17:01:38,65,11.9,106.4,118.4,8.51,
17:01:39,65,11.9,106.4,118.4,8.51,
17:01:40,65,11.9,106.4,118.4,8.51,
17:01:41,65,11.9,106.4,118.4,8.51,
17:01:42,65,11.9,106.4,118.4,8.51,
17:01:43,65,11.9,106.4,118.4,8.51,
17:01:44,65,11.9,106.4,118.4,8.51,
17:01:45,65,11.9,106.4,118.4,8.51,
17:01:46,65,11.9,106.4,118.4,8.51,
17:01:47,65,11.9,106.4,118.4,8.51,
17:01:48,65,11.9,106.4,118.4,8.51,
17:01:49,65,11.9,106.4,118.4,8.51,
17:01:50,66,12.1,104.8,116.9,8.35,
17:01:51,66,12.1,104.8,116.9,8.35,
17:01:52,66,12.1,104.8,116.9,8.35,
17:01:53,66,12.1,104.8,116.9,8.35,
17:01:54,66,12.1,104.8,116.9,8.35,
17:01:55,66,12.1,104.8,116.9,8.35,
17:01:56,66,12.1,104.8,116.9,8.35,
17:01:57,66,12.1,104.8,116.9,8.35,
17:01:58,66,12.1,104.8,116.9,8.35,
17:01:59,66,12.1,104.8,116.9,8.35,
17:02:00,66,12.1,104.8,116.9,8.35,
17:02:01,66,12.1,104.8,116.9,8.35,
17:02:02,66,12.1,104.8,116.9,8.35,
17:02:03,66,12.1,104.8,116.9,8.35,
17:02:04,66,12.1,104.8,116.9,8.35,
17:02:05,66,12.1,104.8,116.9,8.35,
17:02:06,66,12.1,104.8,116.9,8.35,
17:02:08,66,12.1,104.8,116.9,8.35,
17:02:09,66,12.1,104.8,116.9,8.35,
17:02:10,66,12.1,104.8,116.9,8.35,
17:02:11,66,12.1,104.8,116.9,8.35,
17:02:12,66,12.1,104.8,116.9,8.35,
17:02:13,66,12.1,104.8,116.9,8.35,
17:02:14,66,12.1,104.8,116.9,8.35,
17:02:15,66,12.1,104.8,116.9,8.35,
17:02:16,66,12.1,104.8,116.9,8.35,
17:02:17,66,12.1,104.8,116.9,8.35,
17:02:18,66,12.1,104.8,116.9,8.35,
17:02:19,66,12.1,104.8,116.9,8.35,
17:02:20,66,12.1,104.8,116.9,8.35,
17:02:21,66,12.1,104.8,116.9,8.35,
17:02:22,66,12.1,104.8,116.9,8.35,
17:02:23,66,12.1,104.8,116.9,8.35,
17:02:24,66,12.1,104.8,116.9,8.35,
17:02:25,66,12.1,104.8,116.9,8.35,
17:02:26,66,12.1,104.8,116.9,8.35,
17:02:27,66,12.1,104.8,116.9,8.35,
17:02:28,66,12.1,104.8,116.9,8.35,
17:02:29,67,12.1,98.9,111.0,7.90,
17:02:30,67,12.1,98.9,111.0,7.90,
17:02:31,67,12.1,98.9,111.0,7.90,
17:02:32,67,12.1,98.9,111.0,7.90,
17:02:33,67,12.1,98.9,111.0,7.90,
17:02:34,67,12.1,98.9,111.0,7.90,
17:02:35,67,12.1,98.9,111.0,7.90,
17:02:36,67,12.1,98.9,111.0,7.90,
17:02:37,67,12.1,98.9,111.0,7.90,
17:02:38,67,12.1,98.9,111.0,7.90,
17:02:40,67,12.1,98.9,111.0,7.90,
17:02:41,67,12.1,98.9,111.0,7.90,
17:02:42,67,12.1,98.9,111.0,7.90,
17:02:43,67,12.1,98.9,111.0,7.90,
17:02:44,67,12.1,98.9,111.0,7.90,
17:02:45,67,12.1,98.9,111.0,7.90,
17:02:46,67,12.1,98.9,111.0,7.90,
17:02:47,67,12.1,98.9,111.0,7.90,
17:02:48,67,12.1,98.9,111.0,7.90,
17:02:49,67,12.1,98.9,111.0,7.90,
17:02:50,67,12.1,98.9,111.0,7.90,
17:02:51,67,12.1,98.9,111.0,7.90,
17:02:52,67,12.1,98.9,111.0,7.90,
17:02:53,67,12.1,98.9,111.0,7.90,
17:02:54,67,12.1,98.9,111.0,7.90,
17:02:55,67,12.1,98.9,111.0,7.90,
17:02:56,67,12.1,98.9,111.0,7.90,
17:02:57,67,12.1,98.9,111.0,7.90,
17:02:58,67,12.1,98.9,111.0,7.90,
17:02:59,67,12.1,98.9,111.0,7.90,
17:03:00,67,12.1,98.9,111.0,7.90,
17:03:01,67,12.1,98.9,111.0,7.90,
17:03:02,67,12.1,98.9,111.0,7.90,
17:03:03,67,12.1,98.9,111.0,7.90,
17:03:04,67,12.1,98.9,111.0,7.90,
17:03:05,67,12.1,98.9,111.0,7.90,
17:03:06,67,12.1,98.9,111.0,7.90,
17:03:07,67,12.1,98.9,111.0,7.90,
17:03:08,67,12.1,98.9,111.0,7.90,
17:03:09,67,12.1,98.9,111.0,7.90,
17:03:11,68,17.9,93.6,111.5,7.45,
17:03:12,68,17.9,93.6,111.5,7.45,
17:03:13,68,17.9,93.6,111.5,7.45,
17:03:14,68,17.9,93.6,111.5,7.45,
17:03:15,68,17.9,93.6,111.5,7.45,
17:03:16,68,17.9,93.6,111.5,7.45,
17:03:17,68,17.9,93.6,111.5,7.45,
17:03:18,68,17.9,93.6,111.5,7.45,
17:03:19,68,17.9,93.6,111.5,7.45,
17:03:20,68,17.9,93.6,111.5,7.45,
17:03:21,68,17.9,93.6,111.5,7.45,
17:03:22,68,17.9,93.6,111.5,7.45,
17:03:23,68,17.9,93.6,111.5,7.45,
17:03:24,68,17.9,93.6,111.5,7.45,
17:03:25,68,17.9,93.6,111.5,7.45,
17:03:26,68,17.9,93.6,111.5,7.45,
17:03:27,68,17.9,93.6,111.5,7.45,
17:03:28,68,17.9,93.6,111.5,7.45,
17:03:29,68,17.9,93.6,111.5,7.45,
17:03:30,68,17.9,93.6,111.5,7.45,
17:03:31,68,17.9,93.6,111.5,7.45,
17:03:32,68,17.9,93.6,111.5,7.45,
17:03:33,68,17.9,93.6,111.5,7.45,
17:03:34,68,17.9,93.6,111.5,7.45,
17:03:35,68,17.9,93.6,111.5,7.45,
17:03:36,68,17.9,93.6,111.5,7.45,
17:03:37,68,17.9,93.6,111.5,7.45,
17:03:38,68,17.9,93.6,111.5,7.45,
17:03:40,68,17.9,93.6,111.5,7.45,
17:03:41,68,17.9,93.6,111.5,7.45,
17:03:42,68,17.9,93.6,111.5,7.45,
17:03:43,68,17.9,93.6,111.5,7.45,
17:03:44,68,17.9,93.6,111.5,7.45,
17:03:45,68,17.9,93.6,111.5,7.45,
17:03:46,68,17.9,93.6,111.5,7.45,
17:03:47,68,17.9,93.6,111.5,7.45,
17:03:48,68,17.9,93.6,111.5,7.45,
17:03:49,68,17.9,93.6,111.5,7.45,
17:03:50,68,17.9,93.6,111.5,7.45,
17:03:51,68,17.9,93.6,111.5,7.45,
17:03:52,68,17.9,93.6,111.5,7.45,
17:03:53,68,17.9,93.6,111.5,7.45,
17:03:54,69,13.6,88.2,101.8,7.02,
17:03:55,69,13.6,88.2,101.8,7.02,
17:03:56,69,13.6,88.2,101.8,7.02,
17:03:57,69,13.6,88.2,101.8,7.02,
17:03:58,69,13.6,88.2,101.8,7.02,
17:03:59,69,13.6,88.2,101.8,7.02,
17:04:00,69,13.6,88.2,101.8,7.02,
17:04:01,69,13.6,88.2,101.8,7.02,
17:04:02,69,13.6,88.2,101.8,7.02,
17:04:03,69,13.6,88.2,101.8,7.02,
17:04:04,69,13.6,88.2,101.8,7.02,
17:04:05,69,13.6,88.2,101.8,7.02,
17:04:06,69,13.6,88.2,101.8,7.02,
17:04:07,69,13.6,88.2,101.8,7.02,
17:04:09,69,13.6,88.2,101.8,7.02,
17:04:10,69,13.6,88.2,101.8,7.02,
17:04:11,69,13.6,88.2,101.8,7.02,
17:04:12,69,13.6,88.2,101.8,7.02,
17:04:13,69,13.6,88.2,101.8,7.02,
17:04:14,69,13.6,88.2,101.8,7.02,
17:04:15,69,13.6,88.2,101.8,7.02,
17:04:16,69,13.6,88.2,101.8,7.02,
17:04:17,69,13.6,88.2,101.8,7.02,
17:04:18,69,13.6,88.2,101.8,7.02,
17:04:19,69,13.6,88.2,101.8,7.02,
17:04:20,69,13.6,88.2,101.8,7.02,
17:04:21,69,13.6,88.2,101.8,7.02,
17:04:22,69,13.6,88.2,101.8,7.02,
17:04:23,69,13.6,88.2,101.8,7.02,
17:04:24,69,13.6,88.2,101.8,7.02,
17:04:25,69,13.6,88.2,101.8,7.02,
17:04:26,69,13.6,88.2,101.8,7.02,
17:04:27,69,13.6,88.2,101.8,7.02,
17:04:28,69,13.6,88.2,101.8,7.02,
17:04:29,69,13.6,88.2,101.8,7.02,
17:04:30,69,13.6,88.2,101.8,7.02,
17:04:31,69,13.6,88.2,101.8,7.02,
17:04:32,69,13.6,88.2,101.8,7.02,
17:04:33,69,13.6,88.2,101.8,7.02,
17:04:34,69,13.6,88.2,101.8,7.02,
17:04:35,69,13.6,88.2,101.8,7.02,
17:04:36,69,13.6,88.2,101.8,7.02,
17:04:38,69,13.6,88.2,101.8,7.02,
17:04:39,69,13.6,88.2,101.8,7.02,
17:04:40,69,13.6,88.2,101.8,7.02,
17:04:41,70,10.6,82.6,93.2,6.58,
17:04:42,70,10.6,82.6,93.2,6.58,
17:04:43,70,10.6,82.6,93.2,6.58,
17:04:44,70,10.6,82.6,93.2,6.58,
17:04:45,70,10.6,82.6,93.2,6.58,
17:04:46,70,10.6,82.6,93.2,6.58,
17:04:47,70,10.6,82.6,93.2,6.58,
17:04:48,70,10.6,82.6,93.2,6.58,
17:04:49,70,10.6,82.6,93.2,6.58,
17:04:50,70,10.6,82.6,93.2,6.58,
17:04:51,70,10.6,82.6,93.2,6.58,
17:04:52,70,10.6,82.6,93.2,6.58,
17:04:53,70,10.6,82.6,93.2,6.58,
17:04:54,70,10.6,82.6,93.2,6.58,
17:04:55,70,10.6,82.6,93.2,6.58,
17:04:56,70,10.6,82.6,93.2,6.58,
17:04:57,70,10.6,82.6,93.2,6.58,
17:04:58,70,10.6,82.6,93.2,6.58,
17:04:59,70,10.6,82.6,93.2,6.58,
17:05:00,70,10.6,82.6,93.2,6.58,
17:05:01,70,10.6,82.6,93.2,6.58,
17:05:02,70,10.6,82.6,93.2,6.58,
17:05:03,70,10.6,82.6,93.2,6.58,
17:05:04,70,10.6,82.6,93.2,6.58,
17:05:05,70,10.6,82.6,93.2,6.58,
17:05:07,70,10.6,82.6,93.2,6.58,
17:05:08,70,10.6,82.6,93.2,6.58,
17:05:09,70,10.6,82.6,93.2,6.58,
17:05:10,70,10.6,82.6,93.2,6.58,
17:05:11,70,10.6,82.6,93.2,6.58,
17:05:12,70,10.6,82.6,93.2,6.58,
17:05:13,70,10.6,82.6,93.2,6.58,
17:05:14,70,10.6,82.6,93.2,6.58,
17:05:15,70,10.6,82.6,93.2,6.58,
17:05:16,70,10.6,82.6,93.2,6.58,
17:05:17,70,10.6,82.6,93.2,6.58,
17:05:18,70,10.6,82.6,93.2,6.58,
17:05:19,70,10.6,82.6,93.2,6.58,
17:05:20,70,10.6,82.6,93.2,6.58,
17:05:21,70,10.6,82.6,93.2,6.58,
17:05:22,70,10.6,82.6,93.2,6.58,
17:05:23,70,10.6,82.6,93.2,6.58,
17:05:24,70,10.6,82.6,93.2,6.58,
17:05:25,70,10.6,82.6,93.2,6.58,
17:05:26,70,10.6,82.6,93.2,6.58,
17:05:27,70,10.6,82.6,93.2,6.58,
17:05:28,70,10.6,82.6,93.2,6.58,
17:05:29,70,10.6,82.6,93.2,6.58,
17:05:30,70,10.6,82.6,93.2,6.58,
17:05:31,71,14.3,76.9,91.2,6.10,
17:05:32,71,14.3,76.9,91.2,6.10,
17:05:33,71,14.3,76.9,91.2,6.10,
17:05:34,71,14.3,76.9,91.2,6.10,
17:05:36,71,14.3,76.9,91.2,6.10,
17:05:37,71,14.3,76.9,91.2,6.10,
17:05:38,71,14.3,76.9,91.2,6.10,
17:05:39,71,14.3,76.9,91.2,6.10,
17:05:40,71,14.3,76.9,91.2,6.10,
17:05:41,71,14.3,76.9,91.2,6.10,
17:05:42,71,14.3,76.9,91.2,6.10,
17:05:43,71,14.3,76.9,91.2,6.10,
17:05:44,71,14.3,76.9,91.2,6.10,
17:05:45,71,14.3,76.9,91.2,6.10,
17:05:46,71,14.3,76.9,91.2,6.10,
17:05:47,71,14.3,76.9,91.2,6.10,
17:05:48,71,14.3,76.9,91.2,6.10,
17:05:49,71,14.3,76.9,91.2,6.10,
17:05:50,71,14.3,76.9,91.2,6.10,
17:05:51,71,14.3,76.9,91.2,6.10,
17:05:52,71,14.3,76.9,91.2,6.10,
17:05:53,71,14.3,76.9,91.2,6.10,
17:05:54,71,14.3,76.9,91.2,6.10,
17:05:55,71,14.3,76.9,91.2,6.10,
17:05:56,71,14.3,76.9,91.2,6.10,
17:05:57,71,14.3,76.9,91.2,6.10,
17:05:58,71,14.3,76.9,91.2,6.10,
17:05:59,71,14.3,76.9,91.2,6.10,
17:06:00,71,14.3,76.9,91.2,6.10,
17:06:01,71,14.3,76.9,91.2,6.10,
17:06:02,71,14.3,76.9,91.2,6.10,
17:06:04,71,14.3,76.9,91.2,6.10,
17:06:05,71,14.3,76.9,91.2,6.10,
17:06:06,71,14.3,76.9,91.2,6.10,
17:06:07,71,14.3,76.9,91.2,6.10,
17:06:08,71,14.3,76.9,91.2,6.10,
17:06:09,71,14.3,76.9,91.2,6.10,
17:06:10,71,14.3,76.9,91.2,6.10,
17:06:11,71,14.3,76.9,91.2,6.10,
17:06:12,71,14.3,76.9,91.2,6.10,
17:06:13,71,14.3,76.9,91.2,6.10,
17:06:14,71,14.3,76.9,91.2,6.10,
17:06:15,71,14.3,76.9,91.2,6.10,
17:06:16,71,14.3,76.9,91.2,6.10,
17:06:17,71,14.3,76.9,91.2,6.10,
17:06:18,71,14.3,76.9,91.2,6.10,
17:06:19,71,14.3,76.9,91.2,6.10,
17:06:20,71,14.3,76.9,91.2,6.10,
17:06:21,71,14.3,76.9,91.2,6.10,
17:06:22,71,14.3,76.9,91.2,6.10,
17:06:23,71,14.3,76.9,91.2,6.10,
17:06:24,72,11.8,73.0,84.8,5.82,
17:06:25,72,11.8,73.0,84.8,5.82,
17:06:26,72,11.8,73.0,84.8,5.82,
17:06:27,72,11.8,73.0,84.8,5.82,
17:06:28,72,11.8,73.0,84.8,5.82,
17:06:29,72,11.8,73.0,84.8,5.82,
17:06:30,72,11.8,73.0,84.8,5.82,
17:06:31,72,11.8,73.0,84.8,5.82,
17:06:32,72,11.8,73.0,84.8,5.82,
17:06:34,72,11.8,73.0,84.8,5.82,
17:06:35,72,11.8,73.0,84.8,5.82,
17:06:36,72,11.8,73.0,84.8,5.82,
17:06:37,72,11.8,73.0,84.8,5.82,
17:06:38,72,11.8,73.0,84.8,5.82,
17:06:39,72,11.8,73.0,84.8,5.82,
17:06:40,72,11.8,73.0,84.8,5.82,
17:06:41,72,11.8,73.0,84.8,5.82,
17:06:42,72,11.8,73.0,84.8,5.82,
17:06:43,72,11.8,73.0,84.8,5.82,
17:06:44,72,11.8,73.0,84.8,5.82,
17:06:45,72,11.8,73.0,84.8,5.82,
17:06:46,72,11.8,73.0,84.8,5.82,
17:06:47,72,11.8,73.0,84.8,5.82,
17:06:48,72,11.8,73.0,84.8,5.82,
17:06:49,72,11.8,73.0,84.8,5.82,
17:06:50,72,11.8,73.0,84.8,5.82,
17:06:51,72,11.8,73.0,84.8,5.82,
17:06:52,72,11.8,73.0,84.8,5.82,
17:06:53,72,11.8,73.0,84.8,5.82,
17:06:54,72,11.8,73.0,84.8,5.82,
17:06:55,72,11.8,73.0,84.8,5.82,
17:06:56,72,11.8,73.0,84.8,5.82,
17:06:57,72,11.8,73.0,84.8,5.82,
17:06:58,72,11.8,73.0,84.8,5.82,
17:06:59,72,11.8,73.0,84.8,5.82,
17:07:00,72,11.8,73.0,84.8,5.82,
17:07:02,72,11.8,73.0,84.8,5.82,
17:07:03,72,11.8,73.0,84.8,5.82,
17:07:04,72,11.8,73.0,84.8,5.82,
17:07:05,72,11.8,73.0,84.8,5.82,
17:07:06,72,11.8,73.0,84.8,5.82,
17:07:07,72,11.8,73.0,84.8,5.82,
17:07:08,72,11.8,73.0,84.8,5.82,
17:07:09,72,11.8,73.0,84.8,5.82,
17:07:10,72,11.8,73.0,84.8,5.82,
17:07:11,72,11.8,73.0,84.8,5.82,
17:07:12,72,11.8,73.0,84.8,5.82,
17:07:13,72,11.8,73.0,84.8,5.82,
17:07:14,72,11.8,73.0,84.8,5.82,
17:07:15,72,11.8,73.0,84.8,5.82,
17:07:16,72,11.8,73.0,84.8,5.82,
17:07:17,73,11.8,74.5,86.2,5.92,
17:07:18,73,11.8,74.5,86.2,5.92,
17:07:19,73,11.8,74.5,86.2,5.92,
17:07:20,73,11.8,74.5,86.2,5.92,
17:07:21,73,11.8,74.5,86.2,5.92,
17:07:22,73,11.8,74.5,86.2,5.92,
17:07:23,73,11.8,74.5,86.2,5.92,
17:07:24,73,11.8,74.5,86.2,5.92,
17:07:25,73,11.8,74.5,86.2,5.92,
17:07:26,73,11.8,74.5,86.2,5.92,
17:07:27,73,11.8,74.5,86.2,5.92,
17:07:28,73,11.8,74.5,86.2,5.92,
17:07:29,73,11.8,74.5,86.2,5.92,
17:07:31,73,11.8,74.5,86.2,5.92,
17:07:32,73,11.8,74.5,86.2,5.92,
17:07:33,73,11.8,74.5,86.2,5.92,
17:07:34,73,11.8,74.5,86.2,5.92,
17:07:35,73,11.8,74.5,86.2,5.92,
17:07:36,73,11.8,74.5,86.2,5.92,
17:07:37,73,11.8,74.5,86.2,5.92,
17:07:38,73,11.8,74.5,86.2,5.92,
17:07:39,73,11.8,74.5,86.2,5.92,
17:07:40,73,11.8,74.5,86.2,5.92,
17:07:41,73,11.8,74.5,86.2,5.92,
17:07:42,73,11.8,74.5,86.2,5.92,
17:07:43,73,11.8,74.5,86.2,5.92,
17:07:44,73,11.8,74.5,86.2,5.92,
17:07:45,73,11.8,74.5,86.2,5.92,
17:07:46,73,11.8,74.5,86.2,5.92,
17:07:47,73,11.8,74.5,86.2,5.92,
17:07:48,73,11.8,74.5,86.2,5.92,
17:07:49,73,11.8,74.5,86.2,5.92,
17:07:50,73,11.8,74.5,86.2,5.92,
17:07:51,73,11.8,74.5,86.2,5.92,
17:07:52,73,11.8,74.5,86.2,5.92,
17:07:53,73,11.8,74.5,86.2,5.92,
17:07:54,73,11.8,74.5,86.2,5.92,
17:07:55,73,11.8,74.5,86.2,5.92,
17:07:56,73,11.8,74.5,86.2,5.92,
17:07:57,73,11.8,74.5,86.2,5.92,
17:07:58,73,11.8,74.5,86.2,5.92,
17:08:00,73,11.8,74.5,86.2,5.92,
17:08:01,73,11.8,74.5,86.2,5.92,
17:08:02,73,11.8,74.5,86.2,5.92,
17:08:03,73,11.8,74.5,86.2,5.92,
17:08:04,73,11.8,74.5,86.2,5.92,
17:08:05,73,11.8,74.5,86.2,5.92,
17:08:06,73,11.8,74.5,86.2,5.92,
17:08:07,73,11.8,74.5,86.2,5.92,
17:08:08,73,11.8,74.5,86.2,5.92,
17:08:09,73,11.8,74.5,86.2,5.92,
17:08:10,73,11.8,74.5,86.2,5.92,
17:08:11,74,13.7,74.7,88.4,5.93,
17:08:12,74,13.7,74.7,88.4,5.93,
17:08:13,74,13.7,74.7,88.4,5.93,
17:08:14,74,13.7,74.7,88.4,5.93,
17:08:15,74,13.7,74.7,88.4,5.93,
17:08:16,74,13.7,74.7,88.4,5.93,
17:08:17,74,13.7,74.7,88.4,5.93,
17:08:18,74,13.7,74.7,88.4,5.93,
17:08:19,74,13.7,74.7,88.4,5.93,
17:08:20,74,13.7,74.7,88.4,5.93,
17:08:21,74,13.7,74.7,88.4,5.93,
17:08:22,74,13.7,74.7,88.4,5.93,
17:08:23,74,13.7,74.7,88.4,5.93,
17:08:24,74,13.7,74.7,88.4,5.93,
17:08:25,74,13.7,74.7,88.4,5.93,
17:08:26,74,13.7,74.7,88.4,5.93,
17:08:27,74,13.7,74.7,88.4,5.93,
17:08:28,74,13.7,74.7,88.4,5.93,
17:08:30,74,13.7,74.7,88.4,5.93,
17:08:31,74,13.7,74.7,88.4,5.93,
17:08:32,74,13.7,74.7,88.4,5.93,
17:08:33,74,13.7,74.7,88.4,5.93,
17:08:34,74,13.7,74.7,88.4,5.93,
17:08:35,74,13.7,74.7,88.4,5.93,
17:08:36,74,13.7,74.7,88.4,5.93,
17:08:37,74,13.7,74.7,88.4,5.93,
17:08:38,74,13.7,74.7,88.4,5.93,
17:08:39,74,13.7,74.7,88.4,5.93,
17:08:40,74,13.7,74.7,88.4,5.93,
17:08:41,74,13.7,74.7,88.4,5.93,
17:08:42,74,13.7,74.7,88.4,5.93,
17:08:43,74,13.7,74.7,88.4,5.93,
17:08:44,74,13.7,74.7,88.4,5.93,
17:08:45,74,13.7,74.7,88.4,5.93,
17:08:46,74,13.7,74.7,88.4,5.93,
17:08:47,74,13.7,74.7,88.4,5.93,
17:08:48,74,13.7,74.7,88.4,5.93,
17:08:49,74,13.7,74.7,88.4,5.93,
17:08:50,74,13.7,74.7,88.4,5.93,
17:08:51,74,13.7,74.7,88.4,5.93,
17:08:52,74,13.7,74.7,88.4,5.93,
17:08:53,74,13.7,74.7,88.4,5.93,
17:08:54,74,13.7,74.7,88.4,5.93,
17:08:55,74,13.7,74.7,88.4,5.93,
17:08:56,74,13.7,74.7,88.4,5.93,
17:08:58,74,13.7,74.7,88.4,5.93,
17:08:59,74,13.7,74.7,88.4,5.93,
17:09:00,74,13.7,74.7,88.4,5.93,
17:09:01,74,13.7,74.7,88.4,5.93,
17:09:02,74,13.7,74.7,88.4,5.93,
17:09:03,74,13.7,74.7,88.4,5.93,
17:09:04,75,7.8,74.8,82.6,5.92,
17:09:05,75,7.8,74.8,82.6,5.92,
17:09:06,75,7.8,74.8,82.6,5.92,
17:09:07,75,7.8,74.8,82.6,5.92,
17:09:08,75,7.8,74.8,82.6,5.92,
17:09:09,75,7.8,74.8,82.6,5.92,
17:09:10,75,7.8,74.8,82.6,5.92,
17:09:11,75,7.8,74.8,82.6,5.92,
17:09:12,75,7.8,74.8,82.6,5.92,
17:09:13,75,7.8,74.8,82.6,5.92,
17:09:14,75,7.8,74.8,82.6,5.92,
17:09:15,75,7.8,74.8,82.6,5.92,
17:09:16,75,7.8,74.8,82.6,5.92,
17:09:17,75,7.8,74.8,82.6,5.92,
17:09:18,75,7.8,74.8,82.6,5.92,
17:09:19,75,7.8,74.8,82.6,5.92,
17:09:20,75,7.8,74.8,82.6,5.92,
17:09:21,75,7.8,74.8,82.6,5.92,
17:09:22,75,7.8,74.8,82.6,5.92,
17:09:23,75,7.8,74.8,82.6,5.92,
17:09:24,75,7.8,74.8,82.6,5.92,
17:09:25,75,7.8,74.8,82.6,5.92,
17:09:27,75,7.8,74.8,82.6,5.92,
17:09:28,75,7.8,74.8,82.6,5.92,
17:09:29,75,7.8,74.8,82.6,5.92,
17:09:30,75,7.8,74.8,82.6,5.92,
17:09:31,75,7.8,74.8,82.6,5.92,
17:09:32,75,7.8,74.8,82.6,5.92,
17:09:33,75,7.8,74.8,82.6,5.92,
17:09:34,75,7.8,74.8,82.6,5.92,
17:09:35,75,7.8,74.8,82.6,5.92,
17:09:36,75,7.8,74.8,82.6,5.92,
17:09:37,75,7.8,74.8,82.6,5.92,
17:09:38,75,7.8,74.8,82.6,5.92,
17:09:39,75,7.8,74.8,82.6,5.92,
17:09:40,75,7.8,74.8,82.6,5.92,
17:09:41,75,7.8,74.8,82.6,5.92,
17:09:42,75,7.8,74.8,82.6,5.92,
17:09:43,75,7.8,74.8,82.6,5.92,
17:09:44,75,7.8,74.8,82.6,5.92,
17:09:45,75,7.8,74.8,82.6,5.92,
17:09:46,75,7.8,74.8,82.6,5.92,
17:09:47,75,7.8,74.8,82.6,5.92,
17:09:48,75,7.8,74.8,82.6,5.92,
17:09:49,75,7.8,74.8,82.6,5.92,
17:09:50,75,7.8,74.8,82.6,5.92,
17:09:51,75,7.8,74.8,82.6,5.92,
17:09:52,75,7.8,74.8,82.6,5.92,
17:09:53,75,7.8,74.8,82.6,5.92,
17:09:54,75,7.8,74.8,82.6,5.92,
17:09:55,75,7.8,74.8,82.6,5.92,
17:09:57,75,7.8,74.8,82.6,5.92,
17:09:58,76,7.1,75.0,82.1,5.92,
17:09:59,76,7.1,75.0,82.1,5.92,
17:10:00,76,7.1,75.0,82.1,5.92,
17:10:01,76,7.1,75.0,82.1,5.92,
17:10:02,76,7.1,75.0,82.1,5.92,
17:10:03,76,7.1,75.0,82.1,5.92,
17:10:04,76,7.1,75.0,82.1,5.92,
17:10:05,76,7.1,75.0,82.1,5.92,
17:10:06,76,7.1,75.0,82.1,5.92,
17:10:07,76,7.1,75.0,82.1,5.92,
17:10:08,76,7.1,75.0,82.1,5.92,
17:10:09,76,7.1,75.0,82.1,5.92,
17:10:10,76,7.1,75.0,82.1,5.92,
17:10:11,76,7.1,75.0,82.1,5.92,
17:10:12,76,7.1,75.0,82.1,5.92,
17:10:13,76,7.1,75.0,82.1,5.92,
17:10:14,76,7.1,75.0,82.1,5.92,
17:10:15,76,7.1,75.0,82.1,5.92,
17:10:16,76,7.1,75.0,82.1,5.92,
17:10:17,76,7.1,75.0,82.1,5.92,
17:10:18,76,7.1,75.0,82.1,5.92,
17:10:19,76,7.1,75.0,82.1,5.92,
17:10:20,76,7.1,75.0,82.1,5.92,
17:10:21,76,7.1,75.0,82.1,5.92,
17:10:22,76,7.1,75.0,82.1,5.92,
17:10:23,76,7.1,75.0,82.1,5.92,
17:10:25,76,7.1,75.0,82.1,5.92,
17:10:26,76,7.1,75.0,82.1,5.92,
17:10:27,76,7.1,75.0,82.1,5.92,
17:10:28,76,7.1,75.0,82.1,5.92,
17:10:29,76,7.1,75.0,82.1,5.92,
17:10:30,76,7.1,75.0,82.1,5.92,
17:10:31,76,7.1,75.0,82.1,5.92,
17:10:32,76,7.1,75.0,82.1,5.92,
17:10:33,76,7.1,75.0,82.1,5.92,
17:10:34,76,7.1,75.0,82.1,5.92,
17:10:35,76,7.1,75.0,82.1,5.92,
17:10:36,76,7.1,75.0,82.1,5.92,
17:10:37,76,7.1,75.0,82.1,5.92,
17:10:38,76,7.1,75.0,82.1,5.92,
17:10:39,76,7.1,75.0,82.1,5.92,
17:10:40,76,7.1,75.0,82.1,5.92,
17:10:41,76,7.1,75.0,82.1,5.92,
17:10:42,76,7.1,75.0,82.1,5.92,
17:10:43,76,7.1,75.0,82.1,5.92,
17:10:44,76,7.1,75.0,82.1,5.92,
17:10:45,76,7.1,75.0,82.1,5.92,
17:10:46,76,7.1,75.0,82.1,5.92,
17:10:47,76,7.1,75.0,82.1,5.92,
17:10:48,76,7.1,75.0,82.1,5.92,
17:10:49,76,7.1,75.0,82.1,5.92,
17:10:50,76,7.1,75.0,82.1,5.92,
17:10:51,77,6.9,72.1,79.0,5.67,
17:10:52,77,6.9,72.1,79.0,5.67,
17:10:53,77,6.9,72.1,79.0,5.67,
17:10:55,77,6.9,72.1,79.0,5.67,
17:10:56,77,6.9,72.1,79.0,5.67,
17:10:57,77,6.9,72.1,79.0,5.67,
17:10:58,77,6.9,72.1,79.0,5.67,
17:10:59,77,6.9,72.1,79.0,5.67,
17:11:00,77,6.9,72.1,79.0,5.67,
17:11:01,77,6.9,72.1,79.0,5.67,
17:11:02,77,6.9,72.1,79.0,5.67,
17:11:03,77,6.9,72.1,79.0,5.67,
17:11:04,77,6.9,72.1,79.0,5.67,
17:11:05,77,6.9,72.1,79.0,5.67,
17:11:06,77,6.9,72.1,79.0,5.67,
17:11:07,77,6.9,72.1,79.0,5.67,
17:11:08,77,6.9,72.1,79.0,5.67,
17:11:09,77,6.9,72.1,79.0,5.67,
17:11:10,77,6.9,72.1,79.0,5.67,
17:11:11,77,6.9,72.1,79.0,5.67,
17:11:12,77,6.9,72.1,79.0,5.67,
17:11:13,77,6.9,72.1,79.0,5.67,
17:11:14,77,6.9,72.1,79.0,5.67,
17:11:15,77,6.9,72.1,79.0,5.67,
17:11:16,77,6.9,72.1,79.0,5.67,
17:11:17,77,6.9,72.1,79.0,5.67,
17:11:18,77,6.9,72.1,79.0,5.67,
17:11:19,77,6.9,72.1,79.0,5.67,
17:11:20,77,6.9,72.1,79.0,5.67,
17:11:21,77,6.9,72.1,79.0,5.67,
17:11:22,77,6.9,72.1,79.0,5.67,
17:11:24,77,6.9,72.1,79.0,5.67,
17:11:25,77,6.9,72.1,79.0,5.67,
17:11:26,77,6.9,72.1,79.0,5.67,
17:11:27,77,6.9,72.1,79.0,5.67,
17:11:28,77,6.9,72.1,79.0,5.67,
17:11:29,77,6.9,72.1,79.0,5.67,
17:11:30,77,6.9,72.1,79.0,5.67,
17:11:31,77,6.9,72.1,79.0,5.67,
17:11:32,77,6.9,72.1,79.0,5.67,
17:11:33,77,6.9,72.1,79.0,5.67,
17:11:34,77,6.9,72.1,79.0,5.67,
17:11:35,77,6.9,72.1,79.0,5.67,
17:11:36,77,6.9,72.1,79.0,5.67,
17:11:37,77,6.9,72.1,79.0,5.67,
17:11:38,77,6.9,72.1,79.0,5.67,
17:11:39,77,6.9,72.1,79.0,5.67,
17:11:40,77,6.9,72.1,79.0,5.67,
17:11:41,77,6.9,72.1,79.0,5.67,
17:11:42,77,6.9,72.1,79.0,5.67,
17:11:43,77,6.9,72.1,79.0,5.67,
17:11:44,77,6.9,72.1,79.0,5.67,
17:11:45,77,6.9,72.1,79.0,5.67,
17:11:46,77,6.9,72.1,79.0,5.67,
17:11:47,77,6.9,72.1,79.0,5.67,
17:11:48,77,6.9,72.1,79.0,5.67,
17:11:49,77,6.9,72.1,79.0,5.67,
17:11:50,78,6.6,65.5,72.1,5.15,
17:11:51,78,6.6,65.5,72.1,5.15,
17:11:52,78,6.6,65.5,72.1,5.15,
17:11:54,78,6.6,65.5,72.1,5.15,
17:11:55,78,6.6,65.5,72.1,5.15,
17:11:56,78,6.6,65.5,72.1,5.15,
17:11:57,78,6.6,65.5,72.1,5.15,
17:11:58,78,6.6,65.5,72.1,5.15,
17:11:59,78,6.6,65.5,72.1,5.15,
17:12:00,78,6.6,65.5,72.1,5.15,
17:12:01,78,6.6,65.5,72.1,5.15,
17:12:02,78,6.6,65.5,72.1,5.15,
17:12:03,78,6.6,65.5,72.1,5.15,
17:12:04,78,6.6,65.5,72.1,5.15,
17:12:05,78,6.6,65.5,72.1,5.15,
17:12:06,78,6.6,65.5,72.1,5.15,
17:12:07,78,6.6,65.5,72.1,5.15,
17:12:08,78,6.6,65.5,72.1,5.15,
17:12:09,78,6.6,65.5,72.1,5.15,
17:12:10,78,6.6,65.5,72.1,5.15,
17:12:11,78,6.6,65.5,72.1,5.15,
17:12:12,78,6.6,65.5,72.1,5.15,
17:12:13,78,6.6,65.5,72.1,5.15,
17:12:14,78,6.6,65.5,72.1,5.15,
17:12:15,78,6.6,65.5,72.1,5.15,
17:12:16,78,6.6,65.5,72.1,5.15,
17:12:17,78,6.6,65.5,72.1,5.15,
17:12:18,78,6.6,65.5,72.1,5.15,
17:12:19,78,6.6,65.5,72.1,5.15,
17:12:20,78,6.6,65.5,72.1,5.15,
17:12:21,78,6.6,65.5,72.1,5.15,
17:12:23,78,6.6,65.5,72.1,5.15,
17:12:24,78,6.6,65.5,72.1,5.15,
17:12:25,78,6.6,65.5,72.1,5.15,
17:12:26,78,6.6,65.5,72.1,5.15,
17:12:27,78,6.6,65.5,72.1,5.15,
17:12:28,78,6.6,65.5,72.1,5.15,
17:12:29,78,6.6,65.5,72.1,5.15,
17:12:30,78,6.6,65.5,72.1,5.15,
17:12:31,78,6.6,65.5,72.1,5.15,
17:12:32,78,6.6,65.5,72.1,5.15,
17:12:33,78,6.6,65.5,72.1,5.15,
17:12:34,78,6.6,65.5,72.1,5.15,
17:12:35,78,6.6,65.5,72.1,5.15,
17:12:36,78,6.6,65.5,72.1,5.15,
17:12:37,78,6.6,65.5,72.1,5.15,
17:12:38,78,6.6,65.5,72.1,5.15,
17:12:39,78,6.6,65.5,72.1,5.15,
17:12:40,78,6.6,65.5,72.1,5.15,
17:12:41,78,6.6,65.5,72.1,5.15,
17:12:42,78,6.6,65.5,72.1,5.15,
17:12:43,78,6.6,65.5,72.1,5.15,
17:12:44,78,6.6,65.5,72.1,5.15,
17:12:45,78,6.6,65.5,72.1,5.15,
17:12:46,78,6.6,65.5,72.1,5.15,
17:12:47,78,6.6,65.5,72.1,5.15,
17:12:48,78,6.6,65.5,72.1,5.15,
17:12:49,78,6.6,60.6,67.2,4.77,
17:12:50,78,6.6,60.6,67.2,4.77,
17:12:51,78,6.6,60.6,67.2,4.77,
17:12:53,78,6.6,60.6,67.2,4.77,
17:12:54,79,6.7,60.2,67.0,4.75,
17:12:55,79,6.7,60.2,67.0,4.75,
17:12:56,79,6.7,60.2,67.0,4.75,
17:12:57,79,6.7,60.2,67.0,4.75,
17:12:58,79,6.7,60.2,67.0,4.75,
17:12:59,79,6.7,60.2,67.0,4.75,
17:13:00,79,6.7,60.2,67.0,4.75,
17:13:01,79,6.7,60.2,67.0,4.75,
17:13:02,79,6.7,60.2,67.0,4.75,
17:13:03,79,6.7,60.2,67.0,4.75,
17:13:04,79,6.7,60.2,67.0,4.75,
17:13:05,79,6.7,60.2,67.0,4.75,
17:13:06,79,6.7,60.2,67.0,4.75,
17:13:07,79,6.7,60.2,67.0,4.75,
17:13:08,79,6.7,60.2,67.0,4.75,
17:13:09,79,6.7,60.2,67.0,4.75,
17:13:10,79,6.7,60.2,67.0,4.75,
17:13:11,79,6.7,60.2,67.0,4.75,
17:13:12,79,6.7,60.2,67.0,4.75,
17:13:13,79,6.7,60.2,67.0,4.75,
17:13:14,79,6.7,60.2,67.0,4.75,
17:13:15,79,6.7,60.2,67.0,4.75,
17:13:16,79,6.7,60.2,67.0,4.75,
17:13:17,79,6.7,60.2,67.0,4.75,
17:13:18,79,6.7,60.2,67.0,4.75,
17:13:19,79,6.7,60.2,67.0,4.75,
17:13:20,79,6.7,60.2,67.0,4.75,
17:13:21,79,6.7,60.2,67.0,4.75,
17:13:23,79,6.7,60.2,67.0,4.75,
17:13:24,79,6.7,60.2,67.0,4.75,
17:13:25,79,6.7,60.2,67.0,4.75,
17:13:26,79,6.7,60.2,67.0,4.75,
17:13:27,79,6.7,60.2,67.0,4.75,
17:13:28,79,6.7,60.2,67.0,4.75,
17:13:29,79,6.7,60.2,67.0,4.75,
17:13:30,79,6.7,60.2,67.0,4.75,
17:13:31,79,6.7,60.2,67.0,4.75,
17:13:32,79,6.7,60.2,67.0,4.75,
17:13:33,79,6.7,60.2,67.0,4.75,
17:13:34,79,6.7,60.2,67.0,4.75,
17:13:35,79,6.7,60.2,67.0,4.75,
17:13:36,79,6.7,60.2,67.0,4.75,
17:13:37,79,6.7,60.2,67.0,4.75,
17:13:38,79,6.7,60.2,67.0,4.75,
17:13:39,79,6.7,60.2,67.0,4.75,
17:13:40,79,6.7,60.2,67.0,4.75,
17:13:41,79,6.7,60.2,67.0,4.75,
17:13:42,79,6.7,60.2,67.0,4.75,
17:13:43,79,6.7,60.2,67.0,4.75,
17:13:44,79,6.7,60.2,67.0,4.75,
17:13:45,79,6.7,60.2,67.0,4.75,
17:13:46,79,6.7,60.2,67.0,4.75,
17:13:47,79,6.7,60.2,67.0,4.75,
17:13:48,79,6.7,60.2,67.0,4.75,
17:13:49,79,6.7,60.2,67.0,4.75,
17:13:50,79,6.7,60.2,67.0,4.75,
17:13:51,79,6.7,60.2,67.0,4.75,
17:13:53,79,6.7,60.2,67.0,4.75,
17:13:54,79,6.3,54.1,60.5,4.26,
17:13:55,79,6.3,54.1,60.5,4.26,
17:13:56,79,6.3,54.1,60.5,4.26,
17:13:57,79,6.3,54.1,60.5,4.26,
17:13:58,79,6.3,54.1,60.5,4.26,
17:13:59,79,6.3,54.1,60.5,4.26,
17:14:00,79,6.3,54.1,60.5,4.26,
17:14:01,79,6.3,54.1,60.5,4.26,
17:14:02,79,6.3,54.1,60.5,4.26,
17:14:03,79,6.3,54.1,60.5,4.26,
17:14:04,79,6.3,54.1,60.5,4.26,
17:14:05,79,6.3,54.1,60.5,4.26,
17:14:06,80,6.5,53.3,59.8,4.19,
17:14:07,80,6.5,53.3,59.8,4.19,
17:14:08,80,6.5,53.3,59.8,4.19,
17:14:09,80,6.5,53.3,59.8,4.19,
17:14:10,80,6.5,53.3,59.8,4.19,
17:14:11,80,6.5,53.3,59.8,4.19,
17:14:12,80,6.5,53.3,59.8,4.19,
17:14:13,80,6.5,53.3,59.8,4.19,
17:14:14,80,6.5,53.3,59.8,4.19,
17:14:15,80,6.5,53.3,59.8,4.19,
17:14:16,80,6.5,53.3,59.8,4.19,
17:14:17,80,6.5,53.3,59.8,4.19,
17:14:18,80,6.5,53.3,59.8,4.19,
17:14:19,80,6.5,53.3,59.8,4.19,
17:14:20,80,6.5,53.3,59.8,4.19,
17:14:22,80,6.5,53.3,59.8,4.19,
17:14:23,80,6.5,53.3,59.8,4.19,
17:14:24,80,6.5,53.3,59.8,4.19,
17:14:25,80,6.5,53.3,59.8,4.19,
17:14:26,80,6.5,53.3,59.8,4.19,
17:14:27,80,6.5,53.3,59.8,4.19,
17:14:28,80,6.5,53.3,59.8,4.19,
17:14:29,80,6.5,53.3,59.8,4.19,
17:14:30,80,6.5,53.3,59.8,4.19,
17:14:31,80,6.5,53.3,59.8,4.19,
17:14:32,80,6.5,53.3,59.8,4.19,
17:14:33,80,6.5,53.3,59.8,4.19,
17:14:34,80,6.5,53.3,59.8,4.19,
17:14:35,80,6.5,53.3,59.8,4.19,
17:14:36,80,6.5,53.3,59.8,4.19,
17:14:37,80,6.5,53.3,59.8,4.19,
17:14:38,80,6.5,53.3,59.8,4.19,
17:14:39,80,6.5,53.3,59.8,4.19,
17:14:40,80,6.5,53.3,59.8,4.19,
17:14:41,80,6.5,53.3,59.8,4.19,
17:14:42,80,6.5,53.3,59.8,4.19,
17:14:43,80,6.5,53.3,59.8,4.19,
17:14:44,80,6.5,53.3,59.8,4.19,
17:14:45,80,6.5,53.3,59.8,4.19,
17:14:46,80,6.5,53.3,59.8,4.19,
17:14:47,80,6.5,53.3,59.8,4.19,
17:14:48,80,6.5,53.3,59.8,4.19,
17:14:49,80,6.5,53.3,59.8,4.19,
17:14:50,80,6.5,53.3,59.8,4.19,
17:14:52,80,6.5,53.3,59.8,4.19,
17:14:53,80,6.5,53.3,59.8,4.19,
17:14:54,80,6.5,53.3,59.8,4.19,
17:14:55,80,6.5,53.3,59.8,4.19,
17:14:56,80,6.5,53.3,59.8,4.19,
17:14:57,80,6.5,53.3,59.8,4.19,
17:14:58,80,6.5,53.3,59.8,4.19,
17:14:59,80,6.5,53.3,59.8,4.19,
17:15:00,80,6.5,53.3,59.8,4.19,
17:15:01,80,6.5,53.3,59.8,4.19,
17:15:02,80,6.5,53.3,59.8,4.19,
17:15:03,80,6.5,53.3,59.8,4.19,
17:15:04,80,6.5,53.3,59.8,4.19,
17:15:05,80,3.2,0.0,3.2,0.00,
17:15:06,80,3.2,0.0,3.2,0.00,
17:15:07,80,3.2,0.0,3.2,0.00,
17:15:08,80,3.2,0.0,3.2,0.00,
17:15:09,80,3.2,0.0,3.2,0.00,
17:15:10,80,3.2,0.0,3.2,0.00,
17:15:11,80,3.2,0.0,3.2,0.00,
17:15:12,80,3.2,0.0,3.2,0.00,
17:15:13,80,3.2,0.0,3.2,0.00,
17:15:14,80,3.2,0.0,3.2,0.00,
17:15:15,80,3.2,0.0,3.2,0.00,
17:15:16,80,3.2,0.0,3.2,0.00,
17:15:17,80,3.2,0.0,3.2,0.00,
17:15:18,80,3.2,0.0,3.2,0.00,
17:15:19,80,3.2,0.0,3.2,0.00,
17:15:21,80,3.2,0.0,3.2,0.00,
17:15:22,80,3.2,0.0,3.2,0.00,
17:15:23,80,3.2,0.0,3.2,0.00,
17:15:24,80,3.2,0.0,3.2,0.00,
17:15:25,80,3.2,0.0,3.2,0.00,
17:15:26,80,3.2,0.0,3.2,0.00,
17:15:27,80,3.2,0.0,3.2,0.00,
17:15:28,80,3.2,0.0,3.2,0.00,
17:15:29,80,3.2,0.0,3.2,0.00,
17:15:30,80,3.2,0.0,3.2,0.00,
17:15:31,80,3.2,0.0,3.2,0.00,
17:15:32,80,3.2,0.0,3.2,0.00,
17:15:33,80,3.2,0.0,3.2,0.00,
17:15:34,80,3.2,0.0,3.2,0.00,
17:15:35,80,3.2,0.0,3.2,0.00,
17:15:36,80,3.2,0.0,3.2,0.00,
17:15:37,80,3.2,0.0,3.2,0.00,
17:15:38,80,3.2,0.0,3.2,0.00,
17:15:39,80,3.2,0.0,3.2,0.00,
17:15:40,80,3.2,0.0,3.2,0.00,
17:15:41,80,3.2,0.0,3.2,0.00,
17:15:42,80,3.2,0.0,3.2,0.00,
17:15:43,80,3.2,0.0,3.2,0.00,
17:15:44,80,3.2,0.0,3.2,0.00,
17:15:45,80,3.2,0.0,3.2,0.00,
17:15:46,80,3.2,0.0,3.2,0.00,
17:15:47,80,3.2,0.0,3.2,0.00,
17:15:48,80,3.2,0.0,3.2,0.00,
17:15:50,80,3.2,0.0,3.2,0.00,
17:15:51,80,3.2,0.0,3.2,0.00,
17:15:52,80,3.2,0.0,3.2,0.00,
17:15:53,80,3.2,0.0,3.2,0.00,
17:15:54,80,3.2,0.0,3.2,0.00,
17:15:55,80,3.2,0.0,3.2,0.00,
17:15:56,80,3.2,0.0,3.2,0.00,
17:15:57,80,3.2,0.0,3.2,0.00,
17:15:58,80,3.2,0.0,3.2,0.00,
17:15:59,80,3.2,0.0,3.2,0.00,
17:16:00,80,3.2,0.0,3.2,0.00,
17:16:01,80,3.2,0.0,3.2,0.00,
17:16:02,80,3.2,0.0,3.2,0.00,
17:16:03,80,3.2,0.0,3.2,0.00,
17:16:04,80,3.2,0.0,3.2,0.00,
17:16:05,80,3.3,0.0,3.3,0.00,
17:16:06,80,3.3,0.0,3.3,0.00,
17:16:07,80,3.3,0.0,3.3,0.00,
17:16:08,80,3.3,0.0,3.3,0.00,
17:16:09,80,3.3,0.0,3.3,0.00,
17:16:10,80,3.3,0.0,3.3,0.00,
17:16:11,80,3.3,0.0,3.3,0.00,
17:16:12,80,3.3,0.0,3.3,0.00,
17:16:13,80,3.3,0.0,3.3,0.00,
17:16:14,80,3.3,0.0,3.3,0.00,
17:16:15,80,3.3,0.0,3.3,0.00,
17:16:16,80,3.3,0.0,3.3,0.00,
17:16:17,80,3.3,0.0,3.3,0.00,
17:16:18,80,3.3,0.0,3.3,0.00,
17:16:20,80,3.3,0.0,3.3,0.00,
17:16:21,80,3.3,0.0,3.3,0.00,
17:16:22,80,3.3,0.0,3.3,0.00,
17:16:23,80,3.3,0.0,3.3,0.00,
17:16:24,80,3.3,0.0,3.3,0.00,
17:16:25,80,3.3,0.0,3.3,0.00,
17:16:26,80,3.3,0.0,3.3,0.00,
17:16:27,80,3.3,0.0,3.3,0.00,
17:16:28,80,3.3,0.0,3.3,0.00,
17:16:29,80,3.3,0.0,3.3,0.00,
17:16:30,80,3.3,0.0,3.3,0.00,
17:16:31,80,3.3,0.0,3.3,0.00,
17:16:32,80,3.3,0.0,3.3,0.00,
17:16:33,80,3.3,0.0,3.3,0.00,
17:16:34,80,3.3,0.0,3.3,0.00,
17:16:35,80,3.3,0.0,3.3,0.00,
17:16:36,80,3.3,0.0,3.3,0.00,
17:16:37,80,3.3,0.0,3.3,0.00,
17:16:38,80,3.3,0.0,3.3,0.00,
17:16:39,80,3.3,0.0,3.3,0.00,
17:16:40,80,3.3,0.0,3.3,0.00,
17:16:41,80,3.3,0.0,3.3,0.00,
17:16:42,80,3.3,0.0,3.3,0.00,
17:16:43,80,3.3,0.0,3.3,0.00,
17:16:44,80,3.3,0.0,3.3,0.00,
17:16:45,80,3.3,0.0,3.3,0.00,
17:16:46,80,3.3,0.0,3.3,0.00,
17:16:47,80,3.3,0.0,3.3,0.00,
17:16:49,80,3.3,0.0,3.3,0.00,
17:16:50,80,3.3,0.0,3.3,0.00,
17:16:51,80,3.3,0.0,3.3,0.00,
17:16:52,80,3.3,0.0,3.3,0.00,
17:16:53,80,3.3,0.0,3.3,0.00,
17:16:54,80,3.3,0.0,3.3,0.00,
17:16:55,80,3.3,0.0,3.3,0.00,
17:16:56,80,3.3,0.0,3.3,0.00,
17:16:57,80,3.3,0.0,3.3,0.00,
17:16:58,80,3.3,0.0,3.3,0.00,
17:16:59,80,3.3,0.0,3.3,0.00,
17:17:00,80,3.3,0.0,3.3,0.00,
17:17:01,80,3.3,0.0,3.3,0.00,
17:17:02,80,3.3,0.0,3.3,0.00,
17:17:03,80,3.3,0.0,3.3,0.00,
17:17:04,80,3.3,0.0,3.3,0.00,
17:17:05,80,3.3,0.0,3.3,0.00,
17:17:06,80,3.3,0.0,3.3,0.00,
17:17:07,80,3.3,0.0,3.3,0.00,
17:17:08,80,3.3,0.0,3.3,0.00,
17:17:09,80,3.3,0.0,3.3,0.00,
17:17:10,80,3.3,0.0,3.3,0.00,
17:17:11,80,3.3,0.0,3.3,0.00,
17:17:12,80,3.3,0.0,3.3,0.00,
17:17:13,80,3.3,0.0,3.3,0.00,
17:17:14,80,3.3,0.0,3.3,0.00,
17:17:15,80,3.3,0.0,3.3,0.00,
17:17:16,80,3.3,0.0,3.3,0.00,
17:17:17,80,3.3,0.0,3.3,0.00,
17:17:19,80,3.3,0.0,3.3,0.00,
17:17:20,80,3.3,0.0,3.3,0.00,
17:17:21,80,3.3,0.0,3.3,0.00,
17:17:22,80,3.3,0.0,3.3,0.00,
17:17:23,80,3.3,0.0,3.3,0.00,
17:17:24,80,3.3,0.0,3.3,0.00,
17:17:25,80,3.3,0.0,3.3,0.00,
17:17:26,80,3.3,0.0,3.3,0.00,
17:17:27,80,3.3,0.0,3.3,0.00,
17:17:28,80,3.3,0.0,3.3,0.00,
17:17:29,80,3.3,0.0,3.3,0.00,
17:17:30,80,3.3,0.0,3.3,0.00,
17:17:31,80,3.3,0.0,3.3,0.00,
17:17:32,80,3.3,0.0,3.3,0.00,
17:17:33,80,3.3,0.0,3.3,0.00,
17:17:34,80,3.3,0.0,3.3,0.00,
17:17:35,80,3.3,0.0,3.3,0.00,
17:17:36,80,3.3,0.0,3.3,0.00,
17:17:37,80,3.3,0.0,3.3,0.00,
17:17:38,80,3.3,0.0,3.3,0.00,
17:17:39,80,3.3,0.0,3.3,0.00,
17:17:40,80,3.3,0.0,3.3,0.00,
17:17:41,80,3.3,0.0,3.3,0.00,
17:17:42,80,3.3,0.0,3.3,0.00,
17:17:43,80,3.3,0.0,3.3,0.00,
17:17:44,80,3.3,0.0,3.3,0.00,
17:17:45,80,3.3,0.0,3.3,0.00,
17:17:46,80,3.3,0.0,3.3,0.00,
17:17:48,80,3.3,0.0,3.3,0.00,
17:17:49,80,3.3,0.0,3.3,0.00,
17:17:50,80,3.3,0.0,3.3,0.00,
17:17:51,80,3.3,0.0,3.3,0.00,
17:17:52,80,3.3,0.0,3.3,0.00,
17:17:53,80,3.3,0.0,3.3,0.00,
17:17:54,80,3.3,0.0,3.3,0.00,
17:17:55,80,3.3,0.0,3.3,0.00,
17:17:56,80,3.3,0.0,3.3,0.00,
17:17:57,80,3.3,0.0,3.3,0.00,
17:17:58,80,3.3,0.0,3.3,0.00,
17:17:59,80,3.3,0.0,3.3,0.00,
17:18:00,80,3.3,0.0,3.3,0.00,
17:18:01,80,3.3,0.0,3.3,0.00,
17:18:02,80,3.3,0.0,3.3,0.00,
17:18:03,80,3.3,0.0,3.3,0.00,
17:18:04,80,3.3,0.0,3.3,0.00,
17:18:05,80,3.2,0.0,3.2,0.00,
17:18:06,80,3.2,0.0,3.2,0.00,
17:18:07,80,3.2,0.0,3.2,0.00,
17:18:08,80,3.2,0.0,3.2,0.00,
17:18:09,80,3.2,0.0,3.2,0.00,
17:18:10,80,3.2,0.0,3.2,0.00,
17:18:11,80,3.2,0.0,3.2,0.00,
17:18:12,80,3.2,0.0,3.2,0.00,
17:18:13,80,3.2,0.0,3.2,0.00,
17:18:14,80,3.2,0.0,3.2,0.00,
17:18:15,80,3.2,0.0,3.2,0.00,
17:18:17,80,3.2,0.0,3.2,0.00,
17:18:18,80,3.2,0.0,3.2,0.00,
17:18:19,80,3.2,0.0,3.2,0.00,
17:18:20,80,3.2,0.0,3.2,0.00,
17:18:21,80,3.2,0.0,3.2,0.00,
17:18:22,80,3.2,0.0,3.2,0.00,
17:18:23,80,3.2,0.0,3.2,0.00,
17:18:24,80,3.2,0.0,3.2,0.00,
17:18:25,80,3.2,0.0,3.2,0.00,
17:18:26,80,3.2,0.0,3.2,0.00,
17:18:27,80,3.2,0.0,3.2,0.00,
17:18:28,80,3.2,0.0,3.2,0.00,
17:18:29,80,3.2,0.0,3.2,0.00,
17:18:30,80,3.2,0.0,3.2,0.00,
17:18:31,80,3.2,0.0,3.2,0.00,
17:18:32,80,3.2,0.0,3.2,0.00,
17:18:33,80,3.2,0.0,3.2,0.00,
17:18:34,80,3.2,0.0,3.2,0.00,
17:18:35,80,3.2,0.0,3.2,0.00,
17:18:36,80,3.2,0.0,3.2,0.00,
17:18:37,80,3.2,0.0,3.2,0.00,
17:18:38,80,3.2,0.0,3.2,0.00,
17:18:39,80,3.2,0.0,3.2,0.00,
17:18:40,80,3.2,0.0,3.2,0.00,
17:18:41,80,3.2,0.0,3.2,0.00,
17:18:42,80,3.2,0.0,3.2,0.00,
17:18:43,80,3.2,0.0,3.2,0.00,
17:18:44,80,3.2,0.0,3.2,0.00,
17:18:46,80,3.2,0.0,3.2,0.00,
17:18:47,80,3.2,0.0,3.2,0.00,
17:18:48,80,3.2,0.0,3.2,0.00,
17:18:49,80,3.2,0.0,3.2,0.00,
17:18:50,80,3.2,0.0,3.2,0.00,
17:18:51,80,3.2,0.0,3.2,0.00,
17:18:52,80,3.2,0.0,3.2,0.00,
17:18:53,80,3.2,0.0,3.2,0.00,
17:18:54,80,3.2,0.0,3.2,0.00,
17:18:55,80,3.2,0.0,3.2,0.00,
17:18:56,80,3.2,0.0,3.2,0.00,
17:18:57,80,3.2,0.0,3.2,0.00,
17:18:58,80,3.2,0.0,3.2,0.00,
17:18:59,80,3.2,0.0,3.2,0.00,
17:19:00,80,3.2,0.0,3.2,0.00,
17:19:01,80,3.2,0.0,3.2,0.00,
17:19:02,80,3.2,0.0,3.2,0.00,
17:19:03,80,3.2,0.0,3.2,0.00,
17:19:04,80,3.2,0.0,3.2,0.00,
17:19:05,80,3.3,0.0,3.3,0.00,
17:19:06,80,3.3,0.0,3.3,0.00,
17:19:07,80,3.3,0.0,3.3,0.00,
17:19:08,80,3.3,0.0,3.3,0.00,
17:19:09,80,3.3,0.0,3.3,0.00,
17:19:10,80,3.3,0.0,3.3,0.00,
17:19:11,80,3.3,0.0,3.3,0.00,
17:19:12,80,3.3,0.0,3.3,0.00,
17:19:13,80,3.3,0.0,3.3,0.00,
17:19:15,80,3.3,0.0,3.3,0.00,
17:19:16,80,3.3,0.0,3.3,0.00,
17:19:17,80,3.3,0.0,3.3,0.00,
17:19:18,80,3.3,0.0,3.3,0.00,
17:19:19,80,3.3,0.0,3.3,0.00,
17:19:20,80,3.3,0.0,3.3,0.00,
17:19:21,80,3.3,0.0,3.3,0.00,
17:19:22,80,3.3,0.0,3.3,0.00,
17:19:23,80,3.3,0.0,3.3,0.00,
17:19:24,80,3.3,0.0,3.3,0.00,
17:19:25,80,3.3,0.0,3.3,0.00,
17:19:26,80,3.3,0.0,3.3,0.00,
17:19:27,80,3.3,0.0,3.3,0.00,
17:19:28,80,3.3,0.0,3.3,0.00,
17:19:29,80,3.3,0.0,3.3,0.00,
17:19:30,80,3.3,0.0,3.3,0.00,
17:19:31,80,3.3,0.0,3.3,0.00,
17:19:32,80,3.3,0.0,3.3,0.00,
17:19:33,80,3.3,0.0,3.3,0.00,
17:19:34,80,3.3,0.0,3.3,0.00,
17:19:35,80,3.3,0.0,3.3,0.00,
17:19:36,80,3.3,0.0,3.3,0.00,
17:19:37,80,3.3,0.0,3.3,0.00,
17:19:38,80,3.3,0.0,3.3,0.00,
17:19:39,80,3.3,0.0,3.3,0.00,
17:19:40,80,3.3,0.0,3.3,0.00,
17:19:41,80,3.3,0.0,3.3,0.00,
17:19:42,80,3.3,0.0,3.3,0.00,
17:19:43,80,3.3,0.0,3.3,0.00,
17:19:45,80,3.3,0.0,3.3,0.00,
17:19:46,80,3.3,0.0,3.3,0.00,
17:19:47,80,3.3,0.0,3.3,0.00,
17:19:48,80,3.3,0.0,3.3,0.00,
17:19:49,80,3.3,0.0,3.3,0.00,
17:19:50,80,3.3,0.0,3.3,0.00,
17:19:51,80,3.3,0.0,3.3,0.00,
17:19:52,80,3.3,0.0,3.3,0.00,
17:19:53,80,3.3,0.0,3.3,0.00,
17:19:54,80,3.3,0.0,3.3,0.00,
17:19:55,80,3.3,0.0,3.3,0.00,
17:19:56,80,3.3,0.0,3.3,0.00,
17:19:57,80,3.3,0.0,3.3,0.00,
17:19:58,80,3.3,0.0,3.3,0.00,
17:19:59,80,3.3,0.0,3.3,0.00,
17:20:00,80,3.3,0.0,3.3,0.00,
17:20:01,80,3.3,0.0,3.3,0.00,
17:20:02,80,3.3,0.0,3.3,0.00,
17:20:03,80,3.3,0.0,3.3,0.00,
17:20:04,80,3.3,0.0,3.3,0.00,
17:20:05,80,3.3,0.0,3.3,0.00,
17:20:06,80,3.3,0.0,3.3,0.00,
17:20:07,80,3.3,0.0,3.3,0.00,
17:20:08,80,3.3,0.0,3.3,0.00,
17:20:09,80,3.3,0.0,3.3,0.00,
17:20:10,80,3.3,0.0,3.3,0.00,
17:20:11,80,3.3,0.0,3.3,0.00,
17:20:12,80,3.3,0.0,3.3,0.00,
17:20:13,80,3.3,0.0,3.3,0.00,
17:20:15,80,3.3,0.0,3.3,0.00,
17:20:16,80,3.3,0.0,3.3,0.00,
17:20:17,80,3.3,0.0,3.3,0.00,
17:20:18,80,3.3,0.0,3.3,0.00,
17:20:19,80,3.3,0.0,3.3,0.00,
17:20:20,80,3.3,0.0,3.3,0.00,
17:20:21,80,3.3,0.0,3.3,0.00,
17:20:22,80,3.3,0.0,3.3,0.00,
17:20:23,80,3.3,0.0,3.3,0.00,
17:20:24,80,3.3,0.0,3.3,0.00,
17:20:25,80,3.3,0.0,3.3,0.00,
17:20:26,80,3.3,0.0,3.3,0.00,
17:20:27,80,3.3,0.0,3.3,0.00,
17:20:28,80,3.3,0.0,3.3,0.00,
17:20:29,80,3.3,0.0,3.3,0.00,
17:20:30,80,3.3,0.0,3.3,0.00,
17:20:31,80,3.3,0.0,3.3,0.00,
17:20:32,80,3.3,0.0,3.3,0.00,
17:20:33,80,3.3,0.0,3.3,0.00,
17:20:34,80,3.3,0.0,3.3,0.00,
17:20:35,80,3.3,0.0,3.3,0.00,
17:20:36,80,3.3,0.0,3.3,0.00,
17:20:37,80,3.3,0.0,3.3,0.00,
17:20:38,80,3.3,0.0,3.3,0.00,
17:20:39,80,3.3,0.0,3.3,0.00,
17:20:40,80,3.3,0.0,3.3,0.00,
17:20:41,80,3.3,0.0,3.3,0.00,
17:20:42,80,3.3,0.0,3.3,0.00,
17:20:44,80,3.3,0.0,3.3,0.00,
17:20:45,80,3.3,0.0,3.3,0.00,
17:20:46,80,3.3,0.0,3.3,0.00,
17:20:47,80,3.3,0.0,3.3,0.00,
17:20:48,80,3.3,0.0,3.3,0.00,
17:20:49,80,3.3,0.0,3.3,0.00,
17:20:50,80,3.3,0.0,3.3,0.00,
17:20:51,80,3.3,0.0,3.3,0.00,
17:20:52,80,3.3,0.0,3.3,0.00,
17:20:53,80,3.3,0.0,3.3,0.00,
17:20:54,80,3.3,0.0,3.3,0.00,
17:20:55,80,3.3,0.0,3.3,0.00,
17:20:56,80,3.3,0.0,3.3,0.00,
17:20:57,80,3.3,0.0,3.3,0.00,
17:20:58,80,3.3,0.0,3.3,0.00,
17:20:59,80,3.3,0.0,3.3,0.00,
17:21:00,80,3.3,0.0,3.3,0.00,
17:21:01,80,3.3,0.0,3.3,0.00,
17:21:02,80,3.3,0.0,3.3,0.00,
17:21:03,80,3.3,0.0,3.3,0.00,
17:21:04,80,3.3,0.0,3.3,0.00,
17:21:05,80,3.3,0.0,3.3,0.00,
17:21:06,80,3.3,0.0,3.3,0.00,
17:21:07,80,3.3,0.0,3.3,0.00,
17:21:08,80,3.3,0.0,3.3,0.00,
17:21:09,80,3.3,0.0,3.3,0.00,
17:21:10,80,3.3,0.0,3.3,0.00,
17:21:11,80,3.3,0.0,3.3,0.00,
17:21:13,80,3.3,0.0,3.3,0.00,
17:21:14,80,3.3,0.0,3.3,0.00,
17:21:15,80,3.3,0.0,3.3,0.00,
17:21:16,80,3.3,0.0,3.3,0.00,
17:21:17,80,3.3,0.0,3.3,0.00,
17:21:18,80,3.3,0.0,3.3,0.00,
17:21:19,80,3.3,0.0,3.3,0.00,
17:21:20,80,3.3,0.0,3.3,0.00,
17:21:21,80,3.3,0.0,3.3,0.00,
17:21:22,80,3.3,0.0,3.3,0.00,
17:21:23,80,3.3,0.0,3.3,0.00,
17:21:24,80,3.3,0.0,3.3,0.00,
17:21:25,80,3.3,0.0,3.3,0.00,
17:21:26,80,3.3,0.0,3.3,0.00,
17:21:27,80,3.3,0.0,3.3,0.00,
17:21:28,80,3.3,0.0,3.3,0.00,
17:21:29,80,3.3,0.0,3.3,0.00,
17:21:30,80,3.3,0.0,3.3,0.00,
17:21:31,80,3.3,0.0,3.3,0.00,
17:21:32,80,3.3,0.0,3.3,0.00,
17:21:33,80,3.3,0.0,3.3,0.00,
17:21:34,80,3.3,0.0,3.3,0.00,
17:21:35,80,3.3,0.0,3.3,0.00,
17:21:36,80,3.3,0.0,3.3,0.00,
17:21:37,80,3.3,0.0,3.3,0.00,
17:21:38,80,3.3,0.0,3.3,0.00,
17:21:39,80,3.3,0.0,3.3,0.00,
17:21:40,80,3.3,0.0,3.3,0.00,
17:21:42,80,3.3,0.0,3.3,0.00,
17:21:43,80,3.3,0.0,3.3,0.00,
17:21:44,80,3.3,0.0,3.3,0.00,
17:21:45,80,3.3,0.0,3.3,0.00,
17:21:46,80,3.3,0.0,3.3,0.00,
17:21:47,80,3.3,0.0,3.3,0.00,
17:21:48,80,3.3,0.0,3.3,0.00,
17:21:49,80,3.3,0.0,3.3,0.00,
17:21:50,80,3.3,0.0,3.3,0.00,
17:21:51,80,3.3,0.0,3.3,0.00,
17:21:52,80,3.3,0.0,3.3,0.00,
17:21:53,80,3.3,0.0,3.3,0.00,
17:21:54,80,3.3,0.0,3.3,0.00,
17:21:55,80,3.3,0.0,3.3,0.00,
17:21:56,80,3.3,0.0,3.3,0.00,
17:21:57,80,3.3,0.0,3.3,0.00,
17:21:58,80,3.3,0.0,3.3,0.00,
17:21:59,80,3.3,0.0,3.3,0.00,
17:22:00,80,3.3,0.0,3.3,0.00,
17:22:01,80,3.3,0.0,3.3,0.00,
17:22:02,80,3.3,0.0,3.3,0.00,
17:22:03,80,3.3,0.0,3.3,0.00,
17:22:04,80,3.3,0.0,3.3,0.00,
17:22:05,80,3.1,0.0,3.1,0.00,
17:22:06,80,3.1,0.0,3.1,0.00,
17:22:07,80,3.1,0.0,3.1,0.00,
17:22:08,80,3.1,0.0,3.1,0.00,
17:22:09,80,3.1,0.0,3.1,0.00,
17:22:10,80,3.1,0.0,3.1,0.00,
17:22:12,80,3.1,0.0,3.1,0.00,
17:22:13,80,3.1,0.0,3.1,0.00,
17:22:14,80,3.1,0.0,3.1,0.00,
17:22:15,80,3.1,0.0,3.1,0.00,
17:22:16,80,3.1,0.0,3.1,0.00,
17:22:17,80,3.1,0.0,3.1,0.00,
17:22:18,80,3.1,0.0,3.1,0.00,
17:22:19,80,3.1,0.0,3.1,0.00,
17:22:20,80,3.1,0.0,3.1,0.00,
17:22:21,80,3.1,0.0,3.1,0.00,
17:22:22,80,3.1,0.0,3.1,0.00,
17:22:23,80,3.1,0.0,3.1,0.00,
17:22:24,80,3.1,0.0,3.1,0.00,
17:22:25,80,3.1,0.0,3.1,0.00,
17:22:26,80,3.1,0.0,3.1,0.00,
17:22:27,80,3.1,0.0,3.1,0.00,
17:22:28,80,3.1,0.0,3.1,0.00,
17:22:29,80,3.1,0.0,3.1,0.00,
17:22:30,80,3.1,0.0,3.1,0.00,
17:22:31,80,3.1,0.0,3.1,0.00,
17:22:32,80,3.1,0.0,3.1,0.00,
17:22:33,80,3.1,0.0,3.1,0.00,
17:22:34,80,3.1,0.0,3.1,0.00,
17:22:35,80,3.1,0.0,3.1,0.00,
17:22:36,80,3.1,0.0,3.1,0.00,
17:22:37,80,3.1,0.0,3.1,0.00,
17:22:38,80,3.1,0.0,3.1,0.00,
17:22:39,80,3.1,0.0,3.1,0.00,
17:22:40,80,3.1,0.0,3.1,0.00,
17:22:42,80,3.1,0.0,3.1,0.00,
17:22:43,80,3.1,0.0,3.1,0.00,
17:22:44,80,3.1,0.0,3.1,0.00,
17:22:45,80,3.1,0.0,3.1,0.00,
17:22:46,80,3.1,0.0,3.1,0.00,
17:22:47,80,3.1,0.0,3.1,0.00,
17:22:48,80,3.1,0.0,3.1,0.00,
17:22:49,80,3.1,0.0,3.1,0.00,
17:22:50,80,3.1,0.0,3.1,0.00,
17:22:51,80,3.1,0.0,3.1,0.00,
17:22:52,80,3.1,0.0,3.1,0.00,
17:22:53,80,3.1,0.0,3.1,0.00,
17:22:54,80,3.1,0.0,3.1,0.00,
17:22:55,80,3.1,0.0,3.1,0.00,
17:22:56,80,3.1,0.0,3.1,0.00,
17:22:57,80,3.1,0.0,3.1,0.00,
17:22:58,80,3.1,0.0,3.1,0.00,
17:22:59,80,3.1,0.0,3.1,0.00,
17:23:00,80,3.1,0.0,3.1,0.00,
17:23:01,80,3.1,0.0,3.1,0.00,
17:23:02,80,3.1,0.0,3.1,0.00,
17:23:03,80,3.1,0.0,3.1,0.00,
17:23:04,80,3.1,0.0,3.1,0.00,
17:23:05,80,3.3,0.0,3.3,0.00,
17:23:06,80,3.3,0.0,3.3,0.00,
17:23:07,80,3.3,0.0,3.3,0.00,
17:23:08,80,3.3,0.0,3.3,0.00,
17:23:09,80,3.3,0.0,3.3,0.00,
17:23:10,80,3.3,0.0,3.3,0.00,
17:23:12,80,3.3,0.0,3.3,0.00,
17:23:13,80,3.3,0.0,3.3,0.00,
17:23:14,80,3.3,0.0,3.3,0.00,
17:23:15,80,3.3,0.0,3.3,0.00,
17:23:16,80,3.3,0.0,3.3,0.00,
17:23:17,80,3.3,0.0,3.3,0.00,
17:23:18,80,3.3,0.0,3.3,0.00,
17:23:19,80,3.3,0.0,3.3,0.00,
17:23:20,80,3.3,0.0,3.3,0.00,
17:23:21,80,3.3,0.0,3.3,0.00,
17:23:22,80,3.3,0.0,3.3,0.00,
17:23:23,80,3.3,0.0,3.3,0.00,
17:23:24,80,3.3,0.0,3.3,0.00,
17:23:25,80,3.3,0.0,3.3,0.00,
17:23:26,80,3.3,0.0,3.3,0.00,
17:23:27,80,3.3,0.0,3.3,0.00,
17:23:28,80,3.3,0.0,3.3,0.00,
17:23:29,80,3.3,0.0,3.3,0.00,
17:23:30,80,3.3,0.0,3.3,0.00,
17:23:31,80,3.3,0.0,3.3,0.00,
17:23:32,80,3.3,0.0,3.3,0.00,
17:23:33,80,3.3,0.0,3.3,0.00,
17:23:34,80,3.3,0.0,3.3,0.00,
17:23:35,80,3.3,0.0,3.3,0.00,
17:23:36,80,3.3,0.0,3.3,0.00,
17:23:37,80,3.3,0.0,3.3,0.00,
17:23:38,80,3.3,0.0,3.3,0.00,
17:23:39,80,3.3,0.0,3.3,0.00,
17:23:41,80,3.3,0.0,3.3,0.00,
17:23:42,80,3.3,0.0,3.3,0.00,
17:23:43,80,3.3,0.0,3.3,0.00,
17:23:44,80,3.3,0.0,3.3,0.00,
17:23:45,80,3.3,0.0,3.3,0.00,
17:23:46,80,3.3,0.0,3.3,0.00,
17:23:47,80,3.3,0.0,3.3,0.00,
17:23:48,80,3.3,0.0,3.3,0.00,
17:23:49,80,3.3,0.0,3.3,0.00,
17:23:50,80,3.3,0.0,3.3,0.00,
17:23:51,80,3.3,0.0,3.3,0.00,
17:23:52,80,3.3,0.0,3.3,0.00,
17:23:53,80,3.3,0.0,3.3,0.00,
17:23:54,80,3.3,0.0,3.3,0.00,
17:23:55,80,3.3,0.0,3.3,0.00,
17:23:56,80,3.3,0.0,3.3,0.00,
17:23:57,80,3.3,0.0,3.3,0.00,
17:23:58,80,3.3,0.0,3.3,0.00,
17:23:59,80,3.3,0.0,3.3,0.00,
17:24:00,80,3.3,0.0,3.3,0.00,
17:24:01,80,3.3,0.0,3.3,0.00,
17:24:02,80,3.3,0.0,3.3,0.00,
17:24:03,80,3.3,0.0,3.3,0.00,
17:24:04,80,3.3,0.0,3.3,0.00,
17:24:05,80,3.2,0.0,3.2,0.00,
17:24:06,80,3.2,0.0,3.2,0.00,
17:24:07,80,3.2,0.0,3.2,0.00,
17:24:08,80,3.2,0.0,3.2,0.00,
17:24:09,80,3.2,0.0,3.2,0.00,
17:24:11,80,3.2,0.0,3.2,0.00,
17:24:12,80,3.2,0.0,3.2,0.00,
17:24:13,80,3.2,0.0,3.2,0.00,
17:24:14,80,3.2,0.0,3.2,0.00,
17:24:15,80,3.2,0.0,3.2,0.00,
17:24:16,80,3.2,0.0,3.2,0.00,
17:24:17,80,3.2,0.0,3.2,0.00,
17:24:18,80,3.2,0.0,3.2,0.00,
17:24:19,80,3.2,0.0,3.2,0.00,
17:24:20,80,3.2,0.0,3.2,0.00,
17:24:21,80,3.2,0.0,3.2,0.00,
17:24:22,80,3.2,0.0,3.2,0.00,
17:24:23,80,3.2,0.0,3.2,0.00,
17:24:24,80,3.2,0.0,3.2,0.00,
17:24:25,80,3.2,0.0,3.2,0.00,
17:24:26,80,3.2,0.0,3.2,0.00,
17:24:27,80,3.2,0.0,3.2,0.00,
17:24:28,80,3.2,0.0,3.2,0.00,
17:24:29,80,3.2,0.0,3.2,0.00,
17:24:30,80,3.2,0.0,3.2,0.00,
17:24:31,80,3.2,0.0,3.2,0.00,
17:24:32,80,3.2,0.0,3.2,0.00,
17:24:33,80,3.2,0.0,3.2,0.00,
17:24:34,80,3.2,0.0,3.2,0.00,
17:24:35,80,3.2,0.0,3.2,0.00,
17:24:36,80,3.2,0.0,3.2,0.00,
17:24:37,80,3.2,0.0,3.2,0.00,
17:24:38,80,3.2,0.0,3.2,0.00,
17:24:39,80,3.2,0.0,3.2,0.00,
17:24:41,80,3.2,0.0,3.2,0.00,
17:24:42,80,3.2,0.0,3.2,0.00,
17:24:43,80,3.2,0.0,3.2,0.00,
17:24:44,80,3.2,0.0,3.2,0.00,
17:24:45,80,3.2,0.0,3.2,0.00,
17:24:46,80,3.2,0.0,3.2,0.00,
17:24:47,80,3.2,0.0,3.2,0.00,
17:24:48,80,3.2,0.0,3.2,0.00,
17:24:49,80,3.2,0.0,3.2,0.00,
17:24:50,80,3.2,0.0,3.2,0.00,
17:24:51,80,3.2,0.0,3.2,0.00,
17:24:52,80,3.2,0.0,3.2,0.00,
17:24:53,80,3.2,0.0,3.2,0.00,
17:24:54,80,3.2,0.0,3.2,0.00,
17:24:55,80,3.2,0.0,3.2,0.00,
17:24:56,80,3.2,0.0,3.2,0.00,
17:24:57,80,3.2,0.0,3.2,0.00,
17:24:58,80,3.2,0.0,3.2,0.00,
17:24:59,80,3.2,0.0,3.2,0.00,
17:25:00,80,3.2,0.0,3.2,0.00,
17:25:01,80,3.2,0.0,3.2,0.00,
17:25:02,80,3.2,0.0,3.2,0.00,
17:25:03,80,3.2,0.0,3.2,0.00,
17:25:04,80,3.2,0.0,3.2,0.00,
17:25:05,80,3.3,0.0,3.3,0.00,
17:25:06,80,3.3,0.0,3.3,0.00,
17:25:07,80,3.3,0.0,3.3,0.00,
17:25:08,80,3.3,0.0,3.3,0.00,
17:25:10,80,3.3,0.0,3.3,0.00,
17:25:11,80,3.3,0.0,3.3,0.00,
17:25:12,80,3.3,0.0,3.3,0.00,
17:25:13,80,3.3,0.0,3.3,0.00,
17:25:14,80,3.3,0.0,3.3,0.00,
17:25:15,80,3.3,0.0,3.3,0.00,
17:25:16,80,3.3,0.0,3.3,0.00,
17:25:17,80,3.3,0.0,3.3,0.00,
17:25:18,80,3.3,0.0,3.3,0.00,
17:25:19,80,3.3,0.0,3.3,0.00,
17:25:20,80,3.3,0.0,3.3,0.00,
17:25:21,80,3.3,0.0,3.3,0.00,
17:25:22,80,3.3,0.0,3.3,0.00,
17:25:23,80,3.3,0.0,3.3,0.00,
17:25:24,80,3.3,0.0,3.3,0.00,
17:25:25,80,3.3,0.0,3.3,0.00,
17:25:26,80,3.3,0.0,3.3,0.00,
17:25:27,80,3.3,0.0,3.3,0.00,
17:25:28,80,3.3,0.0,3.3,0.00,
17:25:29,80,3.3,0.0,3.3,0.00,
17:25:30,80,3.3,0.0,3.3,0.00,
17:25:31,80,3.3,0.0,3.3,0.00,
17:25:32,80,3.3,0.0,3.3,0.00,
17:25:33,80,3.3,0.0,3.3,0.00,
17:25:34,80,3.3,0.0,3.3,0.00,
17:25:35,80,3.3,0.0,3.3,0.00,
17:25:36,80,3.3,0.0,3.3,0.00,
17:25:37,80,3.3,0.0,3.3,0.00,
17:25:39,80,3.3,0.0,3.3,0.00,
17:25:40,80,3.3,0.0,3.3,0.00,
17:25:41,80,3.3,0.0,3.3,0.00,
17:25:42,80,3.3,0.0,3.3,0.00,
17:25:43,80,3.3,0.0,3.3,0.00,
17:25:44,80,3.3,0.0,3.3,0.00,
17:25:45,80,3.3,0.0,3.3,0.00,
17:25:46,80,3.3,0.0,3.3,0.00,
17:25:47,80,3.3,0.0,3.3,0.00,
17:25:48,80,3.3,0.0,3.3,0.00,
17:25:49,80,3.3,0.0,3.3,0.00,
17:25:50,80,3.3,0.0,3.3,0.00,
17:25:51,80,3.3,0.0,3.3,0.00,
17:25:52,80,3.3,0.0,3.3,0.00,
17:25:53,80,3.3,0.0,3.3,0.00,
17:25:54,80,3.3,0.0,3.3,0.00,
17:25:55,80,3.3,0.0,3.3,0.00,
17:25:56,80,3.3,0.0,3.3,0.00,
17:25:57,80,3.3,0.0,3.3,0.00,
17:25:58,80,3.3,0.0,3.3,0.00,
17:25:59,80,3.3,0.0,3.3,0.00,
17:26:00,80,3.3,0.0,3.3,0.00,
17:26:01,80,3.3,0.0,3.3,0.00,
17:26:02,80,3.3,0.0,3.3,0.00,
17:26:03,80,3.3,0.0,3.3,0.00,
17:26:04,80,3.3,0.0,3.3,0.00,
17:26:05,80,9.9,0.0,9.9,0.00,
17:26:06,80,9.9,0.0,9.9,0.00,
17:26:07,80,9.9,0.0,9.9,0.00,
17:26:09,80,9.9,0.0,9.9,0.00,
17:26:10,80,9.9,0.0,9.9,0.00,
17:26:11,80,9.9,0.0,9.9,0.00,
17:26:12,80,9.9,0.0,9.9,0.00,
17:26:13,80,9.9,0.0,9.9,0.00,
17:26:14,80,9.9,0.0,9.9,0.00,
17:26:15,80,9.9,0.0,9.9,0.00,
17:26:16,80,9.9,0.0,9.9,0.00,
17:26:17,80,9.9,0.0,9.9,0.00,
17:26:18,80,9.9,0.0,9.9,0.00,
17:26:19,80,9.9,0.0,9.9,0.00,
17:26:20,80,9.9,0.0,9.9,0.00,
17:26:21,80,9.9,0.0,9.9,0.00,
17:26:22,80,9.9,0.0,9.9,0.00,
17:26:23,80,9.9,0.0,9.9,0.00,
17:26:24,80,9.9,0.0,9.9,0.00,
17:26:25,80,9.9,0.0,9.9,0.00,
17:26:26,80,9.9,0.0,9.9,0.00,
17:26:27,80,9.9,0.0,9.9,0.00,
17:26:28,80,9.9,0.0,9.9,0.00,
17:26:29,80,9.9,0.0,9.9,0.00,
17:26:30,80,9.9,0.0,9.9,0.00,
17:26:31,80,9.9,0.0,9.9,0.00,
17:26:32,80,9.9,0.0,9.9,0.00,
17:26:33,80,9.9,0.0,9.9,0.00,
17:26:34,80,9.9,0.0,9.9,0.00,
17:26:35,80,9.9,0.0,9.9,0.00,
17:26:36,80,9.9,0.0,9.9,0.00,
17:26:37,80,9.9,0.0,9.9,0.00,
17:26:38,80,9.9,0.0,9.9,0.00,
17:26:39,80,9.9,0.0,9.9,0.00,
17:26:41,80,9.9,0.0,9.9,0.00,
17:26:42,80,9.9,0.0,9.9,0.00,
17:26:43,80,9.9,0.0,9.9,0.00,
17:26:44,80,9.9,0.0,9.9,0.00,
17:26:45,80,9.9,0.0,9.9,0.00,
17:26:46,80,9.9,0.0,9.9,0.00,
17:26:47,80,9.9,0.0,9.9,0.00,
17:26:48,80,9.9,0.0,9.9,0.00,
17:26:49,80,9.9,0.0,9.9,0.00,
17:26:50,80,9.9,0.0,9.9,0.00,
17:26:51,80,9.9,0.0,9.9,0.00,
17:26:52,80,9.9,0.0,9.9,0.00,
17:26:53,80,9.9,0.0,9.9,0.00,
17:26:54,80,9.9,0.0,9.9,0.00,
17:26:55,80,9.9,0.0,9.9,0.00,
17:26:56,80,9.9,0.0,9.9,0.00,
17:26:57,80,9.9,0.0,9.9,0.00,
17:26:58,80,9.9,0.0,9.9,0.00,
17:26:59,80,9.9,0.0,9.9,0.00,
17:27:00,80,9.9,0.0,9.9,0.00,
17:27:01,80,9.9,0.0,9.9,0.00,
17:27:02,80,9.9,0.0,9.9,0.00,
17:27:03,80,9.9,0.0,9.9,0.00,
17:27:04,80,9.9,0.0,9.9,0.00,
17:27:05,80,6.4,0.0,6.4,0.00,
17:27:06,80,6.4,0.0,6.4,0.00,
17:27:07,80,6.4,0.0,6.4,0.00,
17:27:08,80,6.4,0.0,6.4,0.00,
17:27:09,80,6.4,0.0,6.4,0.00,
17:27:10,80,6.4,0.0,6.4,0.00,
17:27:12,80,6.4,0.0,6.4,0.00,
17:27:13,80,6.4,0.0,6.4,0.00,
17:27:14,80,6.4,0.0,6.4,0.00,
17:27:15,80,6.4,0.0,6.4,0.00,
17:27:16,80,6.4,0.0,6.4,0.00,
17:27:17,80,6.4,0.0,6.4,0.00,
17:27:18,80,6.4,0.0,6.4,0.00,
17:27:19,80,6.4,0.0,6.4,0.00,
17:27:20,80,6.4,0.0,6.4,0.00,
17:27:21,80,6.4,0.0,6.4,0.00,
17:27:22,80,6.4,0.0,6.4,0.00,
17:27:23,80,6.4,0.0,6.4,0.00,
17:27:24,80,6.4,0.0,6.4,0.00,
17:27:25,80,6.4,0.0,6.4,0.00,
17:27:26,80,6.4,0.0,6.4,0.00,
17:27:27,80,6.4,0.0,6.4,0.00,
17:27:28,80,6.4,0.0,6.4,0.00,
17:27:29,80,6.4,0.0,6.4,0.00,
17:27:30,80,6.4,0.0,6.4,0.00,
17:27:31,80,6.4,0.0,6.4,0.00,
17:27:32,80,6.4,0.0,6.4,0.00,
17:27:33,80,6.4,0.0,6.4,0.00,
17:27:34,80,6.4,0.0,6.4,0.00,
17:27:35,80,6.4,0.0,6.4,0.00,
17:27:36,80,6.4,0.0,6.4,0.00,
17:27:37,80,6.4,0.0,6.4,0.00,
17:27:38,80,6.4,0.0,6.4,0.00,
17:27:39,80,6.4,0.0,6.4,0.00,
17:27:40,80,6.4,0.0,6.4,0.00,
17:27:41,80,6.4,0.0,6.4,0.00,
17:27:43,80,6.4,0.0,6.4,0.00,
17:27:44,80,6.4,0.0,6.4,0.00,
17:27:45,80,6.4,0.0,6.4,0.00,
17:27:46,80,6.4,0.0,6.4,0.00,
17:27:47,80,6.4,0.0,6.4,0.00,
17:27:48,80,6.4,0.0,6.4,0.00,
17:27:49,80,6.4,0.0,6.4,0.00,
17:27:50,80,6.4,0.0,6.4,0.00,
17:27:51,80,6.4,0.0,6.4,0.00,
17:27:52,80,6.4,0.0,6.4,0.00,
17:27:53,80,6.4,0.0,6.4,0.00,
17:27:54,80,6.4,0.0,6.4,0.00,
17:27:55,80,6.4,0.0,6.4,0.00,
17:27:56,80,6.4,0.0,6.4,0.00,
17:27:57,80,6.4,0.0,6.4,0.00,
17:27:58,80,6.4,0.0,6.4,0.00,
17:27:59,80,6.4,0.0,6.4,0.00,
17:28:00,80,6.4,0.0,6.4,0.00,
17:28:01,80,6.4,0.0,6.4,0.00,
17:28:02,80,6.4,0.0,6.4,0.00,
17:28:03,80,6.4,0.0,6.4,0.00,
17:28:04,80,6.4,0.0,6.4,0.00,
17:28:05,80,6.7,0.0,6.7,0.00,
17:28:06,80,6.7,0.0,6.7,0.00,
17:28:07,80,6.7,0.0,6.7,0.00,
17:28:08,80,6.7,0.0,6.7,0.00,
17:28:09,80,6.7,0.0,6.7,0.00,
17:28:10,80,6.7,0.0,6.7,0.00,
17:28:11,80,6.7,0.0,6.7,0.00,
17:28:12,80,6.7,0.0,6.7,0.00,
17:28:13,80,6.7,0.0,6.7,0.00,
17:28:15,80,6.7,0.0,6.7,0.00,
17:28:16,80,6.7,0.0,6.7,0.00,
17:28:17,80,6.7,0.0,6.7,0.00,
17:28:18,80,6.7,0.0,6.7,0.00,
17:28:19,80,6.7,0.0,6.7,0.00,
17:28:20,80,6.7,0.0,6.7,0.00,
17:28:21,80,6.7,0.0,6.7,0.00,
17:28:22,80,6.7,0.0,6.7,0.00,
17:28:23,80,6.7,0.0,6.7,0.00,
17:28:24,80,6.7,0.0,6.7,0.00,
17:28:25,80,6.7,0.0,6.7,0.00,
17:28:26,80,6.7,0.0,6.7,0.00,
17:28:27,80,6.7,0.0,6.7,0.00,
17:28:28,80,6.7,0.0,6.7,0.00,
17:28:29,80,6.7,0.0,6.7,0.00,
17:28:30,80,6.7,0.0,6.7,0.00,
17:28:31,80,6.7,0.0,6.7,0.00,
17:28:32,80,6.7,0.0,6.7,0.00,
17:28:33,80,6.7,0.0,6.7,0.00,
17:28:34,80,6.7,0.0,6.7,0.00,
17:28:35,80,6.7,0.0,6.7,0.00,
17:28:36,80,6.7,0.0,6.7,0.00,
17:28:37,80,6.7,0.0,6.7,0.00,
17:28:38,80,6.7,0.0,6.7,0.00,
17:28:39,80,6.7,0.0,6.7,0.00,
17:28:40,80,6.7,0.0,6.7,0.00,
17:28:41,80,6.7,0.0,6.7,0.00,
17:28:42,80,6.7,0.0,6.7,0.00,
17:28:43,80,6.7,0.0,6.7,0.00,
17:28:44,80,6.7,0.0,6.7,0.00,
17:28:45,80,6.7,0.0,6.7,0.00,
17:28:47,80,6.7,0.0,6.7,0.00,
17:28:48,80,6.7,0.0,6.7,0.00,
17:28:49,80,6.7,0.0,6.7,0.00,
17:28:50,80,6.7,0.0,6.7,0.00,
17:28:51,80,6.7,0.0,6.7,0.00,
17:28:52,80,6.7,0.0,6.7,0.00,
17:28:53,80,6.7,0.0,6.7,0.00,
17:28:54,80,6.7,0.0,6.7,0.00,
17:28:55,80,6.7,0.0,6.7,0.00,
17:28:56,80,6.7,0.0,6.7,0.00,
17:28:57,80,6.7,0.0,6.7,0.00,
17:28:58,80,6.7,0.0,6.7,0.00,
17:28:59,80,6.7,0.0,6.7,0.00,
17:29:00,80,6.7,0.0,6.7,0.00,
17:29:01,80,6.7,0.0,6.7,0.00,
17:29:02,80,6.7,0.0,6.7,0.00,
17:29:03,80,6.7,0.0,6.7,0.00,
17:29:04,80,6.7,0.0,6.7,0.00,
17:29:05,80,9.5,0.0,9.5,0.00,
17:29:06,80,9.5,0.0,9.5,0.00,
17:29:07,80,9.5,0.0,9.5,0.00,
17:29:08,80,9.5,0.0,9.5,0.00,
17:29:09,80,9.5,0.0,9.5,0.00,
17:29:10,80,9.5,0.0,9.5,0.00,
17:29:11,80,9.5,0.0,9.5,0.00,
17:29:12,80,9.5,0.0,9.5,0.00,
17:29:13,80,9.5,0.0,9.5,0.00,
17:29:14,80,9.5,0.0,9.5,0.00,
17:29:15,80,9.5,0.0,9.5,0.00,
17:29:16,80,9.5,0.0,9.5,0.00,
17:29:18,80,9.5,0.0,9.5,0.00,
17:29:19,80,9.5,0.0,9.5,0.00,
17:29:20,80,9.5,0.0,9.5,0.00,
17:29:21,80,9.5,0.0,9.5,0.00,
17:29:22,80,9.5,0.0,9.5,0.00,
17:29:23,80,9.5,0.0,9.5,0.00,
17:29:24,80,9.5,0.0,9.5,0.00,
17:29:25,80,9.5,0.0,9.5,0.00,
17:29:26,80,9.5,0.0,9.5,0.00,
17:29:27,80,9.5,0.0,9.5,0.00,
17:29:28,80,9.5,0.0,9.5,0.00,
17:29:29,80,9.5,0.0,9.5,0.00,
17:29:30,80,9.5,0.0,9.5,0.00,
17:29:31,80,9.5,0.0,9.5,0.00,
17:29:32,80,9.5,0.0,9.5,0.00,
17:29:33,80,9.5,0.0,9.5,0.00,
17:29:34,80,9.5,0.0,9.5,0.00,
17:29:35,80,9.5,0.0,9.5,0.00,
17:29:36,80,9.5,0.0,9.5,0.00,
17:29:37,80,9.5,0.0,9.5,0.00,
17:29:38,80,9.5,0.0,9.5,0.00,
17:29:39,80,9.5,0.0,9.5,0.00,
17:29:40,80,9.5,0.0,9.5,0.00,
17:29:41,80,9.5,0.0,9.5,0.00,
17:29:42,80,9.5,0.0,9.5,0.00,
17:29:43,80,9.5,0.0,9.5,0.00,
17:29:44,80,9.5,0.0,9.5,0.00,
17:29:45,80,9.5,0.0,9.5,0.00,
17:29:46,80,9.5,0.0,9.5,0.00,
17:29:47,80,9.5,0.0,9.5,0.00,
17:29:48,80,9.5,0.0,9.5,0.00,
17:29:50,80,9.5,0.0,9.5,0.00,
17:29:51,80,9.5,0.0,9.5,0.00,
17:29:52,80,9.5,0.0,9.5,0.00,
17:29:53,80,9.5,0.0,9.5,0.00,
17:29:54,80,9.5,0.0,9.5,0.00,
17:29:55,80,9.5,0.0,9.5,0.00,
17:29:56,80,9.5,0.0,9.5,0.00,
17:29:57,80,9.5,0.0,9.5,0.00,
17:29:58,80,9.5,0.0,9.5,0.00,
17:29:59,80,9.5,0.0,9.5,0.00,
17:30:00,80,9.5,0.0,9.5,0.00,
17:30:01,80,9.5,0.0,9.5,0.00,
17:30:02,80,9.5,0.0,9.5,0.00,
17:30:03,80,9.5,0.0,9.5,0.00,
17:30:04,80,9.5,0.0,9.5,0.00,
17:30:05,80,9.7,0.0,9.7,0.00,
17:30:06,80,9.7,0.0,9.7,0.00,
17:30:07,80,9.7,0.0,9.7,0.00,
17:30:08,80,9.7,0.0,9.7,0.00,
17:30:09,80,9.7,0.0,9.7,0.00,
17:30:10,80,9.7,0.0,9.7,0.00,
17:30:11,80,9.7,0.0,9.7,0.00,
17:30:12,80,9.7,0.0,9.7,0.00,
17:30:13,80,9.7,0.0,9.7,0.00,
17:30:14,80,9.7,0.0,9.7,0.00,
17:30:15,80,9.7,0.0,9.7,0.00,
17:30:16,80,9.7,0.0,9.7,0.00,
17:30:17,80,9.7,0.0,9.7,0.00,
17:30:18,80,9.7,0.0,9.7,0.00,
17:30:19,80,9.7,0.0,9.7,0.00,
17:30:20,80,9.7,0.0,9.7,0.00,
17:30:22,80,9.7,0.0,9.7,0.00,
17:30:23,80,9.7,0.0,9.7,0.00,
17:30:24,80,9.7,0.0,9.7,0.00,
17:30:25,80,9.7,0.0,9.7,0.00,
17:30:26,80,9.7,0.0,9.7,0.00,
17:30:27,80,9.7,0.0,9.7,0.00,
17:30:28,80,9.7,0.0,9.7,0.00,
17:30:29,80,9.7,0.0,9.7,0.00,
17:30:30,80,9.7,0.0,9.7,0.00,
17:30:31,80,9.7,0.0,9.7,0.00,
17:30:32,80,9.7,0.0,9.7,0.00,
17:30:33,80,9.7,0.0,9.7,0.00,
17:30:34,80,9.7,0.0,9.7,0.00,
17:30:35,80,9.7,0.0,9.7,0.00,
17:30:36,80,9.7,0.0,9.7,0.00,
17:30:37,80,9.7,0.0,9.7,0.00,
17:30:38,80,9.7,0.0,9.7,0.00,
17:30:39,80,9.7,0.0,9.7,0.00,
17:30:40,80,9.7,0.0,9.7,0.00,
17:30:41,80,9.7,0.0,9.7,0.00,
17:30:42,80,9.7,0.0,9.7,0.00,
17:30:43,80,9.7,0.0,9.7,0.00,
17:30:44,80,9.7,0.0,9.7,0.00,
17:30:45,80,9.7,0.0,9.7,0.00,
17:30:46,80,9.7,0.0,9.7,0.00,
17:30:47,80,9.7,0.0,9.7,0.00,
17:30:48,80,9.7,0.0,9.7,0.00,
17:30:49,80,9.7,0.0,9.7,0.00,
17:30:50,80,9.7,0.0,9.7,0.00,
17:30:51,80,9.7,0.0,9.7,0.00,
17:30:52,80,9.7,0.0,9.7,0.00,
17:30:54,80,9.7,0.0,9.7,0.00,
17:30:55,80,9.7,0.0,9.7,0.00,
17:30:56,80,9.7,0.0,9.7,0.00,
17:30:57,80,9.7,0.0,9.7,0.00,
17:30:58,80,9.7,0.0,9.7,0.00,
17:30:59,80,9.7,0.0,9.7,0.00,
17:31:00,80,9.7,0.0,9.7,0.00,
17:31:01,80,9.7,0.0,9.7,0.00,
17:31:02,80,9.7,0.0,9.7,0.00,
17:31:03,80,9.7,0.0,9.7,0.00,
17:31:04,80,9.7,0.0,9.7,0.00,
17:31:05,80,9.5,0.0,9.5,0.00,
17:31:06,80,9.5,0.0,9.5,0.00,
17:31:07,80,9.5,0.0,9.5,0.00,
17:31:08,80,9.5,0.0,9.5,0.00,
17:31:09,80,9.5,0.0,9.5,0.00,
17:31:10,80,9.5,0.0,9.5,0.00,
17:31:11,80,9.5,0.0,9.5,0.00,
17:31:12,80,9.5,0.0,9.5,0.00,
17:31:13,80,9.5,0.0,9.5,0.00,
17:31:14,80,9.5,0.0,9.5,0.00,
17:31:15,80,9.5,0.0,9.5,0.00,
17:31:16,80,9.5,0.0,9.5,0.00,
17:31:17,80,9.5,0.0,9.5,0.00,
17:31:18,80,9.5,0.0,9.5,0.00,
17:31:19,80,9.5,0.0,9.5,0.00,
17:31:20,80,9.5,0.0,9.5,0.00,
17:31:21,80,9.5,0.0,9.5,0.00,
17:31:22,80,9.5,0.0,9.5,0.00,
17:31:23,80,9.5,0.0,9.5,0.00,
17:31:25,80,9.5,0.0,9.5,0.00,
17:31:26,80,9.5,0.0,9.5,0.00,
17:31:27,80,9.5,0.0,9.5,0.00,
17:31:28,80,9.5,0.0,9.5,0.00,
17:31:29,80,9.5,0.0,9.5,0.00,
17:31:30,80,9.5,0.0,9.5,0.00,
17:31:31,80,9.5,0.0,9.5,0.00,
17:31:32,80,9.5,0.0,9.5,0.00,
17:31:33,80,9.5,0.0,9.5,0.00,
17:31:34,80,9.5,0.0,9.5,0.00,
17:31:35,80,9.5,0.0,9.5,0.00,
17:31:36,80,9.5,0.0,9.5,0.00,
17:31:37,80,9.5,0.0,9.5,0.00,
17:31:38,80,9.5,0.0,9.5,0.00,
17:31:39,80,9.5,0.0,9.5,0.00,
17:31:40,80,9.5,0.0,9.5,0.00,
17:31:41,80,9.5,0.0,9.5,0.00,
17:31:42,80,9.5,0.0,9.5,0.00,
17:31:43,80,9.5,0.0,9.5,0.00,
17:31:44,80,9.5,0.0,9.5,0.00,
17:31:45,80,9.5,0.0,9.5,0.00,
17:31:46,80,9.5,0.0,9.5,0.00,
17:31:47,80,9.5,0.0,9.5,0.00,
17:31:48,80,9.5,0.0,9.5,0.00,
17:31:49,80,9.5,0.0,9.5,0.00,
17:31:50,80,9.5,0.0,9.5,0.00,
17:31:51,80,9.5,0.0,9.5,0.00,
17:31:52,80,9.5,0.0,9.5,0.00,
17:31:54,80,9.5,0.0,9.5,0.00,
17:31:55,80,9.5,0.0,9.5,0.00,
17:31:56,80,9.5,0.0,9.5,0.00,
17:31:57,80,9.5,0.0,9.5,0.00,
17:31:58,80,9.5,0.0,9.5,0.00,
17:31:59,80,9.5,0.0,9.5,0.00,
17:32:00,80,9.5,0.0,9.5,0.00,
17:32:01,80,9.5,0.0,9.5,0.00,
17:32:02,80,9.5,0.0,9.5,0.00,
17:32:03,80,9.5,0.0,9.5,0.00,
17:32:04,80,9.5,0.0,9.5,0.00,
17:32:05,80,10.4,0.0,10.4,0.00,
17:32:06,80,10.4,0.0,10.4,0.00,
17:32:07,80,10.4,0.0,10.4,0.00,
17:32:08,80,10.4,0.0,10.4,0.00,
17:32:09,80,10.4,0.0,10.4,0.00,
17:32:10,80,10.4,0.0,10.4,0.00,
17:32:11,80,10.4,0.0,10.4,0.00,
17:32:12,80,10.4,0.0,10.4,0.00,
17:32:13,80,10.4,0.0,10.4,0.00,
17:32:14,80,10.4,0.0,10.4,0.00,
17:32:15,80,10.4,0.0,10.4,0.00,
17:32:16,80,10.4,0.0,10.4,0.00,
17:32:17,80,10.4,0.0,10.4,0.00,
17:32:18,80,10.4,0.0,10.4,0.00,
17:32:19,80,10.4,0.0,10.4,0.00,
17:32:20,80,10.4,0.0,10.4,0.00,
17:32:21,80,10.4,0.0,10.4,0.00,
17:32:22,80,10.4,0.0,10.4,0.00,
17:32:24,80,10.4,0.0,10.4,0.00,
17:32:25,80,10.4,0.0,10.4,0.00,
17:32:26,80,10.4,0.0,10.4,0.00,
17:32:27,80,10.4,0.0,10.4,0.00,
17:32:28,80,10.4,0.0,10.4,0.00,
17:32:29,80,10.4,0.0,10.4,0.00,
17:32:30,80,10.4,0.0,10.4,0.00,
17:32:31,80,10.4,0.0,10.4,0.00,
17:32:32,80,10.4,0.0,10.4,0.00,
17:32:33,80,10.4,0.0,10.4,0.00,
17:32:34,80,10.4,0.0,10.4,0.00,
17:32:35,80,10.4,0.0,10.4,0.00,
17:32:36,80,10.4,0.0,10.4,0.00,
17:32:37,80,10.4,0.0,10.4,0.00,
17:32:38,80,10.4,0.0,10.4,0.00,
17:32:39,80,10.4,0.0,10.4,0.00,
17:32:40,80,10.4,0.0,10.4,0.00,
17:32:41,80,10.4,0.0,10.4,0.00,
17:32:42,80,10.4,0.0,10.4,0.00,
17:32:43,80,10.4,0.0,10.4,0.00,
17:32:44,80,10.4,0.0,10.4,0.00,
17:32:45,80,10.4,0.0,10.4,0.00,
17:32:46,80,10.4,0.0,10.4,0.00,
17:32:47,80,10.4,0.0,10.4,0.00,
17:32:48,80,10.4,0.0,10.4,0.00,
17:32:49,80,10.4,0.0,10.4,0.00,
17:32:50,80,10.4,0.0,10.4,0.00,
17:32:51,80,10.4,0.0,10.4,0.00,
17:32:53,80,10.4,0.0,10.4,0.00,
17:32:54,80,10.4,0.0,10.4,0.00,
17:32:55,80,10.4,0.0,10.4,0.00,
17:32:56,80,10.4,0.0,10.4,0.00,
17:32:57,80,10.4,0.0,10.4,0.00,
17:32:58,80,10.4,0.0,10.4,0.00,
17:32:59,80,10.4,0.0,10.4,0.00,
17:33:00,80,10.4,0.0,10.4,0.00,
17:33:01,80,10.4,0.0,10.4,0.00,
17:33:02,80,10.4,0.0,10.4,0.00,
17:33:03,80,10.4,0.0,10.4,0.00,
17:33:04,80,10.4,0.0,10.4,0.00,
17:33:05,80,9.3,0.0,9.3,0.00,
17:33:06,80,9.3,0.0,9.3,0.00,
17:33:07,80,9.3,0.0,9.3,0.00,
17:33:08,80,9.3,0.0,9.3,0.00,
17:33:09,80,9.3,0.0,9.3,0.00,
17:33:10,80,9.3,0.0,9.3,0.00,
17:33:11,80,9.3,0.0,9.3,0.00,
17:33:12,80,9.3,0.0,9.3,0.00,
17:33:13,80,9.3,0.0,9.3,0.00,
17:33:14,80,9.3,0.0,9.3,0.00,
17:33:15,80,9.3,0.0,9.3,0.00,
17:33:16,80,9.3,0.0,9.3,0.00,
17:33:17,80,9.3,0.0,9.3,0.00,
17:33:18,80,9.3,0.0,9.3,0.00,
17:33:19,80,9.3,0.0,9.3,0.00,
17:33:20,80,9.3,0.0,9.3,0.00,
17:33:21,80,9.3,0.0,9.3,0.00,
17:33:23,80,9.3,0.0,9.3,0.00,
17:33:24,80,9.3,0.0,9.3,0.00,
17:33:25,80,9.3,0.0,9.3,0.00,
17:33:26,80,9.3,0.0,9.3,0.00,
17:33:27,80,9.3,0.0,9.3,0.00,
17:33:28,80,9.3,0.0,9.3,0.00,
17:33:29,80,9.3,0.0,9.3,0.00,
17:33:30,80,9.3,0.0,9.3,0.00,
17:33:31,80,9.3,0.0,9.3,0.00,
17:33:32,80,9.3,0.0,9.3,0.00,
17:33:33,80,9.3,0.0,9.3,0.00,
17:33:34,80,9.3,0.0,9.3,0.00,
17:33:35,80,9.3,0.0,9.3,0.00,
17:33:36,80,9.3,0.0,9.3,0.00,
17:33:37,80,9.3,0.0,9.3,0.00,
17:33:38,80,9.3,0.0,9.3,0.00,
17:33:39,80,9.3,0.0,9.3,0.00,
17:33:40,80,9.3,0.0,9.3,0.00,
17:33:41,80,9.3,0.0,9.3,0.00,
17:33:42,80,9.3,0.0,9.3,0.00,
17:33:43,80,9.3,0.0,9.3,0.00,
17:33:44,80,9.3,0.0,9.3,0.00,
17:33:45,80,9.3,0.0,9.3,0.00,
17:33:46,80,9.3,0.0,9.3,0.00,
17:33:47,80,9.3,0.0,9.3,0.00,
17:33:48,80,9.3,0.0,9.3,0.00,
17:33:49,80,9.3,0.0,9.3,0.00,
17:33:50,80,9.3,0.0,9.3,0.00,
17:33:51,80,9.3,0.0,9.3,0.00,
17:33:53,80,9.3,0.0,9.3,0.00,
17:33:54,80,9.3,0.0,9.3,0.00,
17:33:55,80,9.3,0.0,9.3,0.00,
17:33:56,80,9.3,0.0,9.3,0.00,
17:33:57,80,9.3,0.0,9.3,0.00,
17:33:58,80,9.3,0.0,9.3,0.00,
17:33:59,80,9.3,0.0,9.3,0.00,
17:34:00,80,9.3,0.0,9.3,0.00,
17:34:01,80,9.3,0.0,9.3,0.00,
17:34:02,80,9.3,0.0,9.3,0.00,
17:34:03,80,9.3,0.0,9.3,0.00,
17:34:04,80,9.3,0.0,9.3,0.00,
17:34:05,80,6.4,0.0,6.4,0.00,
17:34:06,80,6.4,0.0,6.4,0.00,
17:34:07,80,6.4,0.0,6.4,0.00,
17:34:08,80,6.4,0.0,6.4,0.00,
17:34:09,80,6.4,0.0,6.4,0.00,
17:34:10,80,6.4,0.0,6.4,0.00,
17:34:11,80,6.4,0.0,6.4,0.00,
17:34:12,80,6.4,0.0,6.4,0.00,
17:34:13,80,6.4,0.0,6.4,0.00,
17:34:14,80,6.4,0.0,6.4,0.00,
17:34:15,80,6.4,0.0,6.4,0.00,
17:34:16,80,6.4,0.0,6.4,0.00,
17:34:17,80,6.4,0.0,6.4,0.00,
17:34:18,80,6.4,0.0,6.4,0.00,
17:34:19,80,6.4,0.0,6.4,0.00,
17:34:20,80,6.4,0.0,6.4,0.00,
17:34:22,80,6.4,0.0,6.4,0.00,
17:34:23,80,6.4,0.0,6.4,0.00,
17:34:24,80,6.4,0.0,6.4,0.00,
17:34:25,80,6.4,0.0,6.4,0.00,
17:34:26,80,6.4,0.0,6.4,0.00,
17:34:27,80,6.4,0.0,6.4,0.00,
17:34:28,80,6.4,0.0,6.4,0.00,
17:34:29,80,6.4,0.0,6.4,0.00,
17:34:30,80,6.4,0.0,6.4,0.00,
17:34:31,80,6.4,0.0,6.4,0.00,
17:34:32,80,6.4,0.0,6.4,0.00,
17:34:33,80,6.4,0.0,6.4,0.00,
17:34:34,80,6.4,0.0,6.4,0.00,
17:34:35,80,6.4,0.0,6.4,0.00,
17:34:36,80,6.4,0.0,6.4,0.00,
17:34:37,80,6.4,0.0,6.4,0.00,
17:34:38,80,6.4,0.0,6.4,0.00,
17:34:39,80,6.4,0.0,6.4,0.00,
17:34:40,80,6.4,0.0,6.4,0.00,
17:34:41,80,6.4,0.0,6.4,0.00,
17:34:42,80,6.4,0.0,6.4,0.00,
17:34:43,80,6.4,0.0,6.4,0.00,
17:34:44,80,6.4,0.0,6.4,0.00,
17:34:45,80,6.4,0.0,6.4,0.00,
17:34:46,80,6.4,0.0,6.4,0.00,
17:34:47,80,6.4,0.0,6.4,0.00,
17:34:48,80,6.4,0.0,6.4,0.00,
17:34:50,80,6.4,0.0,6.4,0.00,
17:34:51,80,6.4,0.0,6.4,0.00,
17:34:52,80,6.4,0.0,6.4,0.00,
17:34:53,80,6.4,0.0,6.4,0.00,
17:34:54,80,6.4,0.0,6.4,0.00,
17:34:55,80,6.4,0.0,6.4,0.00,
17:34:56,80,6.4,0.0,6.4,0.00,
17:34:57,80,6.4,0.0,6.4,0.00,
17:34:58,80,6.4,0.0,6.4,0.00,
17:34:59,80,6.4,0.0,6.4,0.00,
17:35:00,80,6.4,0.0,6.4,0.00,
17:35:01,80,6.4,0.0,6.4,0.00,
17:35:02,80,6.4,0.0,6.4,0.00,
17:35:03,80,6.4,0.0,6.4,0.00,
17:35:04,80,6.4,0.0,6.4,0.00,
17:35:05,80,6.5,0.0,6.5,0.00,
17:35:06,80,6.5,0.0,6.5,0.00,
17:35:07,80,6.5,0.0,6.5,0.00,
17:35:08,80,6.5,0.0,6.5,0.00,
17:35:09,80,6.5,0.0,6.5,0.00,
17:35:10,80,6.5,0.0,6.5,0.00,
17:35:11,80,6.5,0.0,6.5,0.00,
17:35:12,80,6.5,0.0,6.5,0.00,
17:35:13,80,6.5,0.0,6.5,0.00,
17:35:14,80,6.5,0.0,6.5,0.00,
17:35:15,80,6.5,0.0,6.5,0.00,
17:35:16,80,6.5,0.0,6.5,0.00,
17:35:17,80,6.5,0.0,6.5,0.00,
17:35:19,80,6.5,0.0,6.5,0.00,
17:35:20,80,6.5,0.0,6.5,0.00,
17:35:21,80,6.5,0.0,6.5,0.00,
17:35:22,80,6.5,0.0,6.5,0.00,
17:35:23,80,6.5,0.0,6.5,0.00,
17:35:24,80,6.5,0.0,6.5,0.00,
17:35:25,80,6.5,0.0,6.5,0.00,
17:35:26,80,6.5,0.0,6.5,0.00,
17:35:27,80,6.5,0.0,6.5,0.00,
17:35:28,80,6.5,0.0,6.5,0.00,
17:35:29,80,6.5,0.0,6.5,0.00,
17:35:30,80,6.5,0.0,6.5,0.00,
17:35:31,80,6.5,0.0,6.5,0.00,
17:35:32,80,6.5,0.0,6.5,0.00,
17:35:33,80,6.5,0.0,6.5,0.00,
17:35:34,80,6.5,0.0,6.5,0.00,
17:35:35,80,6.5,0.0,6.5,0.00,
17:35:36,80,6.5,0.0,6.5,0.00,
17:35:37,80,6.5,0.0,6.5,0.00,
17:35:38,80,6.5,0.0,6.5,0.00,
17:35:39,80,6.5,0.0,6.5,0.00,
17:35:40,80,6.5,0.0,6.5,0.00,
17:35:41,80,6.5,0.0,6.5,0.00,
17:35:42,80,6.5,0.0,6.5,0.00,
17:35:43,80,6.5,0.0,6.5,0.00,
17:35:44,80,6.5,0.0,6.5,0.00,
17:35:45,80,6.5,0.0,6.5,0.00,
17:35:46,80,6.5,0.0,6.5,0.00,
17:35:48,80,6.5,0.0,6.5,0.00,
17:35:49,80,6.5,0.0,6.5,0.00,
17:35:50,80,6.5,0.0,6.5,0.00,
17:35:51,80,6.5,0.0,6.5,0.00,
17:35:52,80,6.5,0.0,6.5,0.00,
17:35:53,80,6.5,0.0,6.5,0.00,
17:35:54,80,6.5,0.0,6.5,0.00,
17:35:55,80,6.5,0.0,6.5,0.00,
17:35:56,80,6.5,0.0,6.5,0.00,
17:35:57,80,6.5,0.0,6.5,0.00,
17:35:58,80,6.5,0.0,6.5,0.00,
17:35:59,80,6.5,0.0,6.5,0.00,
17:36:00,80,6.5,0.0,6.5,0.00,
17:36:01,80,6.5,0.0,6.5,0.00,
17:36:02,80,6.5,0.0,6.5,0.00,
17:36:03,80,6.5,0.0,6.5,0.00,
17:36:04,80,6.5,0.0,6.5,0.00,
17:36:05,80,9.3,0.0,9.3,0.00,
17:36:06,80,9.3,0.0,9.3,0.00,
17:36:07,80,9.3,0.0,9.3,0.00,
17:36:08,80,9.3,0.0,9.3,0.00,
17:36:09,80,9.3,0.0,9.3,0.00,
17:36:10,80,9.3,0.0,9.3,0.00,
17:36:11,80,9.3,0.0,9.3,0.00,
17:36:12,80,9.3,0.0,9.3,0.00,
17:36:13,80,9.3,0.0,9.3,0.00,
17:36:14,80,9.3,0.0,9.3,0.00,
17:36:15,80,9.3,0.0,9.3,0.00,
17:36:17,80,9.3,0.0,9.3,0.00,
17:36:18,80,9.3,0.0,9.3,0.00,
17:36:19,80,9.3,0.0,9.3,0.00,
17:36:20,80,9.3,0.0,9.3,0.00,
17:36:21,80,9.3,0.0,9.3,0.00,
17:36:22,80,9.3,0.0,9.3,0.00,
17:36:23,80,9.3,0.0,9.3,0.00,
17:36:24,80,9.3,0.0,9.3,0.00,
17:36:25,80,9.3,0.0,9.3,0.00,
17:36:26,80,9.3,0.0,9.3,0.00,
17:36:27,80,9.3,0.0,9.3,0.00,
17:36:28,80,9.3,0.0,9.3,0.00,
17:36:29,80,9.3,0.0,9.3,0.00,
17:36:30,80,9.3,0.0,9.3,0.00,
17:36:31,80,9.3,0.0,9.3,0.00,
17:36:32,80,9.3,0.0,9.3,0.00,
17:36:33,80,9.3,0.0,9.3,0.00,
17:36:34,80,9.3,0.0,9.3,0.00,
17:36:35,80,9.3,0.0,9.3,0.00,
17:36:36,80,9.3,0.0,9.3,0.00,
17:36:37,80,9.3,0.0,9.3,0.00,
17:36:38,80,9.3,0.0,9.3,0.00,
17:36:39,80,9.3,0.0,9.3,0.00,
17:36:40,80,9.3,0.0,9.3,0.00,
17:36:41,80,9.3,0.0,9.3,0.00,
17:36:42,80,9.3,0.0,9.3,0.00,
17:36:43,80,9.3,0.0,9.3,0.00,
17:36:45,80,9.3,0.0,9.3,0.00,
17:36:46,80,9.3,0.0,9.3,0.00,
17:36:47,80,9.3,0.0,9.3,0.00,
17:36:48,80,9.3,0.0,9.3,0.00,
17:36:49,80,9.3,0.0,9.3,0.00,
17:36:50,80,9.3,0.0,9.3,0.00,
17:36:51,80,9.3,0.0,9.3,0.00,
17:36:52,80,9.3,0.0,9.3,0.00,
17:36:53,80,9.3,0.0,9.3,0.00,
17:36:54,80,9.3,0.0,9.3,0.00,
17:36:55,80,9.3,0.0,9.3,0.00,
17:36:56,80,9.3,0.0,9.3,0.00,
17:36:57,80,9.3,0.0,9.3,0.00,
17:36:58,80,9.3,0.0,9.3,0.00,
17:36:59,80,9.3,0.0,9.3,0.00,
17:37:00,80,9.3,0.0,9.3,0.00,
17:37:01,80,9.3,0.0,9.3,0.00,
17:37:02,80,9.3,0.0,9.3,0.00,
17:37:03,80,9.3,0.0,9.3,0.00,
17:37:04,80,9.3,0.0,9.3,0.00,
17:40:05,80,103.9,0.0,103.9,0.00,
17:40:06,80,103.9,0.0,103.9,0.00,
17:40:07,80,103.9,0.0,103.9,0.00,
17:40:08,80,103.9,0.0,103.9,0.00,
17:40:09,80,103.9,0.0,103.9,0.00,
17:40:10,80,103.9,0.0,103.9,0.00,
17:40:11,80,103.9,0.0,103.9,0.00,
17:40:12,80,103.9,0.0,103.9,0.00,
17:40:13,80,103.9,0.0,103.9,0.00,
17:40:14,80,103.9,0.0,103.9,0.00,
17:40:15,80,103.9,0.0,103.9,0.00,
17:40:16,80,103.9,0.0,103.9,0.00,
17:40:17,80,103.9,0.0,103.9,0.00,
17:40:18,80,103.9,0.0,103.9,0.00,
17:40:19,80,103.9,0.0,103.9,0.00,
17:40:21,80,103.9,0.0,103.9,0.00,
17:40:22,80,103.9,0.0,103.9,0.00,
17:40:23,80,103.9,0.0,103.9,0.00,
17:40:24,80,103.9,0.0,103.9,0.00,
17:40:25,80,103.9,0.0,103.9,0.00,
17:40:26,80,103.9,0.0,103.9,0.00,
17:40:27,80,103.9,0.0,103.9,0.00,
17:40:28,80,103.9,0.0,103.9,0.00,
17:40:29,80,103.9,0.0,103.9,0.00,
17:40:30,80,103.9,0.0,103.9,0.00,
17:40:31,80,103.9,0.0,103.9,0.00,
17:40:32,80,103.9,0.0,103.9,0.00,
17:40:33,80,103.9,0.0,103.9,0.00,
17:40:34,80,103.9,0.0,103.9,0.00,
17:40:35,80,103.9,0.0,103.9,0.00,
17:40:36,80,103.9,0.0,103.9,0.00,
17:40:37,80,103.9,0.0,103.9,0.00,
17:40:38,80,103.9,0.0,103.9,0.00,
17:40:39,80,103.9,0.0,103.9,0.00,
17:40:40,80,103.9,0.0,103.9,0.00,
17:40:41,80,103.9,0.0,103.9,0.00,
17:40:42,80,103.9,0.0,103.9,0.00,
17:40:43,80,103.9,0.0,103.9,0.00,
17:40:45,80,103.9,0.0,103.9,0.00,
17:40:46,80,103.9,0.0,103.9,0.00,
17:40:47,80,103.9,0.0,103.9,0.00,
17:40:48,80,103.9,0.0,103.9,0.00,
17:40:49,80,103.9,0.0,103.9,0.00,
17:40:50,80,103.9,0.0,103.9,0.00,
17:40:51,80,103.9,0.0,103.9,0.00,
17:40:52,80,103.9,0.0,103.9,0.00,
17:40:53,80,103.9,0.0,103.9,0.00,
17:40:54,80,103.9,0.0,103.9,0.00,
17:40:56,80,103.9,0.0,103.9,0.00,
17:40:57,80,103.9,0.0,103.9,0.00,
17:40:58,80,103.9,0.0,103.9,0.00,
17:40:59,80,103.9,0.0,103.9,0.00,
17:41:00,80,103.9,0.0,103.9,0.00,
17:41:01,80,103.9,0.0,103.9,0.00,
17:41:02,80,103.9,0.0,103.9,0.00,
17:41:03,80,103.9,0.0,103.9,0.00,
17:41:04,80,103.9,0.0,103.9,0.00,
17:41:05,80,103.8,0.0,103.6,0.00,
17:41:06,80,103.8,0.0,103.6,0.00,
17:41:07,80,103.8,0.0,103.6,0.00,
17:41:08,80,103.8,0.0,103.6,0.00,
17:41:09,80,103.8,0.0,103.6,0.00,
17:41:10,80,103.8,0.0,103.6,0.00,
17:41:11,80,103.8,0.0,103.6,0.00,
17:41:12,80,103.8,0.0,103.6,0.00,
17:41:13,80,103.8,0.0,103.6,0.00,
17:41:14,80,103.8,0.0,103.6,0.00,
17:41:15,80,103.8,0.0,103.6,0.00,
17:41:16,80,103.8,0.0,103.6,0.00,
17:41:17,80,103.8,0.0,103.6,0.00,
17:41:18,80,103.8,0.0,103.6,0.00,
17:41:19,80,103.8,0.0,103.6,0.00,
17:41:20,80,103.8,0.0,103.6,0.00,
17:41:21,80,103.8,0.0,103.6,0.00,
17:41:22,80,103.8,0.0,103.6,0.00,
17:41:24,80,103.8,0.0,103.6,0.00,
17:41:25,80,103.8,0.0,103.6,0.00,
17:41:26,80,103.8,0.0,103.6,0.00,
17:41:27,80,103.8,0.0,103.6,0.00,
17:41:28,80,103.8,0.0,103.6,0.00,
17:41:29,80,103.8,0.0,103.6,0.00,
17:41:30,80,103.8,0.0,103.6,0.00,
17:41:31,80,103.8,0.0,103.6,0.00,
17:41:32,80,103.8,0.0,103.6,0.00,
17:41:33,80,103.8,0.0,103.6,0.00,
17:41:34,80,103.8,0.0,103.6,0.00,
17:41:35,80,103.8,0.0,103.6,0.00,
17:41:36,80,103.8,0.0,103.6,0.00,
17:41:37,80,103.8,0.0,103.6,0.00,
17:41:38,80,103.8,0.0,103.6,0.00,
17:41:39,80,103.8,0.0,103.6,0.00,
17:41:40,80,103.8,0.0,103.6,0.00,
17:41:41,80,103.8,0.0,103.6,0.00,
17:41:42,80,103.8,0.0,103.6,0.00,
17:41:43,80,103.8,0.0,103.6,0.00,
17:41:44,80,103.8,0.0,103.6,0.00,
17:41:45,80,103.8,0.0,103.6,0.00,
17:41:46,80,103.8,0.0,103.6,0.00,
17:41:47,80,103.8,0.0,103.6,0.00,
17:41:48,80,103.8,0.0,103.6,0.00,
17:41:49,80,103.8,0.0,103.6,0.00,
17:41:50,80,103.8,0.0,103.6,0.00,
17:41:51,80,103.8,0.0,103.6,0.00,
17:41:53,80,103.8,0.0,103.6,0.00,
17:41:54,80,103.8,0.0,103.6,0.00,
17:41:55,80,103.8,0.0,103.6,0.00,
17:41:56,80,103.8,0.0,103.6,0.00,
17:41:57,80,103.8,0.0,103.6,0.00,
17:41:58,80,103.8,0.0,103.6,0.00,
17:41:59,80,103.8,0.0,103.6,0.00,
17:42:00,80,103.8,0.0,103.6,0.00,
17:42:01,80,103.8,0.0,103.6,0.00,
17:42:02,80,103.8,0.0,103.6,0.00,
17:43:51,80,107.4,0.0,107.2,0.00,
17:43:52,80,107.4,0.0,107.2,0.00,
17:43:53,80,107.4,0.0,107.2,0.00,
17:43:54,80,107.4,0.0,107.2,0.00,
17:43:55,80,107.4,0.0,107.2,0.00,
17:43:56,80,107.4,0.0,107.2,0.00,
17:43:57,80,107.4,0.0,107.2,0.00,
17:43:58,80,107.4,0.0,107.2,0.00,
17:43:59,80,107.4,0.0,107.2,0.00,
17:44:00,80,107.4,0.0,107.2,0.00,
17:44:01,80,107.4,0.0,107.2,0.00,
17:44:02,80,107.4,0.0,107.2,0.00,
17:44:03,80,107.4,0.0,107.2,0.00,
17:44:04,80,107.4,0.0,107.2,0.00,
17:44:05,80,107.4,0.0,107.2,0.00,
17:44:06,80,107.4,0.0,107.2,0.00,
17:44:07,80,107.4,0.0,107.2,0.00,
17:44:08,80,107.4,0.0,107.2,0.00,
17:44:09,80,107.4,0.0,107.2,0.00,
17:44:10,80,107.4,0.0,107.2,0.00,
17:44:11,80,107.4,0.0,107.2,0.00,
17:44:12,80,107.4,0.0,107.2,0.00,
17:44:13,80,107.4,0.0,107.2,0.00,
17:44:14,80,107.4,0.0,107.2,0.00,
17:44:16,80,107.4,0.0,107.2,0.00,
17:44:17,80,107.4,0.0,107.2,0.00,
17:44:18,80,107.4,0.0,107.2,0.00,
17:44:19,80,107.4,0.0,107.2,0.00,
17:44:20,80,107.4,0.0,107.2,0.00,
17:44:21,80,107.4,0.0,107.2,0.00,
17:44:22,80,107.4,0.0,107.2,0.00,
17:44:23,80,107.4,0.0,107.2,0.00,
17:44:24,80,107.4,0.0,107.2,0.00,
17:44:25,80,107.4,0.0,107.2,0.00,
17:44:26,80,107.4,0.0,107.2,0.00,
17:44:27,80,107.4,0.0,107.2,0.00,
17:44:28,80,107.4,0.0,107.2,0.00,
17:44:29,80,107.4,0.0,107.2,0.00,
17:44:30,80,107.4,0.0,107.2,0.00,
17:44:31,80,107.4,0.0,107.2,0.00,
17:44:32,80,107.4,0.0,107.2,0.00,
17:44:33,80,107.4,0.0,107.2,0.00,
17:44:34,80,107.4,0.0,107.2,0.00,
17:44:35,80,107.4,0.0,107.2,0.00,
17:44:36,80,107.4,0.0,107.2,0.00,
17:44:37,80,107.4,0.0,107.2,0.00,
17:44:38,80,107.4,0.0,107.2,0.00,
17:44:39,80,107.4,0.0,107.2,0.00,
17:44:40,80,107.4,0.0,107.2,0.00,
17:44:41,80,107.4,0.0,107.2,0.00,
17:44:42,80,107.4,0.0,107.2,0.00,
17:44:43,80,107.4,0.0,107.2,0.00,
17:44:45,80,107.4,0.0,107.2,0.00,
17:44:46,80,107.4,0.0,107.2,0.00,
17:44:47,80,107.4,0.0,107.2,0.00,
17:44:48,80,107.4,0.0,107.2,0.00,
17:44:49,80,107.4,0.0,107.2,0.00,
17:44:50,80,107.4,0.0,107.2,0.00,
17:46:51,80,107.5,0.0,107.5,0.00,
17:46:52,80,107.5,0.0,107.5,0.00,
17:46:53,80,107.5,0.0,107.5,0.00,
17:46:54,80,107.5,0.0,107.5,0.00,
17:46:55,80,107.5,0.0,107.5,0.00,
17:46:56,80,107.5,0.0,107.5,0.00,
17:46:57,80,107.5,0.0,107.5,0.00,
17:46:58,80,107.5,0.0,107.5,0.00,
17:46:59,80,107.5,0.0,107.5,0.00,
17:47:00,80,107.5,0.0,107.5,0.00,
17:47:01,80,107.5,0.0,107.5,0.00,
17:47:02,80,107.5,0.0,107.5,0.00,
17:47:04,80,107.5,0.0,107.5,0.00,
17:47:05,80,107.5,0.0,107.5,0.00,
17:47:06,80,107.5,0.0,107.5,0.00,
17:47:07,80,107.5,0.0,107.5,0.00,
17:47:08,80,107.5,0.0,107.5,0.00,
17:47:09,80,107.5,0.0,107.5,0.00,
17:47:10,80,107.5,0.0,107.5,0.00,
17:47:11,80,107.5,0.0,107.5,0.00,
17:47:12,80,107.5,0.0,107.5,0.00,
17:47:13,80,107.5,0.0,107.5,0.00,
17:47:14,80,107.5,0.0,107.5,0.00,
17:47:15,80,107.5,0.0,107.5,0.00,
17:47:16,80,107.5,0.0,107.5,0.00,
17:47:17,80,107.5,0.0,107.5,0.00,
17:47:18,80,107.5,0.0,107.5,0.00,
17:47:19,80,107.5,0.0,107.5,0.00,
17:47:20,80,107.5,0.0,107.5,0.00,
17:47:21,80,107.5,0.0,107.5,0.00,
17:47:22,80,107.5,0.0,107.5,0.00,
17:47:23,80,107.5,0.0,107.5,0.00,
17:47:24,80,107.5,0.0,107.5,0.00,
17:47:25,80,107.5,0.0,107.5,0.00,
17:47:26,80,107.5,0.0,107.5,0.00,
17:47:27,80,107.5,0.0,107.5,0.00,
17:47:28,80,107.5,0.0,107.5,0.00,
17:47:29,80,107.5,0.0,107.5,0.00,
17:47:31,80,107.5,0.0,107.5,0.00,
17:47:32,80,107.5,0.0,107.5,0.00,
17:47:33,80,107.5,0.0,107.5,0.00,
17:47:34,80,107.5,0.0,107.5,0.00,
17:47:35,80,107.5,0.0,107.5,0.00,
17:47:36,80,107.5,0.0,107.5,0.00,
17:47:37,80,107.5,0.0,107.5,0.00,
17:47:38,80,107.5,0.0,107.5,0.00,
17:47:39,80,107.5,0.0,107.5,0.00,
17:47:40,80,107.5,0.0,107.5,0.00,
17:47:41,80,107.5,0.0,107.5,0.00,
17:47:42,80,107.5,0.0,107.5,0.00,
17:47:43,80,107.5,0.0,107.5,0.00,
17:47:44,80,107.5,0.0,107.5,0.00,
17:47:45,80,107.5,0.0,107.5,0.00,
17:47:46,80,107.5,0.0,107.5,0.00,
17:47:47,80,107.5,0.0,107.5,0.00,
17:47:48,80,107.5,0.0,107.5,0.00,
17:47:49,80,107.5,0.0,107.5,0.00,
17:47:50,80,107.5,0.0,107.5,0.00,
17:47:51,80,104.1,0.0,104.1,0.00,
17:47:52,80,104.1,0.0,104.1,0.00,
17:47:53,80,104.1,0.0,104.1,0.00,
17:47:54,80,104.1,0.0,104.1,0.00,
17:47:55,80,104.1,0.0,104.1,0.00,
17:47:56,80,104.1,0.0,104.1,0.00,
17:47:58,80,104.1,0.0,104.1,0.00,
17:47:59,80,104.1,0.0,104.1,0.00,
17:48:00,80,104.1,0.0,104.1,0.00,
17:48:01,80,104.1,0.0,104.1,0.00,
17:48:02,80,104.1,0.0,104.1,0.00,
17:48:03,80,104.1,0.0,104.1,0.00,
17:48:04,80,104.1,0.0,104.1,0.00,
17:48:05,80,104.1,0.0,104.1,0.00,
17:48:06,80,104.1,0.0,104.1,0.00,
17:48:07,80,104.1,0.0,104.1,0.00,
17:48:08,80,104.1,0.0,104.1,0.00,
17:48:09,80,104.1,0.0,104.1,0.00,
17:48:10,80,104.1,0.0,104.1,0.00,
17:48:11,80,104.1,0.0,104.1,0.00,
17:48:12,80,104.1,0.0,104.1,0.00,
17:48:13,80,104.1,0.0,104.1,0.00,
17:48:14,80,104.1,0.0,104.1,0.00,
17:48:15,80,104.1,0.0,104.1,0.00,
17:48:16,80,104.1,0.0,104.1,0.00,
17:48:17,80,104.1,0.0,104.1,0.00,
17:48:18,80,104.1,0.0,104.1,0.00,
17:48:19,80,104.1,0.0,104.1,0.00,
17:48:20,80,104.1,0.0,104.1,0.00,
17:48:21,80,104.1,0.0,104.1,0.00,
17:48:22,80,104.1,0.0,104.1,0.00,
17:48:23,80,104.1,0.0,104.1,0.00,
17:48:25,80,104.1,0.0,104.1,0.00,
17:48:26,80,104.1,0.0,104.1,0.00,
17:48:27,80,104.1,0.0,104.1,0.00,
17:48:28,80,104.1,0.0,104.1,0.00,
17:48:29,80,104.1,0.0,104.1,0.00,
17:48:30,80,104.1,0.0,104.1,0.00,
17:48:31,80,104.1,0.0,104.1,0.00,
17:48:32,80,104.1,0.0,104.1,0.00,
17:48:33,80,104.1,0.0,104.1,0.00,
17:48:34,80,104.1,0.0,104.1,0.00,
17:48:35,80,104.1,0.0,104.1,0.00,
17:48:36,80,104.1,0.0,104.1,0.00,
17:48:37,80,104.1,0.0,104.1,0.00,
17:48:38,80,104.1,0.0,104.1,0.00,
17:48:39,80,104.1,0.0,104.1,0.00,
17:48:40,80,104.1,0.0,104.1,0.00,
17:48:41,80,104.1,0.0,104.1,0.00,
17:48:42,80,104.1,0.0,104.1,0.00,
17:48:43,80,104.1,0.0,104.1,0.00,
17:48:44,80,104.1,0.0,104.1,0.00,
17:48:45,80,104.1,0.0,104.1,0.00,
17:48:46,80,104.1,0.0,104.1,0.00,
17:48:47,80,104.1,0.0,104.1,0.00,
17:48:48,80,104.1,0.0,104.1,0.00,
17:48:49,80,104.1,0.0,104.1,0.00,
17:48:50,80,104.1,0.0,104.1,0.00,
17:48:51,80,105.4,0.0,105.4,0.00,
17:48:53,80,105.4,0.0,105.4,0.00,
17:48:54,80,105.4,0.0,105.4,0.00,
17:48:55,80,105.4,0.0,105.4,0.00,
17:48:56,80,105.4,0.0,105.4,0.00,
17:48:57,80,105.4,0.0,105.4,0.00,
17:48:58,80,105.4,0.0,105.4,0.00,
17:48:59,80,105.4,0.0,105.4,0.00,
17:49:00,80,105.4,0.0,105.4,0.00,
17:49:01,80,105.4,0.0,105.4,0.00,
17:49:02,80,105.4,0.0,105.4,0.00,
17:49:03,80,105.4,0.0,105.4,0.00,
17:49:04,80,105.4,0.0,105.4,0.00,
17:49:05,80,105.4,0.0,105.4,0.00,
17:49:06,80,105.4,0.0,105.4,0.00,
17:49:07,80,105.4,0.0,105.4,0.00,
17:49:08,80,105.4,0.0,105.4,0.00,
17:49:09,80,105.4,0.0,105.4,0.00,
17:49:10,80,105.4,0.0,105.4,0.00,
17:49:11,80,105.4,0.0,105.4,0.00,
17:49:12,80,105.4,0.0,105.4,0.00,
17:49:13,80,105.4,0.0,105.4,0.00,
17:49:14,80,105.4,0.0,105.4,0.00,
17:49:15,80,105.4,0.0,105.4,0.00,
17:49:16,80,105.4,0.0,105.4,0.00,
17:49:17,80,105.4,0.0,105.4,0.00,
17:49:18,80,105.4,0.0,105.4,0.00,
17:49:19,80,105.4,0.0,105.4,0.00,
17:49:20,80,105.4,0.0,105.4,0.00,
17:49:21,80,105.4,0.0,105.4,0.00,
17:49:22,80,105.4,0.0,105.4,0.00,
17:49:23,80,105.4,0.0,105.4,0.00,
17:49:24,80,105.4,0.0,105.4,0.00,
17:49:25,80,105.4,0.0,105.4,0.00,
17:49:26,80,105.4,0.0,105.4,0.00,
17:49:27,80,105.4,0.0,105.4,0.00,
17:49:28,80,105.4,0.0,105.4,0.00,
17:49:30,80,105.4,0.0,105.4,0.00,
17:49:31,80,105.4,0.0,105.4,0.00,
17:49:32,80,105.4,0.0,105.4,0.00,
17:49:33,80,105.4,0.0,105.4,0.00,
17:49:34,80,105.4,0.0,105.4,0.00,
17:49:35,80,105.4,0.0,105.4,0.00,
17:49:36,80,105.4,0.0,105.4,0.00,
17:49:37,80,105.4,0.0,105.4,0.00,
17:49:38,80,105.4,0.0,105.4,0.00,
17:49:39,80,105.4,0.0,105.4,0.00,
17:49:40,80,105.4,0.0,105.4,0.00,
17:49:41,80,105.4,0.0,105.4,0.00,
17:49:42,80,105.4,0.0,105.4,0.00,
17:49:43,80,105.4,0.0,105.4,0.00,
17:49:44,80,105.4,0.0,105.4,0.00,
17:49:45,80,105.4,0.0,105.4,0.00,
17:49:46,80,105.4,0.0,105.4,0.00,
17:49:47,80,105.4,0.0,105.4,0.00,
17:49:48,80,105.4,0.0,105.4,0.00,
17:49:49,80,105.4,0.0,105.4,0.00,
17:49:50,80,105.4,0.0,105.4,0.00,
17:49:51,80,89.5,0.0,89.5,0.00,
17:49:52,80,89.5,0.0,89.5,0.00,
17:49:53,80,89.5,0.0,89.5,0.00,
17:49:54,80,89.5,0.0,89.5,0.00,
17:49:55,80,89.5,0.0,89.5,0.00,
17:49:56,80,89.5,0.0,89.5,0.00,
17:49:57,80,89.5,0.0,89.5,0.00,
17:49:58,80,89.5,0.0,89.5,0.00,
17:49:59,80,89.5,0.0,89.5,0.00,
17:50:00,80,89.5,0.0,89.5,0.00,
17:50:01,80,89.5,0.0,89.5,0.00,
17:50:02,80,89.5,0.0,89.5,0.00,
17:50:03,80,89.5,0.0,89.5,0.00,
17:50:04,80,89.5,0.0,89.5,0.00,
17:50:05,80,89.5,0.0,89.5,0.00,
17:50:06,80,89.5,0.0,89.5,0.00,
17:50:07,80,89.5,0.0,89.5,0.00,
17:50:08,80,89.5,0.0,89.5,0.00,
17:50:09,80,89.5,0.0,89.5,0.00,
17:50:10,80,89.5,0.0,89.5,0.00,
17:50:11,80,89.5,0.0,89.5,0.00,
17:50:12,80,89.5,0.0,89.5,0.00,
17:50:13,80,89.5,0.0,89.5,0.00,
17:50:14,80,89.5,0.0,89.5,0.00,
17:50:15,80,89.5,0.0,89.5,0.00,
17:50:16,80,89.5,0.0,89.5,0.00,
17:50:17,80,89.5,0.0,89.5,0.00,
17:50:18,80,89.5,0.0,89.5,0.00,
17:50:19,80,89.5,0.0,89.5,0.00,
17:50:20,80,89.5,0.0,89.5,0.00,
17:50:21,80,89.5,0.0,89.5,0.00,
17:50:23,80,89.5,0.0,89.5,0.00,
17:50:24,80,89.5,0.0,89.5,0.00,
17:50:25,80,89.5,0.0,89.5,0.00,
17:50:26,80,89.5,0.0,89.5,0.00,
17:50:27,80,89.5,0.0,89.5,0.00,
17:50:28,80,89.5,0.0,89.5,0.00,
17:50:29,80,89.5,0.0,89.5,0.00,
17:50:30,80,89.5,0.0,89.5,0.00,
17:50:31,80,89.5,0.0,89.5,0.00,
17:50:32,80,89.5,0.0,89.5,0.00,
17:50:33,80,89.5,0.0,89.5,0.00,
17:50:34,80,89.5,0.0,89.5,0.00,
17:50:35,80,89.5,0.0,89.5,0.00,
17:50:36,80,89.5,0.0,89.5,0.00,
17:50:37,80,89.5,0.0,89.5,0.00,
17:50:38,80,89.5,0.0,89.5,0.00,
17:50:39,80,89.5,0.0,89.5,0.00,
17:50:40,80,89.5,0.0,89.5,0.00,
17:50:41,80,89.5,0.0,89.5,0.00,
17:50:42,80,89.5,0.0,89.5,0.00,
17:50:43,80,89.5,0.0,89.5,0.00,
17:50:44,80,89.5,0.0,89.5,0.00,
17:50:45,80,89.5,0.0,89.5,0.00,
17:50:46,80,89.5,0.0,89.5,0.00,
17:50:47,80,89.5,0.0,89.5,0.00,
17:50:48,80,89.5,0.0,89.5,0.00,
17:50:49,80,89.5,0.0,89.5,0.00,
17:50:50,80,89.5,0.0,89.5,0.00,
17:50:51,80,87.8,0.0,87.8,0.00,
17:50:52,80,87.8,0.0,87.8,0.00,
17:50:53,80,87.8,0.0,87.8,0.00,
17:50:54,80,87.8,0.0,87.8,0.00,
17:50:55,80,87.8,0.0,87.8,0.00,
17:50:56,80,87.8,0.0,87.8,0.00,
17:50:57,80,87.8,0.0,87.8,0.00,
17:50:58,80,87.8,0.0,87.8,0.00,
17:50:59,80,87.8,0.0,87.8,0.00,
17:51:00,80,87.8,0.0,87.8,0.00,
17:51:01,80,87.8,0.0,87.8,0.00,
17:51:02,80,87.8,0.0,87.8,0.00,
17:51:03,80,87.8,0.0,87.8,0.00,
17:51:04,80,87.8,0.0,87.8,0.00,
17:51:05,80,87.8,0.0,87.8,0.00,
17:51:06,80,87.8,0.0,87.8,0.00,
17:51:07,80,87.8,0.0,87.8,0.00,
17:51:08,80,87.8,0.0,87.8,0.00,
17:51:09,80,87.8,0.0,87.8,0.00,
17:51:10,80,87.8,0.0,87.8,0.00,
17:51:11,80,87.8,0.0,87.8,0.00,
17:51:12,80,87.8,0.0,87.8,0.00,
17:51:13,80,87.8,0.0,87.8,0.00,
17:51:15,80,87.8,0.0,87.8,0.00,
17:51:16,80,87.8,0.0,87.8,0.00,
17:51:17,80,87.8,0.0,87.8,0.00,
17:51:18,80,87.8,0.0,87.8,0.00,
17:51:19,80,87.8,0.0,87.8,0.00,
17:51:20,80,87.8,0.0,87.8,0.00,
17:51:21,80,87.8,0.0,87.8,0.00,
17:51:22,80,87.8,0.0,87.8,0.00,
17:51:23,80,87.8,0.0,87.8,0.00,
17:51:24,80,87.8,0.0,87.8,0.00,
17:51:25,80,87.8,0.0,87.8,0.00,
17:51:26,80,87.8,0.0,87.8,0.00,
17:51:27,80,87.8,0.0,87.8,0.00,
17:51:28,80,87.8,0.0,87.8,0.00,
17:51:29,80,87.8,0.0,87.8,0.00,
17:51:30,80,87.8,0.0,87.8,0.00,
17:51:31,80,87.8,0.0,87.8,0.00,
17:51:32,80,87.8,0.0,87.8,0.00,
17:51:33,80,87.8,0.0,87.8,0.00,
17:51:34,80,87.8,0.0,87.8,0.00,
17:51:35,80,87.8,0.0,87.8,0.00,
17:51:36,80,87.8,0.0,87.8,0.00,
17:51:37,80,87.8,0.0,87.8,0.00,
17:51:38,80,87.8,0.0,87.8,0.00,
17:51:39,80,87.8,0.0,87.8,0.00,
17:51:40,80,87.8,0.0,87.8,0.00,
17:51:41,80,87.8,0.0,87.8,0.00,
17:51:42,80,87.8,0.0,87.8,0.00,
17:51:43,80,87.8,0.0,87.8,0.00,
17:51:44,80,87.8,0.0,87.8,0.00,
17:51:45,80,87.8,0.0,87.8,0.00,
17:51:46,80,87.8,0.0,87.8,0.00,
17:51:47,80,87.8,0.0,87.8,0.00,
17:51:48,80,87.8,0.0,87.8,0.00,
17:51:49,80,87.8,0.0,87.8,0.00,
17:51:50,80,87.8,0.0,87.8,0.00,
17:51:51,80,87.5,0.0,87.5,0.00,
17:51:52,80,87.5,0.0,87.5,0.00,
17:51:53,80,87.5,0.0,87.5,0.00,
17:51:54,80,87.5,0.0,87.5,0.00,
17:51:55,80,87.5,0.0,87.5,0.00,
17:51:56,80,87.5,0.0,87.5,0.00,
17:51:57,80,87.5,0.0,87.5,0.00,
17:51:58,80,87.5,0.0,87.5,0.00,
17:51:59,80,87.5,0.0,87.5,0.00,
17:52:00,80,87.5,0.0,87.5,0.00,
17:52:01,80,87.5,0.0,87.5,0.00,
17:52:02,80,87.5,0.0,87.5,0.00,
17:52:03,80,87.5,0.0,87.5,0.00,
17:52:04,80,87.5,0.0,87.5,0.00,
17:52:05,80,87.5,0.0,87.5,0.00,
17:52:07,80,87.5,0.0,87.5,0.00,
17:52:08,80,87.5,0.0,87.5,0.00,
17:52:09,80,87.5,0.0,87.5,0.00,
17:52:10,80,87.5,0.0,87.5,0.00,
17:52:11,80,87.5,0.0,87.5,0.00,
17:52:12,80,87.5,0.0,87.5,0.00,
17:52:13,80,87.5,0.0,87.5,0.00,
17:52:14,80,87.5,0.0,87.5,0.00,
17:52:15,80,87.5,0.0,87.5,0.00,
17:52:16,80,87.5,0.0,87.5,0.00,
17:52:17,80,87.5,0.0,87.5,0.00,
17:52:18,80,87.5,0.0,87.5,0.00,
17:52:19,80,87.5,0.0,87.5,0.00,
17:52:20,80,87.5,0.0,87.5,0.00,
17:52:21,80,87.5,0.0,87.5,0.00,
17:52:22,80,87.5,0.0,87.5,0.00,
17:52:23,80,87.5,0.0,87.5,0.00,
17:52:24,80,87.5,0.0,87.5,0.00,
17:52:25,80,87.5,0.0,87.5,0.00,
17:52:26,80,87.5,0.0,87.5,0.00,
17:52:27,80,87.5,0.0,87.5,0.00,
17:52:28,80,87.5,0.0,87.5,0.00,
17:52:29,80,87.5,0.0,87.5,0.00,
17:52:30,80,87.5,0.0,87.5,0.00,
17:52:31,80,87.5,0.0,87.5,0.00,
17:52:32,80,87.5,0.0,87.5,0.00,
17:52:33,80,87.5,0.0,87.5,0.00,
17:52:34,80,87.5,0.0,87.5,0.00,
17:52:35,80,87.5,0.0,87.5,0.00,
17:52:36,80,87.5,0.0,87.5,0.00,
17:52:37,80,87.5,0.0,87.5,0.00,
17:52:38,80,87.5,0.0,87.5,0.00,
17:52:39,80,87.5,0.0,87.5,0.00,
17:52:40,80,87.5,0.0,87.5,0.00,
17:52:41,80,87.5,0.0,87.5,0.00,
17:52:42,80,87.5,0.0,87.5,0.00,
17:52:43,80,87.5,0.0,87.5,0.00,
17:52:44,80,87.5,0.0,87.5,0.00,
17:52:45,80,87.5,0.0,87.5,0.00,
17:52:46,80,87.5,0.0,87.5,0.00,
17:52:47,80,87.5,0.0,87.5,0.00,
17:52:48,80,87.5,0.0,87.5,0.00,
17:52:49,80,87.5,0.0,87.5,0.00,
17:52:50,80,87.5,0.0,87.5,0.00,
17:52:51,80,86.4,0.0,86.4,0.00,
17:52:52,80,86.4,0.0,86.4,0.00,
17:52:53,80,86.4,0.0,86.4,0.00,
17:52:54,80,86.4,0.0,86.4,0.00,
17:52:55,80,86.4,0.0,86.4,0.00,
17:52:56,80,86.4,0.0,86.4,0.00,
17:52:57,80,86.4,0.0,86.4,0.00,
17:52:59,80,86.4,0.0,86.4,0.00,
17:53:00,80,86.4,0.0,86.4,0.00,
17:53:01,80,86.4,0.0,86.4,0.00,
17:53:02,80,86.4,0.0,86.4,0.00,
17:53:03,80,86.4,0.0,86.4,0.00,
17:53:04,80,86.4,0.0,86.4,0.00,
17:53:05,80,86.4,0.0,86.4,0.00,
17:53:06,80,86.4,0.0,86.4,0.00,
17:53:07,80,86.4,0.0,86.4,0.00,
17:53:08,80,86.4,0.0,86.4,0.00,
17:53:09,80,86.4,0.0,86.4,0.00,
17:53:10,80,86.4,0.0,86.4,0.00,
17:53:11,80,86.4,0.0,86.4,0.00,
17:53:12,80,86.4,0.0,86.4,0.00,
17:53:13,80,86.4,0.0,86.4,0.00,
17:53:14,80,86.4,0.0,86.4,0.00,
17:53:15,80,86.4,0.0,86.4,0.00,
17:53:16,80,86.4,0.0,86.4,0.00,
17:53:17,80,86.4,0.0,86.4,0.00,
17:53:18,80,86.4,0.0,86.4,0.00,
17:53:19,80,86.4,0.0,86.4,0.00,
17:53:20,80,86.4,0.0,86.4,0.00,
17:53:21,80,86.4,0.0,86.4,0.00,
17:53:22,80,86.4,0.0,86.4,0.00,
17:53:23,80,86.4,0.0,86.4,0.00,
17:53:24,80,86.4,0.0,86.4,0.00,
17:53:25,80,86.4,0.0,86.4,0.00,
17:53:26,80,86.4,0.0,86.4,0.00,
17:53:27,80,86.4,0.0,86.4,0.00,
17:53:28,80,86.4,0.0,86.4,0.00,
17:53:29,80,86.4,0.0,86.4,0.00,
17:53:30,80,86.4,0.0,86.4,0.00,
17:53:31,80,86.4,0.0,86.4,0.00,
17:53:32,80,86.4,0.0,86.4,0.00,
17:53:33,80,86.4,0.0,86.4,0.00,
17:53:34,80,86.4,0.0,86.4,0.00,
17:53:35,80,86.4,0.0,86.4,0.00,
17:53:36,80,86.4,0.0,86.4,0.00,
17:53:37,80,86.4,0.0,86.4,0.00,
17:53:38,80,86.4,0.0,86.4,0.00,
17:53:39,80,86.4,0.0,86.4,0.00,
17:53:40,80,86.4,0.0,86.4,0.00,
17:53:41,80,86.4,0.0,86.4,0.00,
17:53:42,80,86.4,0.0,86.4,0.00,
17:53:43,80,86.4,0.0,86.4,0.00,
17:53:44,80,86.4,0.0,86.4,0.00,
17:53:45,80,86.4,0.0,86.4,0.00,
17:53:46,80,86.4,0.0,86.4,0.00,
17:53:47,80,86.4,0.0,86.4,0.00,
17:53:48,80,86.4,0.0,86.4,0.00,
17:53:49,80,86.4,0.0,86.4,0.00,
17:53:50,80,86.4,0.0,86.4,0.00,
17:53:52,80,86.9,0.0,86.9,0.00,
17:53:53,80,86.9,0.0,86.9,0.00,
17:53:54,80,86.9,0.0,86.9,0.00,
17:53:55,80,86.9,0.0,86.9,0.00,
17:53:56,80,86.9,0.0,86.9,0.00,
17:53:57,80,86.9,0.0,86.9,0.00,
17:53:58,80,86.9,0.0,86.9,0.00,
17:53:59,80,86.9,0.0,86.9,0.00,
17:54:00,80,86.9,0.0,86.9,0.00,
17:54:01,80,86.9,0.0,86.9,0.00,
17:54:02,80,86.9,0.0,86.9,0.00,
17:54:03,80,86.9,0.0,86.9,0.00,
17:54:04,80,86.9,0.0,86.9,0.00,
17:54:05,80,86.9,0.0,86.9,0.00,
17:54:06,80,86.9,0.0,86.9,0.00,
17:54:07,80,86.9,0.0,86.9,0.00,
17:54:08,80,86.9,0.0,86.9,0.00,
17:54:09,80,86.9,0.0,86.9,0.00,
17:54:10,80,86.9,0.0,86.9,0.00,
17:54:11,80,86.9,0.0,86.9,0.00,
17:54:12,80,86.9,0.0,86.9,0.00,
17:54:13,80,86.9,0.0,86.9,0.00,
17:54:14,80,86.9,0.0,86.9,0.00,
17:54:15,80,86.9,0.0,86.9,0.00,
17:54:16,80,86.9,0.0,86.9,0.00,
17:54:17,80,86.9,0.0,86.9,0.00,
17:54:18,80,86.9,0.0,86.9,0.00,
17:54:19,80,86.9,0.0,86.9,0.00,
17:54:20,80,86.9,0.0,86.9,0.00,
17:54:21,80,86.9,0.0,86.9,0.00,
17:54:22,80,86.9,0.0,86.9,0.00,
17:54:23,80,86.9,0.0,86.9,0.00,
17:54:24,80,86.9,0.0,86.9,0.00,
17:54:25,80,86.9,0.0,86.9,0.00,
17:54:26,80,86.9,0.0,86.9,0.00,
17:54:27,80,86.9,0.0,86.9,0.00,
17:54:28,80,86.9,0.0,86.9,0.00,
17:54:29,80,86.9,0.0,86.9,0.00,
17:54:30,80,86.9,0.0,86.9,0.00,
17:54:31,80,86.9,0.0,86.9,0.00,
17:54:32,80,86.9,0.0,86.9,0.00,
17:54:33,80,86.9,0.0,86.9,0.00,
17:54:34,80,86.9,0.0,86.9,0.00,
17:54:35,80,86.9,0.0,86.9,0.00,
17:54:36,80,86.9,0.0,86.9,0.00,
17:54:37,80,86.9,0.0,86.9,0.00,
17:54:38,80,86.9,0.0,86.9,0.00,
17:54:39,80,86.9,0.0,86.9,0.00,
17:54:40,80,86.9,0.0,86.9,0.00,
17:54:41,80,86.9,0.0,86.9,0.00,
17:54:43,80,86.9,0.0,86.9,0.00,
17:54:44,80,86.9,0.0,86.9,0.00,
17:54:45,80,86.9,0.0,86.9,0.00,
17:54:46,80,86.9,0.0,86.9,0.00,
17:54:47,80,86.9,0.0,86.9,0.00,
17:54:48,80,86.9,0.0,86.9,0.00,
17:54:49,80,86.9,0.0,86.9,0.00,
17:54:50,80,86.9,0.0,86.9,0.00,
17:54:51,80,87.0,0.0,87.0,0.00,
17:54:52,80,87.0,0.0,87.0,0.00,
17:54:53,80,87.0,0.0,87.0,0.00,
17:54:54,80,87.0,0.0,87.0,0.00,
17:54:55,80,87.0,0.0,87.0,0.00,
17:54:56,80,87.0,0.0,87.0,0.00,
17:54:57,80,87.0,0.0,87.0,0.00,
17:54:58,80,87.0,0.0,87.0,0.00,
17:54:59,80,87.0,0.0,87.0,0.00,
17:55:00,80,87.0,0.0,87.0,0.00,
17:55:01,80,87.0,0.0,87.0,0.00,
17:55:02,80,87.0,0.0,87.0,0.00,
17:55:03,80,87.0,0.0,87.0,0.00,
17:55:04,80,87.0,0.0,87.0,0.00,
17:55:05,80,87.0,0.0,87.0,0.00,
17:55:06,80,87.0,0.0,87.0,0.00,
17:55:07,80,87.0,0.0,87.0,0.00,
17:55:08,80,87.0,0.0,87.0,0.00,
17:55:09,80,87.0,0.0,87.0,0.00,
17:55:10,80,87.0,0.0,87.0,0.00,
17:55:11,80,87.0,0.0,87.0,0.00,
17:55:12,80,87.0,0.0,87.0,0.00,
17:55:13,80,87.0,0.0,87.0,0.00,
17:55:14,80,87.0,0.0,87.0,0.00,
17:55:15,80,87.0,0.0,87.0,0.00,
17:55:16,80,87.0,0.0,87.0,0.00,
17:55:17,80,87.0,0.0,87.0,0.00,
17:55:18,80,87.0,0.0,87.0,0.00,
17:55:19,80,87.0,0.0,87.0,0.00,
17:55:20,80,87.0,0.0,87.0,0.00,
17:55:21,80,87.0,0.0,87.0,0.00,
17:55:22,80,87.0,0.0,87.0,0.00,
17:55:23,80,87.0,0.0,87.0,0.00,
17:55:24,80,87.0,0.0,87.0,0.00,
17:55:25,80,87.0,0.0,87.0,0.00,
17:55:26,80,87.0,0.0,87.0,0.00,
17:55:27,80,87.0,0.0,87.0,0.00,
17:55:28,80,87.0,0.0,87.0,0.00,
17:55:29,80,87.0,0.0,87.0,0.00,
17:55:30,80,87.0,0.0,87.0,0.00,
17:55:31,80,87.0,0.0,87.0,0.00,
17:55:32,80,87.0,0.0,87.0,0.00,
17:55:33,80,87.0,0.0,87.0,0.00,
17:55:35,80,87.0,0.0,87.0,0.00,
17:55:36,80,87.0,0.0,87.0,0.00,
17:55:37,80,87.0,0.0,87.0,0.00,
17:55:38,80,87.0,0.0,87.0,0.00,
17:55:39,80,87.0,0.0,87.0,0.00,
17:55:40,80,87.0,0.0,87.0,0.00,
17:55:41,80,87.0,0.0,87.0,0.00,
17:55:42,80,87.0,0.0,87.0,0.00,
17:55:43,80,87.0,0.0,87.0,0.00,
17:55:44,80,87.0,0.0,87.0,0.00,
17:55:45,80,87.0,0.0,87.0,0.00,
17:55:46,80,87.0,0.0,87.0,0.00,
17:55:47,80,87.0,0.0,87.0,0.00,
17:55:48,80,87.0,0.0,87.0,0.00,
17:55:49,80,87.0,0.0,87.0,0.00,
17:55:50,80,87.0,0.0,87.0,0.00,
17:55:51,80,86.8,0.0,86.8,0.00,
17:55:52,80,86.8,0.0,86.8,0.00,
17:55:53,80,86.8,0.0,86.8,0.00,
17:55:54,80,86.8,0.0,86.8,0.00,
17:55:55,80,86.8,0.0,86.8,0.00,
17:55:56,80,86.8,0.0,86.8,0.00,
17:55:57,80,86.8,0.0,86.8,0.00,
17:55:58,80,86.8,0.0,86.8,0.00,
17:55:59,80,86.8,0.0,86.8,0.00,
17:56:00,80,86.8,0.0,86.8,0.00,
17:56:01,80,86.8,0.0,86.8,0.00,
17:56:02,80,86.8,0.0,86.8,0.00,
17:56:03,80,86.8,0.0,86.8,0.00,
17:56:04,80,86.8,0.0,86.8,0.00,
17:56:05,80,86.8,0.0,86.8,0.00,
17:56:06,80,86.8,0.0,86.8,0.00,
17:56:07,80,86.8,0.0,86.8,0.00,
17:56:08,80,86.8,0.0,86.8,0.00,
17:56:09,80,86.8,0.0,86.8,0.00,
17:56:10,80,86.8,0.0,86.8,0.00,
17:56:11,80,86.8,0.0,86.8,0.00,
17:56:12,80,86.8,0.0,86.8,0.00,
17:56:13,80,86.8,0.0,86.8,0.00,
17:56:14,80,86.8,0.0,86.8,0.00,
17:56:15,80,86.8,0.0,86.8,0.00,
17:56:16,80,86.8,0.0,86.8,0.00,
17:56:17,80,86.8,0.0,86.8,0.00,
17:56:18,80,86.8,0.0,86.8,0.00,
17:56:19,80,86.8,0.0,86.8,0.00,
17:56:20,80,86.8,0.0,86.8,0.00,
17:56:21,80,86.8,0.0,86.8,0.00,
17:56:22,80,86.8,0.0,86.8,0.00,
17:56:23,80,86.8,0.0,86.8,0.00,
17:56:24,80,86.8,0.0,86.8,0.00,
17:56:25,80,86.8,0.0,86.8,0.00,
17:56:27,80,86.8,0.0,86.8,0.00,
17:56:28,80,86.8,0.0,86.8,0.00,
17:56:29,80,86.8,0.0,86.8,0.00,
17:56:30,80,86.8,0.0,86.8,0.00,
17:56:31,80,86.8,0.0,86.8,0.00,
17:56:32,80,86.8,0.0,86.8,0.00,
17:56:33,80,86.8,0.0,86.8,0.00,
17:56:34,80,86.8,0.0,86.8,0.00,
17:56:35,80,86.8,0.0,86.8,0.00,
17:56:36,80,86.8,0.0,86.8,0.00,
17:56:37,80,86.8,0.0,86.8,0.00,
17:56:38,80,86.8,0.0,86.8,0.00,
17:56:39,80,86.8,0.0,86.8,0.00,
17:56:40,80,86.8,0.0,86.8,0.00,
17:56:41,80,86.8,0.0,86.8,0.00,
17:56:42,80,86.8,0.0,86.8,0.00,
17:56:43,80,86.8,0.0,86.8,0.00,
17:56:44,80,86.8,0.0,86.8,0.00,
17:56:45,80,86.8,0.0,86.8,0.00,
17:56:46,80,86.8,0.0,86.8,0.00,
17:56:47,80,86.8,0.0,86.8,0.00,
17:56:48,80,86.8,0.0,86.8,0.00,
17:56:49,80,86.8,0.0,86.8,0.00,
17:56:50,80,86.8,0.0,86.8,0.00,
17:56:51,80,87.5,0.0,87.5,0.00,
17:56:52,80,87.5,0.0,87.5,0.00,
17:56:53,80,87.5,0.0,87.5,0.00,
17:56:54,80,87.5,0.0,87.5,0.00,
17:56:55,80,87.5,0.0,87.5,0.00,
17:56:56,80,87.5,0.0,87.5,0.00,
17:56:57,80,87.5,0.0,87.5,0.00,
17:56:58,80,87.5,0.0,87.5,0.00,
17:56:59,80,87.5,0.0,87.5,0.00,
17:57:00,80,87.5,0.0,87.5,0.00,
17:57:01,80,87.5,0.0,87.5,0.00,
17:57:02,80,87.5,0.0,87.5,0.00,
17:57:03,80,87.5,0.0,87.5,0.00,
17:57:04,80,87.5,0.0,87.5,0.00,
17:57:05,80,87.5,0.0,87.5,0.00,
17:57:06,80,87.5,0.0,87.5,0.00,
17:57:07,80,87.5,0.0,87.5,0.00,
17:57:08,80,87.5,0.0,87.5,0.00,
17:57:09,80,87.5,0.0,87.5,0.00,
17:57:10,80,87.5,0.0,87.5,0.00,
17:57:11,80,87.5,0.0,87.5,0.00,
17:57:12,80,87.5,0.0,87.5,0.00,
17:57:13,80,87.5,0.0,87.5,0.00,
17:57:14,80,87.5,0.0,87.5,0.00,
17:57:15,80,87.5,0.0,87.5,0.00,
17:57:16,80,87.5,0.0,87.5,0.00,
17:57:18,80,87.5,0.0,87.5,0.00,
17:57:19,80,87.5,0.0,87.5,0.00,
17:57:20,80,87.5,0.0,87.5,0.00,
17:57:21,80,87.5,0.0,87.5,0.00,
17:57:22,80,87.5,0.0,87.5,0.00,
17:57:23,80,87.5,0.0,87.5,0.00,
17:57:24,80,87.5,0.0,87.5,0.00,
17:57:25,80,87.5,0.0,87.5,0.00,
17:57:26,80,87.5,0.0,87.5,0.00,
17:57:27,80,87.5,0.0,87.5,0.00,
17:57:28,80,87.5,0.0,87.5,0.00,
17:57:29,80,87.5,0.0,87.5,0.00,
17:57:30,80,87.5,0.0,87.5,0.00,
17:57:31,80,87.5,0.0,87.5,0.00,
17:57:32,80,87.5,0.0,87.5,0.00,
17:57:33,80,87.5,0.0,87.5,0.00,
17:57:34,80,87.5,0.0,87.5,0.00,
17:57:35,80,87.5,0.0,87.5,0.00,
17:57:36,80,87.5,0.0,87.5,0.00,
17:57:37,80,87.5,0.0,87.5,0.00,
17:57:38,80,87.5,0.0,87.5,0.00,
17:57:39,80,87.5,0.0,87.5,0.00,
17:57:40,80,87.5,0.0,87.5,0.00,
17:57:41,80,87.5,0.0,87.5,0.00,
17:57:42,80,87.5,0.0,87.5,0.00,
17:57:43,80,87.5,0.0,87.5,0.00,
17:57:44,80,87.5,0.0,87.5,0.00,
17:57:45,80,87.5,0.0,87.5,0.00,
17:57:46,80,87.5,0.0,87.5,0.00,
17:57:47,80,87.5,0.0,87.5,0.00,
17:57:48,80,87.5,0.0,87.5,0.00,
17:57:49,80,87.5,0.0,87.5,0.00,
17:57:50,80,87.5,0.0,87.5,0.00,
17:58:51,80,92.9,0.0,92.9,0.00,
17:58:52,80,92.9,0.0,92.9,0.00,
17:58:54,80,92.9,0.0,92.9,0.00,
17:58:55,80,92.9,0.0,92.9,0.00,
17:58:56,80,92.9,0.0,92.9,0.00,
17:58:57,80,92.9,0.0,92.9,0.00,
17:58:58,80,92.9,0.0,92.9,0.00,
17:58:59,80,92.9,0.0,92.9,0.00,
17:59:00,80,92.9,0.0,92.9,0.00,
17:59:01,80,92.9,0.0,92.9,0.00,
17:59:02,80,92.9,0.0,92.9,0.00,
17:59:03,80,92.9,0.0,92.9,0.00,
17:59:04,80,92.9,0.0,92.9,0.00,
17:59:05,80,92.9,0.0,92.9,0.00,
17:59:06,80,92.9,0.0,92.9,0.00,
17:59:07,80,92.9,0.0,92.9,0.00,
17:59:08,80,92.9,0.0,92.9,0.00,
17:59:09,80,92.9,0.0,92.9,0.00,
17:59:10,80,92.9,0.0,92.9,0.00,
17:59:11,80,92.9,0.0,92.9,0.00,
17:59:12,80,92.9,0.0,92.9,0.00,
17:59:13,80,92.9,0.0,92.9,0.00,
17:59:14,80,92.9,0.0,92.9,0.00,
17:59:15,80,92.9,0.0,92.9,0.00,
17:59:16,80,92.9,0.0,92.9,0.00,
17:59:17,80,92.9,0.0,92.9,0.00,
17:59:18,80,92.9,0.0,92.9,0.00,
17:59:19,80,92.9,0.0,92.9,0.00,
17:59:20,80,92.9,0.0,92.9,0.00,
17:59:21,80,92.9,0.0,92.9,0.00,
17:59:22,80,92.9,0.0,92.9,0.00,
17:59:23,80,92.9,0.0,92.9,0.00,
17:59:24,80,92.9,0.0,92.9,0.00,
17:59:25,80,92.9,0.0,92.9,0.00,
17:59:26,80,92.9,0.0,92.9,0.00,
17:59:27,80,92.9,0.0,92.9,0.00,
17:59:28,80,92.9,0.0,92.9,0.00,
17:59:29,80,92.9,0.0,92.9,0.00,
17:59:30,80,92.9,0.0,92.9,0.00,
17:59:31,80,92.9,0.0,92.9,0.00,
17:59:32,80,92.9,0.0,92.9,0.00,
17:59:33,80,92.9,0.0,92.9,0.00,
17:59:34,80,92.9,0.0,92.9,0.00,
17:59:35,80,92.9,0.0,92.9,0.00,
17:59:36,80,92.9,0.0,92.9,0.00,
17:59:37,80,92.9,0.0,92.9,0.00,
17:59:38,80,92.9,0.0,92.9,0.00,
17:59:39,80,92.9,0.0,92.9,0.00,
17:59:40,80,92.9,0.0,92.9,0.00,
17:59:41,80,92.9,0.0,92.9,0.00,
17:59:42,80,92.9,0.0,92.9,0.00,
17:59:43,80,92.9,0.0,92.9,0.00,
17:59:44,80,92.9,0.0,92.9,0.00,
17:59:45,80,92.9,0.0,92.9,0.00,
17:59:47,80,92.9,0.0,92.9,0.00,
17:59:48,80,92.9,0.0,92.9,0.00,
17:59:49,80,92.9,0.0,92.9,0.00,
17:59:50,80,92.9,0.0,92.9,0.00,
17:59:51,80,89.6,0.0,89.6,0.00,
17:59:52,80,89.6,0.0,89.6,0.00,
17:59:53,80,89.6,0.0,89.6,0.00,
17:59:54,80,89.6,0.0,89.6,0.00,
17:59:55,80,89.6,0.0,89.6,0.00,
17:59:56,80,89.6,0.0,89.6,0.00,
17:59:57,80,89.6,0.0,89.6,0.00,
17:59:58,80,89.6,0.0,89.6,0.00,
17:59:59,80,89.6,0.0,89.6,0.00,
18:00:00,80,89.6,0.0,89.6,0.00,
18:00:01,80,89.6,0.0,89.6,0.00,
18:00:02,80,89.6,0.0,89.6,0.00,
18:00:03,80,89.6,0.0,89.6,0.00,
18:00:04,80,89.6,0.0,89.6,0.00,
18:00:05,80,89.6,0.0,89.6,0.00,
18:00:06,80,89.6,0.0,89.6,0.00,
18:00:07,80,89.6,0.0,89.6,0.00,
18:00:08,80,89.6,0.0,89.6,0.00,
18:00:09,80,89.6,0.0,89.6,0.00,
18:00:10,80,89.6,0.0,89.6,0.00,
18:00:11,80,89.6,0.0,89.6,0.00,
18:00:12,80,89.6,0.0,89.6,0.00,
18:00:13,80,89.6,0.0,89.6,0.00,
18:00:14,80,89.6,0.0,89.6,0.00,
18:00:15,80,89.6,0.0,89.6,0.00,
18:00:16,80,89.6,0.0,89.6,0.00,
18:00:17,80,89.6,0.0,89.6,0.00,
18:00:18,80,89.6,0.0,89.6,0.00,
18:00:19,80,89.6,0.0,89.6,0.00,
18:00:20,80,89.6,0.0,89.6,0.00,
18:00:21,80,89.6,0.0,89.6,0.00,
18:00:22,80,89.6,0.0,89.6,0.00,
18:00:23,80,89.6,0.0,89.6,0.00,
18:00:24,80,89.6,0.0,89.6,0.00,
18:00:25,80,89.6,0.0,89.6,0.00,
18:00:26,80,89.6,0.0,89.6,0.00,
18:00:27,80,89.6,0.0,89.6,0.00,
18:00:28,80,89.6,0.0,89.6,0.00,
18:00:29,80,89.6,0.0,89.6,0.00,
18:00:30,80,89.6,0.0,89.6,0.00,
18:00:31,80,89.6,0.0,89.6,0.00,
18:00:32,80,89.6,0.0,89.6,0.00,
18:00:33,80,89.6,0.0,89.6,0.00,
18:00:34,80,89.6,0.0,89.6,0.00,
18:00:36,80,89.6,0.0,89.6,0.00,
18:00:37,80,89.6,0.0,89.6,0.00,
18:00:38,80,89.6,0.0,89.6,0.00,
18:00:39,80,89.6,0.0,89.6,0.00,
18:00:40,80,89.6,0.0,89.6,0.00,
18:00:41,80,89.6,0.0,89.6,0.00,
18:00:42,80,89.6,0.0,89.6,0.00,
18:00:43,80,89.6,0.0,89.6,0.00,
18:00:44,80,89.6,0.0,89.6,0.00,
18:00:45,80,89.6,0.0,89.6,0.00,
18:00:46,80,89.6,0.0,89.6,0.00,
18:00:47,80,89.6,0.0,89.6,0.00,
18:00:48,80,89.6,0.0,89.6,0.00,
18:00:49,80,89.6,0.0,89.6,0.00,
18:00:50,80,89.6,0.0,89.6,0.00,
18:00:51,80,92.0,0.0,92.0,0.00,
18:00:52,80,92.0,0.0,92.0,0.00,
18:00:53,80,92.0,0.0,92.0,0.00,
18:00:54,80,92.0,0.0,92.0,0.00,
18:00:55,80,92.0,0.0,92.0,0.00,
18:00:56,80,92.0,0.0,92.0,0.00,
18:00:57,80,92.0,0.0,92.0,0.00,
18:00:58,80,92.0,0.0,92.0,0.00,
18:00:59,80,92.0,0.0,92.0,0.00,
18:01:00,80,92.0,0.0,92.0,0.00,
18:01:01,80,92.0,0.0,92.0,0.00,
18:01:02,80,92.0,0.0,92.0,0.00,
18:01:03,80,92.0,0.0,92.0,0.00,
18:01:04,80,92.0,0.0,92.0,0.00,
18:01:05,80,92.0,0.0,92.0,0.00,
18:01:06,80,92.0,0.0,92.0,0.00,
18:01:07,80,92.0,0.0,92.0,0.00,
18:01:08,80,92.0,0.0,92.0,0.00,
18:01:09,80,92.0,0.0,92.0,0.00,
18:01:10,80,92.0,0.0,92.0,0.00,
18:01:11,80,92.0,0.0,92.0,0.00,
18:01:12,80,92.0,0.0,92.0,0.00,
18:01:13,80,92.0,0.0,92.0,0.00,
18:01:14,80,92.0,0.0,92.0,0.00,
18:01:15,80,92.0,0.0,92.0,0.00,
18:01:16,80,92.0,0.0,92.0,0.00,
18:01:17,80,92.0,0.0,92.0,0.00,
18:01:18,80,92.0,0.0,92.0,0.00,
18:01:19,80,92.0,0.0,92.0,0.00,
18:01:20,80,92.0,0.0,92.0,0.00,
18:01:21,80,92.0,0.0,92.0,0.00,
18:01:22,80,92.0,0.0,92.0,0.00,
18:01:23,80,92.0,0.0,92.0,0.00,
18:01:24,80,92.0,0.0,92.0,0.00,
18:01:26,80,92.0,0.0,92.0,0.00,
18:01:27,80,92.0,0.0,92.0,0.00,
18:01:28,80,92.0,0.0,92.0,0.00,
18:01:29,80,92.0,0.0,92.0,0.00,
18:01:30,80,92.0,0.0,92.0,0.00,
18:01:31,80,92.0,0.0,92.0,0.00,
18:01:32,80,92.0,0.0,92.0,0.00,
18:01:33,80,92.0,0.0,92.0,0.00,
18:01:34,80,92.0,0.0,92.0,0.00,
18:01:35,80,92.0,0.0,92.0,0.00,
18:01:36,80,92.0,0.0,92.0,0.00,
18:01:37,80,92.0,0.0,92.0,0.00,
18:01:38,80,92.0,0.0,92.0,0.00,
18:01:39,80,92.0,0.0,92.0,0.00,
18:01:40,80,92.0,0.0,92.0,0.00,
18:01:41,80,92.0,0.0,92.0,0.00,
18:01:42,80,92.0,0.0,92.0,0.00,
18:01:43,80,92.0,0.0,92.0,0.00,
18:01:44,80,92.0,0.0,92.0,0.00,
18:01:45,80,92.0,0.0,92.0,0.00,
18:01:46,80,92.0,0.0,92.0,0.00,
18:01:47,80,92.0,0.0,92.0,0.00,
18:01:48,80,92.0,0.0,92.0,0.00,
18:01:49,80,92.0,0.0,92.0,0.00,
18:01:50,80,92.0,0.0,92.0,0.00,
18:01:51,80,91.6,0.0,91.6,0.00,
18:01:52,80,91.6,0.0,91.6,0.00,
18:01:53,80,91.6,0.0,91.6,0.00,
18:01:54,80,91.6,0.0,91.6,0.00,
18:01:55,80,91.6,0.0,91.6,0.00,
18:01:56,80,91.6,0.0,91.6,0.00,
18:01:57,80,91.6,0.0,91.6,0.00,
18:01:58,80,91.6,0.0,91.6,0.00,
18:01:59,80,91.6,0.0,91.6,0.00,
18:02:00,80,91.6,0.0,91.6,0.00,
18:02:01,80,91.6,0.0,91.6,0.00,
18:02:02,80,91.6,0.0,91.6,0.00,
18:02:03,80,91.6,0.0,91.6,0.00,
18:02:04,80,91.6,0.0,91.6,0.00,
18:02:05,80,91.6,0.0,91.6,0.00,
18:02:06,80,91.6,0.0,91.6,0.00,
18:02:07,80,91.6,0.0,91.6,0.00,
18:02:08,80,91.6,0.0,91.6,0.00,
18:02:09,80,91.6,0.0,91.6,0.00,
18:02:10,80,91.6,0.0,91.6,0.00,
18:02:11,80,91.6,0.0,91.6,0.00,
18:02:12,80,91.6,0.0,91.6,0.00,
18:02:13,80,91.6,0.0,91.6,0.00,
18:02:14,80,91.6,0.0,91.6,0.00,
18:02:15,80,91.6,0.0,91.6,0.00,
18:02:17,80,91.6,0.0,91.6,0.00,
18:02:18,80,91.6,0.0,91.6,0.00,
18:02:19,80,91.6,0.0,91.6,0.00,
18:02:20,80,91.6,0.0,91.6,0.00,
18:02:21,80,91.6,0.0,91.6,0.00,
18:02:22,80,91.6,0.0,91.6,0.00,
18:02:23,80,91.6,0.0,91.6,0.00,
18:02:24,80,91.6,0.0,91.6,0.00,
18:02:25,80,91.6,0.0,91.6,0.00,
18:02:26,80,91.6,0.0,91.6,0.00,
18:02:27,80,91.6,0.0,91.6,0.00,
18:02:28,80,91.6,0.0,91.6,0.00,
18:02:29,80,91.6,0.0,91.6,0.00,
18:02:30,80,91.6,0.0,91.6,0.00,
18:02:31,80,91.6,0.0,91.6,0.00,
18:02:32,80,91.6,0.0,91.6,0.00,
18:02:33,80,91.6,0.0,91.6,0.00,
18:02:34,80,91.6,0.0,91.6,0.00,
18:02:35,80,91.6,0.0,91.6,0.00,
18:02:36,80,91.6,0.0,91.6,0.00,
18:02:37,80,91.6,0.0,91.6,0.00,
18:02:38,80,91.6,0.0,91.6,0.00,
18:02:39,80,91.6,0.0,91.6,0.00,
18:02:40,80,91.6,0.0,91.6,0.00,
18:02:41,80,91.6,0.0,91.6,0.00,
18:02:42,80,91.6,0.0,91.6,0.00,
18:02:43,80,91.6,0.0,91.6,0.00,
18:02:44,80,91.6,0.0,91.6,0.00,
18:02:45,80,91.6,0.0,91.6,0.00,
18:02:46,80,91.6,0.0,91.6,0.00,
18:02:47,80,91.6,0.0,91.6,0.00,
18:02:48,80,91.6,0.0,91.6,0.00,
18:02:49,80,91.6,0.0,91.6,0.00,
18:02:50,80,91.6,0.0,91.6,0.00,
18:02:51,80,90.3,0.0,90.3,0.00,
18:02:52,80,90.3,0.0,90.3,0.00,
18:02:53,80,90.3,0.0,90.3,0.00,
18:02:54,80,90.3,0.0,90.3,0.00,
18:02:55,80,90.3,0.0,90.3,0.00,
18:02:56,80,90.3,0.0,90.3,0.00,
18:02:57,80,90.3,0.0,90.3,0.00,
18:02:58,80,90.3,0.0,90.3,0.00,
18:02:59,80,90.3,0.0,90.3,0.00,
18:03:00,80,90.3,0.0,90.3,0.00,
18:03:01,80,90.3,0.0,90.3,0.00,
18:03:02,80,90.3,0.0,90.3,0.00,
18:03:03,80,90.3,0.0,90.3,0.00,
18:03:04,80,90.3,0.0,90.3,0.00,
18:03:05,80,90.3,0.0,90.3,0.00,
18:03:07,80,90.3,0.0,90.3,0.00,
18:03:08,80,90.3,0.0,90.3,0.00,
18:03:09,80,90.3,0.0,90.3,0.00,
18:03:10,80,90.3,0.0,90.3,0.00,
18:03:11,80,90.3,0.0,90.3,0.00,
18:03:12,80,90.3,0.0,90.3,0.00,
18:03:13,80,90.3,0.0,90.3,0.00,
18:03:14,80,90.3,0.0,90.3,0.00,
18:03:15,80,90.3,0.0,90.3,0.00,
18:03:16,80,90.3,0.0,90.3,0.00,
18:03:17,80,90.3,0.0,90.3,0.00,
18:03:18,80,90.3,0.0,90.3,0.00,
18:03:19,80,90.3,0.0,90.3,0.00,
18:03:20,80,90.3,0.0,90.3,0.00,
18:03:21,80,90.3,0.0,90.3,0.00,
18:03:22,80,90.3,0.0,90.3,0.00,
18:03:23,80,90.3,0.0,90.3,0.00,
18:03:24,80,90.3,0.0,90.3,0.00,
18:03:25,80,90.3,0.0,90.3,0.00,
18:03:26,80,90.3,0.0,90.3,0.00,
18:03:27,80,90.3,0.0,90.3,0.00,
18:03:28,80,90.3,0.0,90.3,0.00,
18:03:29,80,90.3,0.0,90.3,0.00,
18:03:30,80,90.3,0.0,90.3,0.00,
18:03:31,80,90.3,0.0,90.3,0.00,
18:03:32,80,90.3,0.0,90.3,0.00,
18:03:33,80,90.3,0.0,90.3,0.00,
18:03:34,80,90.3,0.0,90.3,0.00,
18:03:35,80,90.3,0.0,90.3,0.00,
18:03:36,80,90.3,0.0,90.3,0.00,
18:03:37,80,90.3,0.0,90.3,0.00,
18:03:38,80,90.3,0.0,90.3,0.00,
18:03:39,80,90.3,0.0,90.3,0.00,
18:03:40,80,90.3,0.0,90.3,0.00,
18:03:41,80,90.3,0.0,90.3,0.00,
18:03:42,80,90.3,0.0,90.3,0.00,
18:03:43,80,90.3,0.0,90.3,0.00,
18:03:44,80,90.3,0.0,90.3,0.00,
18:03:45,80,90.3,0.0,90.3,0.00,
18:03:46,80,90.3,0.0,90.3,0.00,
18:03:47,80,90.3,0.0,90.3,0.00,
18:03:48,80,90.3,0.0,90.3,0.00,
18:03:49,80,90.3,0.0,90.3,0.00,
18:03:50,80,90.3,0.0,90.3,0.00,
18:03:51,80,90.2,0.0,90.2,0.00,
18:03:52,80,90.2,0.0,90.2,0.00,
18:03:53,80,90.2,0.0,90.2,0.00,
18:03:54,80,90.2,0.0,90.2,0.00,
18:03:55,80,90.2,0.0,90.2,0.00,
18:03:56,80,90.2,0.0,90.2,0.00,
18:03:58,80,90.2,0.0,90.2,0.00,
18:03:59,80,90.2,0.0,90.2,0.00,
18:04:00,80,90.2,0.0,90.2,0.00,
18:04:01,80,90.2,0.0,90.2,0.00,
18:04:02,80,90.2,0.0,90.2,0.00,
18:04:03,80,90.2,0.0,90.2,0.00,
18:04:04,80,90.2,0.0,90.2,0.00,
18:04:05,80,90.2,0.0,90.2,0.00,
18:04:06,80,90.2,0.0,90.2,0.00,
18:04:07,80,90.2,0.0,90.2,0.00,
18:04:08,80,90.2,0.0,90.2,0.00,
18:04:09,80,90.2,0.0,90.2,0.00,
18:04:10,80,90.2,0.0,90.2,0.00,
18:04:11,80,90.2,0.0,90.2,0.00,
18:04:12,80,90.2,0.0,90.2,0.00,
18:04:13,80,90.2,0.0,90.2,0.00,
18:04:14,80,90.2,0.0,90.2,0.00,
18:04:15,80,90.2,0.0,90.2,0.00,
18:04:16,80,90.2,0.0,90.2,0.00,
18:04:17,80,90.2,0.0,90.2,0.00,
18:04:18,80,90.2,0.0,90.2,0.00,
18:04:19,80,90.2,0.0,90.2,0.00,
18:04:20,80,90.2,0.0,90.2,0.00,
18:04:21,80,90.2,0.0,90.2,0.00,
18:04:22,80,90.2,0.0,90.2,0.00,
18:04:23,80,90.2,0.0,90.2,0.00,
18:04:24,80,90.2,0.0,90.2,0.00,
18:04:25,80,90.2,0.0,90.2,0.00,
18:04:26,80,90.2,0.0,90.2,0.00,
18:04:27,80,90.2,0.0,90.2,0.00,
18:04:28,80,90.2,0.0,90.2,0.00,
18:04:29,80,90.2,0.0,90.2,0.00,
18:04:30,80,90.2,0.0,90.2,0.00,
18:04:31,80,90.2,0.0,90.2,0.00,
18:04:32,80,90.2,0.0,90.2,0.00,
18:04:33,80,90.2,0.0,90.2,0.00,
18:04:34,80,90.2,0.0,90.2,0.00,
18:04:35,80,90.2,0.0,90.2,0.00,
18:04:36,80,90.2,0.0,90.2,0.00,
18:04:37,80,90.2,0.0,90.2,0.00,
18:04:38,80,90.2,0.0,90.2,0.00,
18:04:39,80,90.2,0.0,90.2,0.00,
18:04:40,80,90.2,0.0,90.2,0.00,
18:04:41,80,90.2,0.0,90.2,0.00,
18:04:42,80,90.2,0.0,90.2,0.00,
18:04:43,80,90.2,0.0,90.2,0.00,
18:04:44,80,90.2,0.0,90.2,0.00,
18:04:45,80,90.2,0.0,90.2,0.00,
18:04:46,80,90.2,0.0,90.2,0.00,
18:04:47,80,90.2,0.0,90.2,0.00,
18:04:49,80,90.2,0.0,90.2,0.00,
18:04:50,80,90.2,0.0,90.2,0.00,
18:04:51,80,86.7,0.0,86.7,0.00,
18:04:52,80,86.7,0.0,86.7,0.00,
18:04:53,80,86.7,0.0,86.7,0.00,
18:04:54,80,86.7,0.0,86.7,0.00,
18:04:55,80,86.7,0.0,86.7,0.00,
18:04:56,80,86.7,0.0,86.7,0.00,
18:04:57,80,86.7,0.0,86.7,0.00,
18:04:58,80,86.7,0.0,86.7,0.00,
18:04:59,80,86.7,0.0,86.7,0.00,
18:05:00,80,86.7,0.0,86.7,0.00,
18:05:01,80,86.7,0.0,86.7,0.00,
18:05:02,80,86.7,0.0,86.7,0.00,
18:05:03,80,86.7,0.0,86.7,0.00,
18:05:04,80,86.7,0.0,86.7,0.00,
18:05:05,80,86.7,0.0,86.7,0.00,
18:05:06,80,86.7,0.0,86.7,0.00,
18:05:07,80,86.7,0.0,86.7,0.00,
18:05:08,80,86.7,0.0,86.7,0.00,
18:05:09,80,86.7,0.0,86.7,0.00,
18:05:10,80,86.7,0.0,86.7,0.00,
18:05:11,80,86.7,0.0,86.7,0.00,
18:05:12,80,86.7,0.0,86.7,0.00,
18:05:13,80,86.7,0.0,86.7,0.00,
18:05:14,80,86.7,0.0,86.7,0.00,
18:05:15,80,86.7,0.0,86.7,0.00,
18:05:16,80,86.7,0.0,86.7,0.00,
18:05:17,80,86.7,0.0,86.7,0.00,
18:05:18,80,86.7,0.0,86.7,0.00,
18:05:19,80,86.7,0.0,86.7,0.00,
18:05:20,80,86.7,0.0,86.7,0.00,
18:05:21,80,86.7,0.0,86.7,0.00,
18:05:22,80,86.7,0.0,86.7,0.00,
18:05:23,80,86.7,0.0,86.7,0.00,
18:05:24,80,86.7,0.0,86.7,0.00,
18:05:25,80,86.7,0.0,86.7,0.00,
18:05:26,80,86.7,0.0,86.7,0.00,
18:05:27,80,86.7,0.0,86.7,0.00,
18:05:28,80,86.7,0.0,86.7,0.00,
18:05:29,80,86.7,0.0,86.7,0.00,
18:05:30,80,86.7,0.0,86.7,0.00,
18:05:31,80,86.7,0.0,86.7,0.00,
18:05:32,80,86.7,0.0,86.7,0.00,
18:05:33,80,86.7,0.0,86.7,0.00,
18:05:34,80,86.7,0.0,86.7,0.00,
18:05:35,80,86.7,0.0,86.7,0.00,
18:05:36,80,86.7,0.0,86.7,0.00,
18:05:37,80,86.7,0.0,86.7,0.00,
18:05:38,80,86.7,0.0,86.7,0.00,
18:05:40,80,86.7,0.0,86.7,0.00,
18:05:41,80,86.7,0.0,86.7,0.00,
18:05:42,80,86.7,0.0,86.7,0.00,
18:05:43,80,86.7,0.0,86.7,0.00,
18:05:44,80,86.7,0.0,86.7,0.00,
18:05:45,80,86.7,0.0,86.7,0.00,
18:05:46,80,86.7,0.0,86.7,0.00,
18:05:47,80,86.7,0.0,86.7,0.00,
18:05:48,80,86.7,0.0,86.7,0.00,
18:05:49,80,86.7,0.0,86.7,0.00,
18:05:50,80,86.7,0.0,86.7,0.00,
18:05:51,80,87.1,0.0,87.1,0.00,
18:05:52,80,87.1,0.0,87.1,0.00,
18:05:53,80,87.1,0.0,87.1,0.00,
18:05:54,80,87.1,0.0,87.1,0.00,
18:05:55,80,87.1,0.0,87.1,0.00,
18:05:56,80,87.1,0.0,87.1,0.00,
18:05:57,80,87.1,0.0,87.1,0.00,
18:05:58,80,87.1,0.0,87.1,0.00,
18:05:59,80,87.1,0.0,87.1,0.00,
18:06:00,80,87.1,0.0,87.1,0.00,
18:06:01,80,87.1,0.0,87.1,0.00,
18:06:02,80,87.1,0.0,87.1,0.00,
18:06:03,80,87.1,0.0,87.1,0.00,
18:06:04,80,87.1,0.0,87.1,0.00,
18:06:05,80,87.1,0.0,87.1,0.00,
18:06:06,80,87.1,0.0,87.1,0.00,
18:06:07,80,87.1,0.0,87.1,0.00,
18:06:08,80,87.1,0.0,87.1,0.00,
18:06:09,80,87.1,0.0,87.1,0.00,
18:06:10,80,87.1,0.0,87.1,0.00,
18:06:11,80,87.1,0.0,87.1,0.00,
18:06:12,80,87.1,0.0,87.1,0.00,
18:06:13,80,87.1,0.0,87.1,0.00,
18:06:14,80,87.1,0.0,87.1,0.00,
18:06:15,80,87.1,0.0,87.1,0.00,
18:06:16,80,87.1,0.0,87.1,0.00,
18:06:17,80,87.1,0.0,87.1,0.00,
18:06:18,80,87.1,0.0,87.1,0.00,
18:06:19,80,87.1,0.0,87.1,0.00,
18:06:20,80,87.1,0.0,87.1,0.00,
18:06:21,80,87.1,0.0,87.1,0.00,
18:06:22,80,87.1,0.0,87.1,0.00,
18:06:23,80,87.1,0.0,87.1,0.00,
18:06:24,80,87.1,0.0,87.1,0.00,
18:06:25,80,87.1,0.0,87.1,0.00,
18:06:26,80,87.1,0.0,87.1,0.00,
18:06:27,80,87.1,0.0,87.1,0.00,
18:06:28,80,87.1,0.0,87.1,0.00,
18:06:29,80,87.1,0.0,87.1,0.00,
18:06:31,80,87.1,0.0,87.1,0.00,
18:06:32,80,87.1,0.0,87.1,0.00,
18:06:33,80,87.1,0.0,87.1,0.00,
18:06:34,80,87.1,0.0,87.1,0.00,
18:06:35,80,87.1,0.0,87.1,0.00,
18:06:36,80,87.1,0.0,87.1,0.00,
18:06:37,80,87.1,0.0,87.1,0.00,
18:06:38,80,87.1,0.0,87.1,0.00,
18:06:39,80,87.1,0.0,87.1,0.00,
18:06:40,80,87.1,0.0,87.1,0.00,
18:06:41,80,87.1,0.0,87.1,0.00,
18:06:42,80,87.1,0.0,87.1,0.00,
18:06:43,80,87.1,0.0,87.1,0.00,
18:06:44,80,87.1,0.0,87.1,0.00,
18:06:45,80,87.1,0.0,87.1,0.00,
18:06:46,80,87.1,0.0,87.1,0.00,
18:06:47,80,87.1,0.0,87.1,0.00,
18:06:48,80,87.1,0.0,87.1,0.00,
18:06:49,80,87.1,0.0,87.1,0.00,
18:06:50,80,87.1,0.0,87.1,0.00,
18:06:51,80,87.1,0.0,87.1,0.00,
18:06:52,80,87.1,0.0,87.1,0.00,
18:06:53,80,87.1,0.0,87.1,0.00,
18:06:54,80,87.1,0.0,87.1,0.00,
18:06:55,80,87.1,0.0,87.1,0.00,
18:06:56,80,87.1,0.0,87.1,0.00,
18:06:57,80,87.1,0.0,87.1,0.00,
18:06:58,80,87.1,0.0,87.1,0.00,
18:06:59,80,87.1,0.0,87.1,0.00,
18:07:00,80,87.1,0.0,87.1,0.00,
18:07:01,80,87.1,0.0,87.1,0.00,
18:07:02,80,87.1,0.0,87.1,0.00,
18:07:03,80,87.1,0.0,87.1,0.00,
18:07:04,80,87.1,0.0,87.1,0.00,
18:07:05,80,87.1,0.0,87.1,0.00,
18:07:06,80,87.1,0.0,87.1,0.00,
18:07:07,80,87.1,0.0,87.1,0.00,
18:07:08,80,87.1,0.0,87.1,0.00,
18:07:09,80,87.1,0.0,87.1,0.00,
18:07:10,80,87.1,0.0,87.1,0.00,
18:07:11,80,87.1,0.0,87.1,0.00,
18:07:12,80,87.1,0.0,87.1,0.00,
18:07:13,80,87.1,0.0,87.1,0.00,
18:07:14,80,87.1,0.0,87.1,0.00,
18:07:15,80,87.1,0.0,87.1,0.00,
18:07:16,80,87.1,0.0,87.1,0.00,
18:07:17,80,87.1,0.0,87.1,0.00,
18:07:18,80,87.1,0.0,87.1,0.00,
18:07:19,80,87.1,0.0,87.1,0.00,
18:07:20,80,87.1,0.0,87.1,0.00,
18:07:22,80,87.1,0.0,87.1,0.00,
18:07:23,80,87.1,0.0,87.1,0.00,
18:07:24,80,87.1,0.0,87.1,0.00,
18:07:25,80,87.1,0.0,87.1,0.00,
18:07:26,80,87.1,0.0,87.1,0.00,
18:07:27,80,87.1,0.0,87.1,0.00,
18:07:28,80,87.1,0.0,87.1,0.00,
18:07:29,80,87.1,0.0,87.1,0.00,
18:07:30,80,87.1,0.0,87.1,0.00,
18:07:31,80,87.1,0.0,87.1,0.00,
18:07:32,80,87.1,0.0,87.1,0.00,
18:07:33,80,87.1,0.0,87.1,0.00,
18:07:34,80,87.1,0.0,87.1,0.00,
18:07:35,80,87.1,0.0,87.1,0.00,
18:07:36,80,87.1,0.0,87.1,0.00,
18:07:37,80,87.1,0.0,87.1,0.00,
18:07:38,80,87.1,0.0,87.1,0.00,
18:07:39,80,87.1,0.0,87.1,0.00,
18:07:40,80,87.1,0.0,87.1,0.00,
18:07:41,80,87.1,0.0,87.1,0.00,
18:07:42,80,87.1,0.0,87.1,0.00,
18:07:43,80,87.1,0.0,87.1,0.00,
18:07:44,80,87.1,0.0,87.1,0.00,
18:07:45,80,87.1,0.0,87.1,0.00,
18:07:46,80,87.1,0.0,87.1,0.00,
18:07:47,80,87.1,0.0,87.1,0.00,
18:07:48,80,87.1,0.0,87.1,0.00,
18:07:49,80,87.1,0.0,87.1,0.00,
18:07:50,80,87.1,0.0,87.1,0.00,
18:07:51,80,91.3,0.0,91.3,0.00,
18:07:52,80,91.3,0.0,91.3,0.00,
18:07:53,80,91.3,0.0,91.3,0.00,
18:07:54,80,91.3,0.0,91.3,0.00,
18:07:55,80,91.3,0.0,91.3,0.00,
18:07:56,80,91.3,0.0,91.3,0.00,
18:07:57,80,91.3,0.0,91.3,0.00,
18:07:58,80,91.3,0.0,91.3,0.00,
18:07:59,80,91.3,0.0,91.3,0.00,
18:08:00,80,91.3,0.0,91.3,0.00,
18:08:01,80,91.3,0.0,91.3,0.00,
18:08:02,80,91.3,0.0,91.3,0.00,
18:08:03,80,91.3,0.0,91.3,0.00,
18:08:04,80,91.3,0.0,91.3,0.00,
18:08:05,80,91.3,0.0,91.3,0.00,
18:08:06,80,91.3,0.0,91.3,0.00,
18:08:07,80,91.3,0.0,91.3,0.00,
18:08:08,80,91.3,0.0,91.3,0.00,
18:08:09,80,91.3,0.0,91.3,0.00,
18:08:10,80,91.3,0.0,91.3,0.00,
18:08:12,80,91.3,0.0,91.3,0.00,
18:08:13,80,91.3,0.0,91.3,0.00,
18:08:14,80,91.3,0.0,91.3,0.00,
18:08:15,80,91.3,0.0,91.3,0.00,
18:08:16,80,91.3,0.0,91.3,0.00,
18:08:17,80,91.3,0.0,91.3,0.00,
18:08:18,80,91.3,0.0,91.3,0.00,
18:08:19,80,91.3,0.0,91.3,0.00,
18:08:20,80,91.3,0.0,91.3,0.00,
18:08:21,80,91.3,0.0,91.3,0.00,
18:08:22,80,91.3,0.0,91.3,0.00,
18:08:23,80,91.3,0.0,91.3,0.00,
18:08:24,80,91.3,0.0,91.3,0.00,
18:08:25,80,91.3,0.0,91.3,0.00,
18:08:26,80,91.3,0.0,91.3,0.00,
18:08:27,80,91.3,0.0,91.3,0.00,
18:08:28,80,91.3,0.0,91.3,0.00,
18:08:29,80,91.3,0.0,91.3,0.00,
18:08:30,80,91.3,0.0,91.3,0.00,
18:08:31,80,91.3,0.0,91.3,0.00,
18:08:32,80,91.3,0.0,91.3,0.00,
18:08:33,80,91.3,0.0,91.3,0.00,
18:08:34,80,91.3,0.0,91.3,0.00,
18:08:35,80,91.3,0.0,91.3,0.00,
18:08:36,80,91.3,0.0,91.3,0.00,
18:08:37,80,91.3,0.0,91.3,0.00,
18:08:38,80,91.3,0.0,91.3,0.00,
18:08:39,80,91.3,0.0,91.3,0.00,
18:08:40,80,91.3,0.0,91.3,0.00,
18:08:41,80,91.3,0.0,91.3,0.00,
18:08:42,80,91.3,0.0,91.3,0.00,
18:08:43,80,91.3,0.0,91.3,0.00,
18:08:44,80,91.3,0.0,91.3,0.00,
18:08:45,80,91.3,0.0,91.3,0.00,
18:08:46,80,91.3,0.0,91.3,0.00,
18:08:47,80,91.3,0.0,91.3,0.00,
18:08:48,80,91.3,0.0,91.3,0.00,
18:08:49,80,91.3,0.0,91.3,0.00,
18:08:50,80,91.3,0.0,91.3,0.00,
18:08:51,80,90.7,0.0,90.7,0.00,
18:08:52,80,90.7,0.0,90.7,0.00,
18:08:53,80,90.7,0.0,90.7,0.00,
18:08:54,80,90.7,0.0,90.7,0.00,
18:08:55,80,90.7,0.0,90.7,0.00,
18:08:56,80,90.7,0.0,90.7,0.00,
18:08:57,80,90.7,0.0,90.7,0.00,
18:08:58,80,90.7,0.0,90.7,0.00,
18:08:59,80,90.7,0.0,90.7,0.00,
18:09:00,80,90.7,0.0,90.7,0.00,
18:09:01,80,90.7,0.0,90.7,0.00,
18:09:03,80,90.7,0.0,90.7,0.00,
18:09:04,80,90.7,0.0,90.7,0.00,
18:09:05,80,90.7,0.0,90.7,0.00,
18:09:06,80,90.7,0.0,90.7,0.00,
18:09:07,80,90.7,0.0,90.7,0.00,
18:09:08,80,90.7,0.0,90.7,0.00,
18:09:09,80,90.7,0.0,90.7,0.00,
18:09:10,80,90.7,0.0,90.7,0.00,
18:09:11,80,90.7,0.0,90.7,0.00,
18:09:12,80,90.7,0.0,90.7,0.00,
18:09:13,80,90.7,0.0,90.7,0.00,
18:09:14,80,90.7,0.0,90.7,0.00,
18:09:15,80,90.7,0.0,90.7,0.00,
18:09:16,80,90.7,0.0,90.7,0.00,
18:09:17,80,90.7,0.0,90.7,0.00,
18:09:18,80,90.7,0.0,90.7,0.00,
18:09:19,80,90.7,0.0,90.7,0.00,
18:09:20,80,90.7,0.0,90.7,0.00,
18:09:21,80,90.7,0.0,90.7,0.00,
18:09:22,80,90.7,0.0,90.7,0.00,
18:09:23,80,90.7,0.0,90.7,0.00,
18:09:24,80,90.7,0.0,90.7,0.00,
18:09:25,80,90.7,0.0,90.7,0.00,
18:09:26,80,90.7,0.0,90.7,0.00,
18:09:27,80,90.7,0.0,90.7,0.00,
18:09:28,80,90.7,0.0,90.7,0.00,
18:09:29,80,90.7,0.0,90.7,0.00,
18:09:30,80,90.7,0.0,90.7,0.00,
18:09:31,80,90.7,0.0,90.7,0.00,
18:09:32,80,90.7,0.0,90.7,0.00,
18:09:33,80,90.7,0.0,90.7,0.00,
18:09:34,80,90.7,0.0,90.7,0.00,
18:09:35,80,90.7,0.0,90.7,0.00,
18:09:36,80,90.7,0.0,90.7,0.00,
18:09:37,80,90.7,0.0,90.7,0.00,
18:09:38,80,90.7,0.0,90.7,0.00,
18:09:39,80,90.7,0.0,90.7,0.00,
18:09:40,80,90.7,0.0,90.7,0.00,
18:09:41,80,90.7,0.0,90.7,0.00,
18:09:42,80,90.7,0.0,90.7,0.00,
18:09:43,80,90.7,0.0,90.7,0.00,
18:09:44,80,90.7,0.0,90.7,0.00,
18:09:45,80,90.7,0.0,90.7,0.00,
18:09:46,80,90.7,0.0,90.7,0.00,
18:09:47,80,90.7,0.0,90.7,0.00,
18:09:48,80,90.7,0.0,90.7,0.00,
18:09:49,80,90.7,0.0,90.7,0.00,
18:09:50,80,90.7,0.0,90.7,0.00,
18:09:51,80,91.4,0.0,91.4,0.00,
18:09:53,80,91.4,0.0,91.4,0.00,
18:09:54,80,91.4,0.0,91.4,0.00,
18:09:55,80,91.4,0.0,91.4,0.00,
18:09:56,80,91.4,0.0,91.4,0.00,
18:09:57,80,91.4,0.0,91.4,0.00,
18:09:58,80,91.4,0.0,91.4,0.00,
18:09:59,80,91.4,0.0,91.4,0.00,
18:10:00,80,91.4,0.0,91.4,0.00,
18:10:01,80,91.4,0.0,91.4,0.00,
18:10:02,80,91.4,0.0,91.4,0.00,
18:10:03,80,91.4,0.0,91.4,0.00,
18:10:04,80,91.4,0.0,91.4,0.00,
18:10:05,80,91.4,0.0,91.4,0.00,
18:10:06,80,91.4,0.0,91.4,0.00,
18:10:07,80,91.4,0.0,91.4,0.00,
18:10:08,80,91.4,0.0,91.4,0.00,
18:10:09,80,91.4,0.0,91.4,0.00,
18:10:10,80,91.4,0.0,91.4,0.00,
18:10:11,80,91.4,0.0,91.4,0.00,
18:10:12,80,91.4,0.0,91.4,0.00,
18:10:13,80,91.4,0.0,91.4,0.00,
18:10:14,80,91.4,0.0,91.4,0.00,
18:10:15,80,91.4,0.0,91.4,0.00,
18:10:16,80,91.4,0.0,91.4,0.00,
18:10:17,80,91.4,0.0,91.4,0.00,
18:10:18,80,91.4,0.0,91.4,0.00,
18:10:19,80,91.4,0.0,91.4,0.00,
18:10:20,80,91.4,0.0,91.4,0.00,
18:10:21,80,91.4,0.0,91.4,0.00,
18:10:22,80,91.4,0.0,91.4,0.00,
18:10:23,80,91.4,0.0,91.4,0.00,
18:10:24,80,91.4,0.0,91.4,0.00,
18:10:25,80,91.4,0.0,91.4,0.00,
18:10:26,80,91.4,0.0,91.4,0.00,
18:10:27,80,91.4,0.0,91.4,0.00,
18:10:28,80,91.4,0.0,91.4,0.00,
18:10:29,80,91.4,0.0,91.4,0.00,
18:10:30,80,91.4,0.0,91.4,0.00,
18:10:31,80,91.4,0.0,91.4,0.00,
18:10:32,80,91.4,0.0,91.4,0.00,
18:10:33,80,91.4,0.0,91.4,0.00,
18:10:34,80,91.4,0.0,91.4,0.00,
18:10:35,80,91.4,0.0,91.4,0.00,
18:10:36,80,91.4,0.0,91.4,0.00,
18:10:37,80,91.4,0.0,91.4,0.00,
18:10:38,80,91.4,0.0,91.4,0.00,
18:10:39,80,91.4,0.0,91.4,0.00,
18:10:40,80,91.4,0.0,91.4,0.00,
18:10:42,80,91.4,0.0,91.4,0.00,
18:10:43,80,91.4,0.0,91.4,0.00,
18:10:44,80,91.4,0.0,91.4,0.00,
18:10:45,80,91.4,0.0,91.4,0.00,
18:10:46,80,91.4,0.0,91.4,0.00,
18:10:47,80,91.4,0.0,91.4,0.00,
18:10:48,80,91.4,0.0,91.4,0.00,
18:10:49,80,91.4,0.0,91.4,0.00,
18:10:50,80,91.4,0.0,91.4,0.00,
18:10:51,80,91.4,0.0,91.4,0.00,
18:10:52,80,91.4,0.0,91.4,0.00,
18:10:53,80,91.4,0.0,91.4,0.00,
18:10:54,80,91.4,0.0,91.4,0.00,
18:10:55,80,91.4,0.0,91.4,0.00,
18:10:56,80,91.4,0.0,91.4,0.00,
18:10:57,80,91.4,0.0,91.4,0.00,
18:10:58,80,91.4,0.0,91.4,0.00,
18:10:59,80,91.4,0.0,91.4,0.00,
18:11:00,80,91.4,0.0,91.4,0.00,
18:11:01,80,91.4,0.0,91.4,0.00,
18:11:02,80,91.4,0.0,91.4,0.00,
18:11:03,80,91.4,0.0,91.4,0.00,
18:11:04,80,91.4,0.0,91.4,0.00,
18:11:05,80,91.4,0.0,91.4,0.00,
18:11:06,80,91.4,0.0,91.4,0.00,
18:11:07,80,91.4,0.0,91.4,0.00,
18:11:08,80,91.4,0.0,91.4,0.00,
18:11:09,80,91.4,0.0,91.4,0.00,
18:11:10,80,91.4,0.0,91.4,0.00,
18:11:11,80,91.4,0.0,91.4,0.00,
18:11:12,80,91.4,0.0,91.4,0.00,
18:11:13,80,91.4,0.0,91.4,0.00,
18:11:14,80,91.4,0.0,91.4,0.00,
18:11:15,80,91.4,0.0,91.4,0.00,
18:11:16,80,91.4,0.0,91.4,0.00,
18:11:17,80,91.4,0.0,91.4,0.00,
18:11:18,80,91.4,0.0,91.4,0.00,
18:11:19,80,91.4,0.0,91.4,0.00,
18:11:20,80,91.4,0.0,91.4,0.00,
18:11:21,80,91.4,0.0,91.4,0.00,
18:11:22,80,91.4,0.0,91.4,0.00,
18:11:23,80,91.4,0.0,91.4,0.00,
18:11:24,80,91.4,0.0,91.4,0.00,
18:11:25,80,91.4,0.0,91.4,0.00,
18:11:26,80,91.4,0.0,91.4,0.00,
18:11:27,80,91.4,0.0,91.4,0.00,
18:11:28,80,91.4,0.0,91.4,0.00,
18:11:29,80,91.4,0.0,91.4,0.00,
18:11:30,80,91.4,0.0,91.4,0.00,
18:11:32,80,91.4,0.0,91.4,0.00,
18:11:33,80,91.4,0.0,91.4,0.00,
18:11:34,80,91.4,0.0,91.4,0.00,
18:11:35,80,91.4,0.0,91.4,0.00,
18:11:36,80,91.4,0.0,91.4,0.00,
18:11:37,80,91.4,0.0,91.4,0.00,
18:11:38,80,91.4,0.0,91.4,0.00,
18:11:39,80,91.4,0.0,91.4,0.00,
18:11:40,80,91.4,0.0,91.4,0.00,
18:11:41,80,91.4,0.0,91.4,0.00,
18:11:42,80,91.4,0.0,91.4,0.00,
18:11:43,80,91.4,0.0,91.4,0.00,
18:11:44,80,91.4,0.0,91.4,0.00,
18:11:45,80,91.4,0.0,91.4,0.00,
18:11:46,80,91.4,0.0,91.4,0.00,
18:11:47,80,91.4,0.0,91.4,0.00,
18:11:48,80,91.4,0.0,91.4,0.00,
18:11:49,80,91.4,0.0,91.4,0.00,
18:11:50,80,91.4,0.0,91.4,0.00,
18:11:51,80,90.9,0.0,90.9,0.00,
18:11:52,80,90.9,0.0,90.9,0.00,
18:11:53,80,90.9,0.0,90.9,0.00,
18:11:54,80,90.9,0.0,90.9,0.00,
18:11:55,80,90.9,0.0,90.9,0.00,
18:11:56,80,90.9,0.0,90.9,0.00,
18:11:57,80,90.9,0.0,90.9,0.00,
18:11:58,80,90.9,0.0,90.9,0.00,
18:11:59,80,90.9,0.0,90.9,0.00,
18:12:00,80,90.9,0.0,90.9,0.00,
18:12:01,80,90.9,0.0,90.9,0.00,
18:12:02,80,90.9,0.0,90.9,0.00,
18:12:03,80,90.9,0.0,90.9,0.00,
18:12:04,80,90.9,0.0,90.9,0.00,
18:12:05,80,90.9,0.0,90.9,0.00,
18:12:06,80,90.9,0.0,90.9,0.00,
18:12:07,80,90.9,0.0,90.9,0.00,
18:12:08,80,90.9,0.0,90.9,0.00,
18:12:09,80,90.9,0.0,90.9,0.00,
18:12:10,80,90.9,0.0,90.9,0.00,
18:12:11,80,90.9,0.0,90.9,0.00,
18:12:12,80,90.9,0.0,90.9,0.00,
18:12:13,80,90.9,0.0,90.9,0.00,
18:12:14,80,90.9,0.0,90.9,0.00,
18:12:15,80,90.9,0.0,90.9,0.00,
18:12:16,80,90.9,0.0,90.9,0.00,
18:12:17,80,90.9,0.0,90.9,0.00,
18:12:18,80,90.9,0.0,90.9,0.00,
18:12:19,80,90.9,0.0,90.9,0.00,
18:12:20,80,90.9,0.0,90.9,0.00,
18:12:22,80,90.9,0.0,90.9,0.00,
18:12:23,80,90.9,0.0,90.9,0.00,
18:12:24,80,90.9,0.0,90.9,0.00,
18:12:25,80,90.9,0.0,90.9,0.00,
18:12:26,80,90.9,0.0,90.9,0.00,
18:12:27,80,90.9,0.0,90.9,0.00,
18:12:28,80,90.9,0.0,90.9,0.00,
18:12:29,80,90.9,0.0,90.9,0.00,
18:12:30,80,90.9,0.0,90.9,0.00,
18:12:31,80,90.9,0.0,90.9,0.00,
18:12:32,80,90.9,0.0,90.9,0.00,
18:12:33,80,90.9,0.0,90.9,0.00,
18:12:34,80,90.9,0.0,90.9,0.00,
18:12:35,80,90.9,0.0,90.9,0.00,
18:12:36,80,90.9,0.0,90.9,0.00,
18:12:37,80,90.9,0.0,90.9,0.00,
18:12:38,80,90.9,0.0,90.9,0.00,
18:12:39,80,90.9,0.0,90.9,0.00,
18:12:40,80,90.9,0.0,90.9,0.00,
18:12:41,80,90.9,0.0,90.9,0.00,
18:12:42,80,90.9,0.0,90.9,0.00,
18:12:43,80,90.9,0.0,90.9,0.00,
18:12:44,80,90.9,0.0,90.9,0.00,
18:12:45,80,90.9,0.0,90.9,0.00,
18:12:46,80,90.9,0.0,90.9,0.00,
18:12:47,80,90.9,0.0,90.9,0.00,
18:12:48,80,90.9,0.0,90.9,0.00,
18:12:49,80,90.9,0.0,90.9,0.00,
18:12:50,80,90.9,0.0,90.9,0.00,
18:12:51,80,93.0,0.0,93.0,0.00,
18:12:52,80,93.0,0.0,93.0,0.00,
18:12:53,80,93.0,0.0,93.0,0.00,
18:12:54,80,93.0,0.0,93.0,0.00,
18:12:55,80,93.0,0.0,93.0,0.00,
18:12:56,80,93.0,0.0,93.0,0.00,
18:12:57,80,93.0,0.0,93.0,0.00,
18:12:58,80,93.0,0.0,93.0,0.00,
18:12:59,80,93.0,0.0,93.0,0.00,
18:13:00,80,93.0,0.0,93.0,0.00,
18:13:01,80,93.0,0.0,93.0,0.00,
18:13:02,80,93.0,0.0,93.0,0.00,
18:13:03,80,93.0,0.0,93.0,0.00,
18:13:05,80,93.0,0.0,93.0,0.00,
18:13:06,80,93.0,0.0,93.0,0.00,
18:13:07,80,93.0,0.0,93.0,0.00,
18:13:08,80,93.0,0.0,93.0,0.00,
18:13:09,80,93.0,0.0,93.0,0.00,
18:13:10,80,93.0,0.0,93.0,0.00,
18:13:11,80,93.0,0.0,93.0,0.00,
18:13:12,80,93.0,0.0,93.0,0.00,
18:13:13,80,93.0,0.0,93.0,0.00,
18:13:14,80,93.0,0.0,93.0,0.00,
18:13:15,80,93.0,0.0,93.0,0.00,
18:13:16,80,93.0,0.0,93.0,0.00,
18:13:17,80,93.0,0.0,93.0,0.00,
18:13:18,80,93.0,0.0,93.0,0.00,
18:13:19,80,93.0,0.0,93.0,0.00,
18:13:20,80,93.0,0.0,93.0,0.00,
18:13:21,80,93.0,0.0,93.0,0.00,
18:13:22,80,93.0,0.0,93.0,0.00,
18:13:23,80,93.0,0.0,93.0,0.00,
18:13:24,80,93.0,0.0,93.0,0.00,
18:13:25,80,93.0,0.0,93.0,0.00,
18:13:26,80,93.0,0.0,93.0,0.00,
18:13:27,80,93.0,0.0,93.0,0.00,
18:13:28,80,93.0,0.0,93.0,0.00,
18:13:29,80,93.0,0.0,93.0,0.00,
18:13:30,80,93.0,0.0,93.0,0.00,
18:13:31,80,93.0,0.0,93.0,0.00,
18:13:32,80,93.0,0.0,93.0,0.00,
18:13:33,80,93.0,0.0,93.0,0.00,
18:13:34,80,93.0,0.0,93.0,0.00,
18:13:35,80,93.0,0.0,93.0,0.00,
18:13:36,80,93.0,0.0,93.0,0.00,
18:13:37,80,93.0,0.0,93.0,0.00,
18:13:38,80,93.0,0.0,93.0,0.00,
18:13:39,80,93.0,0.0,93.0,0.00,
18:13:40,80,93.0,0.0,93.0,0.00,
18:13:41,80,93.0,0.0,93.0,0.00,
18:13:42,80,93.0,0.0,93.0,0.00,
18:13:43,80,93.0,0.0,93.0,0.00,
18:13:44,80,93.0,0.0,93.0,0.00,
18:13:45,80,93.0,0.0,93.0,0.00,
18:13:47,80,93.0,0.0,93.0,0.00,
18:13:48,80,93.0,0.0,93.0,0.00,
18:13:49,80,93.0,0.0,93.0,0.00,
18:13:50,80,93.0,0.0,93.0,0.00,
18:13:51,80,95.7,0.0,95.7,0.00,
18:13:52,80,95.7,0.0,95.7,0.00,
18:13:53,80,95.7,0.0,95.7,0.00,
18:13:54,80,95.7,0.0,95.7,0.00,
18:13:55,80,95.7,0.0,95.7,0.00,
18:13:56,80,95.7,0.0,95.7,0.00,
18:13:57,80,95.7,0.0,95.7,0.00,
18:13:58,80,95.7,0.0,95.7,0.00,
18:13:59,80,95.7,0.0,95.7,0.00,
18:14:00,80,95.7,0.0,95.7,0.00,
18:14:01,80,95.7,0.0,95.7,0.00,
18:14:02,80,95.7,0.0,95.7,0.00,
18:14:03,80,95.7,0.0,95.7,0.00,
18:14:04,80,95.7,0.0,95.7,0.00,
18:14:05,80,95.7,0.0,95.7,0.00,
18:14:06,80,95.7,0.0,95.7,0.00,
18:14:07,80,95.7,0.0,95.7,0.00,
18:14:08,80,95.7,0.0,95.7,0.00,
18:14:09,80,95.7,0.0,95.7,0.00,
18:14:10,80,95.7,0.0,95.7,0.00,
18:14:11,80,95.7,0.0,95.7,0.00,
18:14:12,80,95.7,0.0,95.7,0.00,
18:14:13,80,95.7,0.0,95.7,0.00,
18:14:14,80,95.7,0.0,95.7,0.00,
18:14:15,80,95.7,0.0,95.7,0.00,
18:14:16,80,95.7,0.0,95.7,0.00,
18:14:17,80,95.7,0.0,95.7,0.00,
18:14:18,80,95.7,0.0,95.7,0.00,
18:14:19,80,95.7,0.0,95.7,0.00,
18:14:20,80,95.7,0.0,95.7,0.00,
18:14:21,80,95.7,0.0,95.7,0.00,
18:14:22,80,95.7,0.0,95.7,0.00,
18:14:23,80,95.7,0.0,95.7,0.00,
18:14:24,80,95.7,0.0,95.7,0.00,
18:14:25,80,95.7,0.0,95.7,0.00,
18:14:26,80,95.7,0.0,95.7,0.00,
18:14:27,80,95.7,0.0,95.7,0.00,
18:14:29,80,95.7,0.0,95.7,0.00,
18:14:30,80,95.7,0.0,95.7,0.00,
18:14:31,80,95.7,0.0,95.7,0.00,
18:14:32,80,95.7,0.0,95.7,0.00,
18:14:33,80,95.7,0.0,95.7,0.00,
18:14:34,80,95.7,0.0,95.7,0.00,
18:14:35,80,95.7,0.0,95.7,0.00,
18:14:36,80,95.7,0.0,95.7,0.00,
18:14:37,80,95.7,0.0,95.7,0.00,
18:14:38,80,95.7,0.0,95.7,0.00,
18:14:39,80,95.7,0.0,95.7,0.00,
18:14:40,80,95.7,0.0,95.7,0.00,
18:14:41,80,95.7,0.0,95.7,0.00,
18:14:42,80,95.7,0.0,95.7,0.00,
18:14:43,80,95.7,0.0,95.7,0.00,
18:14:44,80,95.7,0.0,95.7,0.00,
18:14:45,80,95.7,0.0,95.7,0.00,
18:14:46,80,95.7,0.0,95.7,0.00,
18:14:47,80,95.7,0.0,95.7,0.00,
18:14:48,80,95.7,0.0,95.7,0.00,
18:14:49,80,95.7,0.0,95.7,0.00,
18:14:50,80,95.7,0.0,95.7,0.00,
18:14:51,80,92.8,0.0,92.8,0.00,
18:14:52,80,92.8,0.0,92.8,0.00,
18:14:53,80,92.8,0.0,92.8,0.00,
18:14:54,80,92.8,0.0,92.8,0.00,
18:14:55,80,92.8,0.0,92.8,0.00,
18:14:56,80,92.8,0.0,92.8,0.00,
18:14:57,80,92.8,0.0,92.8,0.00,
18:14:58,80,92.8,0.0,92.8,0.00,
18:14:59,80,92.8,0.0,92.8,0.00,
18:15:00,80,92.8,0.0,92.8,0.00,
18:15:01,80,92.8,0.0,92.8,0.00,
18:15:02,80,92.8,0.0,92.8,0.00,
18:15:03,80,92.8,0.0,92.8,0.00,
18:15:04,80,92.8,0.0,92.8,0.00,
18:15:05,80,92.8,0.0,92.8,0.00,
18:15:06,80,92.8,0.0,92.8,0.00,
18:15:07,80,92.8,0.0,92.8,0.00,
18:15:08,80,92.8,0.0,92.8,0.00,
18:15:09,80,92.8,0.0,92.8,0.00,
18:15:10,80,92.8,0.0,92.8,0.00,
18:15:12,80,92.8,0.0,92.8,0.00,
18:15:13,80,92.8,0.0,92.8,0.00,
18:15:14,80,92.8,0.0,92.8,0.00,
18:15:15,80,92.8,0.0,92.8,0.00,
18:15:16,80,92.8,0.0,92.8,0.00,
18:15:17,80,92.8,0.0,92.8,0.00,
18:15:18,80,92.8,0.0,92.8,0.00,
18:15:19,80,92.8,0.0,92.8,0.00,
18:15:20,80,92.8,0.0,92.8,0.00,
18:15:21,80,92.8,0.0,92.8,0.00,
18:15:22,80,92.8,0.0,92.8,0.00,
18:15:23,80,92.8,0.0,92.8,0.00,
18:15:24,80,92.8,0.0,92.8,0.00,
18:15:25,80,92.8,0.0,92.8,0.00,
18:15:26,80,92.8,0.0,92.8,0.00,
18:15:27,80,92.8,0.0,92.8,0.00,
18:15:28,80,92.8,0.0,92.8,0.00,
18:15:29,80,92.8,0.0,92.8,0.00,
18:15:30,80,92.8,0.0,92.8,0.00,
18:15:31,80,92.8,0.0,92.8,0.00,
18:15:32,80,92.8,0.0,92.8,0.00,
18:15:33,80,92.8,0.0,92.8,0.00,
18:15:34,80,92.8,0.0,92.8,0.00,
18:15:35,80,92.8,0.0,92.8,0.00,
18:15:36,80,92.8,0.0,92.8,0.00,
18:15:37,80,92.8,0.0,92.8,0.00,
18:15:38,80,92.8,0.0,92.8,0.00,
18:15:39,80,92.8,0.0,92.8,0.00,
18:15:40,80,92.8,0.0,92.8,0.00,
18:15:41,80,92.8,0.0,92.8,0.00,
18:15:42,80,92.8,0.0,92.8,0.00,
18:15:43,80,92.8,0.0,92.8,0.00,
18:15:44,80,92.8,0.0,92.8,0.00,
18:15:45,80,92.8,0.0,92.8,0.00,
18:15:46,80,92.8,0.0,92.8,0.00,
18:15:47,80,92.8,0.0,92.8,0.00,
18:15:48,80,92.8,0.0,92.8,0.00,
18:15:49,80,92.8,0.0,92.8,0.00,
18:15:50,80,92.8,0.0,92.8,0.00,
18:15:51,80,93.4,0.0,93.4,0.00,
18:15:52,80,93.4,0.0,93.4,0.00,
18:15:53,80,93.4,0.0,93.4,0.00,
18:15:55,80,93.4,0.0,93.4,0.00,
18:15:56,80,93.4,0.0,93.4,0.00,
18:15:57,80,93.4,0.0,93.4,0.00,
18:15:58,80,93.4,0.0,93.4,0.00,
18:15:59,80,93.4,0.0,93.4,0.00,
18:16:00,80,93.4,0.0,93.4,0.00,
18:16:01,80,93.4,0.0,93.4,0.00,
18:16:02,80,93.4,0.0,93.4,0.00,
18:16:03,80,93.4,0.0,93.4,0.00,
18:16:04,80,93.4,0.0,93.4,0.00,
18:16:05,80,93.4,0.0,93.4,0.00,
18:16:06,80,93.4,0.0,93.4,0.00,
18:16:07,80,93.4,0.0,93.4,0.00,
18:16:08,80,93.4,0.0,93.4,0.00,
18:16:09,80,93.4,0.0,93.4,0.00,
18:16:10,80,93.4,0.0,93.4,0.00,
18:16:11,80,93.4,0.0,93.4,0.00,
18:16:12,80,93.4,0.0,93.4,0.00,
18:16:13,80,93.4,0.0,93.4,0.00,
18:16:14,80,93.4,0.0,93.4,0.00,
18:16:15,80,93.4,0.0,93.4,0.00,
18:16:16,80,93.4,0.0,93.4,0.00,
18:16:17,80,93.4,0.0,93.4,0.00,
18:16:18,80,93.4,0.0,93.4,0.00,
18:16:19,80,93.4,0.0,93.4,0.00,
18:16:20,80,93.4,0.0,93.4,0.00,
18:16:21,80,93.4,0.0,93.4,0.00,
18:16:22,80,93.4,0.0,93.4,0.00,
18:16:23,80,93.4,0.0,93.4,0.00,
18:16:24,80,93.4,0.0,93.4,0.00,
18:16:25,80,93.4,0.0,93.4,0.00,
18:16:26,80,93.4,0.0,93.4,0.00,
18:16:27,80,93.4,0.0,93.4,0.00,
18:16:28,80,93.4,0.0,93.4,0.00,
18:16:29,80,93.4,0.0,93.4,0.00,
18:16:30,80,93.4,0.0,93.4,0.00,
18:16:31,80,93.4,0.0,93.4,0.00,
18:16:32,80,93.4,0.0,93.4,0.00,
18:16:33,80,93.4,0.0,93.4,0.00,
18:16:34,80,93.4,0.0,93.4,0.00,
18:16:35,80,93.4,0.0,93.4,0.00,
18:16:36,80,93.4,0.0,93.4,0.00,
18:16:38,80,93.4,0.0,93.4,0.00,
18:16:39,80,93.4,0.0,93.4,0.00,
18:16:40,80,93.4,0.0,93.4,0.00,
18:16:41,80,93.4,0.0,93.4,0.00,
18:16:42,80,93.4,0.0,93.4,0.00,
18:16:43,80,93.4,0.0,93.4,0.00,
18:16:44,80,93.4,0.0,93.4,0.00,
18:16:45,80,93.4,0.0,93.4,0.00,
18:16:46,80,93.4,0.0,93.4,0.00,
18:16:47,80,93.4,0.0,93.4,0.00,
18:16:48,80,93.4,0.0,93.4,0.00,
18:16:49,80,93.4,0.0,93.4,0.00,
18:16:50,80,93.4,0.0,93.4,0.00,
18:16:51,80,91.4,0.0,91.4,0.00,
18:16:52,80,91.4,0.0,91.4,0.00,
18:16:53,80,91.4,0.0,91.4,0.00,
18:16:54,80,91.4,0.0,91.4,0.00,
18:16:55,80,91.4,0.0,91.4,0.00,
18:16:56,80,91.4,0.0,91.4,0.00,
18:16:57,80,91.4,0.0,91.4,0.00,
18:16:58,80,91.4,0.0,91.4,0.00,
18:16:59,80,91.4,0.0,91.4,0.00,
18:17:00,80,91.4,0.0,91.4,0.00,
18:17:01,80,91.4,0.0,91.4,0.00,
18:17:02,80,91.4,0.0,91.4,0.00,
18:17:03,80,91.4,0.0,91.4,0.00,
18:17:04,80,91.4,0.0,91.4,0.00,
18:17:05,80,91.4,0.0,91.4,0.00,
18:17:06,80,91.4,0.0,91.4,0.00,
18:17:07,80,91.4,0.0,91.4,0.00,
18:17:08,80,91.4,0.0,91.4,0.00,
18:17:09,80,91.4,0.0,91.4,0.00,
18:17:10,80,91.4,0.0,91.4,0.00,
18:17:11,80,91.4,0.0,91.4,0.00,
18:17:12,80,91.4,0.0,91.4,0.00,
18:17:13,80,91.4,0.0,91.4,0.00,
18:17:14,80,91.4,0.0,91.4,0.00,
18:17:15,80,91.4,0.0,91.4,0.00,
18:17:16,80,91.4,0.0,91.4,0.00,
18:17:17,80,91.4,0.0,91.4,0.00,
18:17:18,80,91.4,0.0,91.4,0.00,
18:17:19,80,91.4,0.0,91.4,0.00,
18:17:20,80,91.4,0.0,91.4,0.00,
18:17:22,80,91.4,0.0,91.4,0.00,
18:17:23,80,91.4,0.0,91.4,0.00,
18:17:24,80,91.4,0.0,91.4,0.00,
18:17:25,80,91.4,0.0,91.4,0.00,
18:17:26,80,91.4,0.0,91.4,0.00,
18:17:27,80,91.4,0.0,91.4,0.00,
18:17:28,80,91.4,0.0,91.4,0.00,
18:17:29,80,91.4,0.0,91.4,0.00,
18:17:30,80,91.4,0.0,91.4,0.00,
18:17:31,80,91.4,0.0,91.4,0.00,
18:17:32,80,91.4,0.0,91.4,0.00,
18:17:33,80,91.4,0.0,91.4,0.00,
18:17:34,80,91.4,0.0,91.4,0.00,
18:17:35,80,91.4,0.0,91.4,0.00,
18:17:36,80,91.4,0.0,91.4,0.00,
18:17:37,80,91.4,0.0,91.4,0.00,
18:17:38,80,91.4,0.0,91.4,0.00,
18:17:39,80,91.4,0.0,91.4,0.00,
18:17:40,80,91.4,0.0,91.4,0.00,
18:17:41,80,91.4,0.0,91.4,0.00,
18:17:42,80,91.4,0.0,91.4,0.00,
18:17:43,80,91.4,0.0,91.4,0.00,
18:17:44,80,91.4,0.0,91.4,0.00,
18:17:45,80,91.4,0.0,91.4,0.00,
18:17:46,80,91.4,0.0,91.4,0.00,
18:17:47,80,91.4,0.0,91.4,0.00,
18:17:48,80,91.4,0.0,91.4,0.00,
18:17:49,80,91.4,0.0,91.4,0.00,
18:17:50,80,91.4,0.0,91.4,0.00,
18:20:52,80,132.2,-6.1,126.6,0.00,
18:20:53,80,132.2,-6.1,126.6,0.00,
18:20:54,80,132.2,-6.1,126.6,0.00,
18:20:55,80,132.2,-6.1,126.6,0.00,
18:20:56,80,132.2,-6.1,126.6,0.00,
18:20:57,80,132.2,-6.1,126.6,0.00,
18:20:58,80,132.2,-6.1,126.6,0.00,
18:20:59,80,132.2,-6.1,126.6,0.00,
18:21:00,80,132.2,-6.1,126.6,0.00,
18:21:01,80,132.2,-6.1,126.6,0.00,
18:21:02,80,132.2,-6.1,126.6,0.00,
18:21:03,80,132.2,-6.1,126.6,0.00,
18:21:04,80,132.2,-6.1,126.6,0.00,
18:21:05,80,132.2,-6.1,126.6,0.00,
18:21:06,80,132.2,-6.1,126.6,0.00,
18:21:07,80,132.2,-6.1,126.6,0.00,
18:21:09,80,132.2,-6.1,126.6,0.00,
18:21:10,80,132.2,-6.1,126.6,0.00,
18:21:11,80,132.2,-6.1,126.6,0.00,
18:21:12,80,132.2,-6.1,126.6,0.00,
18:21:13,80,132.2,-6.1,126.6,0.00,
18:21:14,80,132.2,-6.1,126.6,0.00,
18:21:15,80,132.2,-6.1,126.6,0.00,
18:21:16,80,132.2,-6.1,126.6,0.00,
18:21:17,80,132.2,-6.1,126.6,0.00,
18:21:18,80,132.2,-6.1,126.6,0.00,
18:21:19,80,132.2,-6.1,126.6,0.00,
18:21:20,80,132.2,-6.1,126.6,0.00,
18:21:21,80,132.2,-6.1,126.6,0.00,
18:21:22,80,132.2,-6.1,126.6,0.00,
18:21:23,80,132.2,-6.1,126.6,0.00,
18:21:24,80,132.2,-6.1,126.6,0.00,
18:21:25,80,132.2,-6.1,126.6,0.00,
18:21:26,80,132.2,-6.1,126.6,0.00,
18:21:27,80,132.2,-6.1,126.6,0.00,
18:21:28,80,132.2,-6.1,126.6,0.00,
18:21:29,80,132.2,-6.1,126.6,0.00,
18:21:30,80,132.2,-6.1,126.6,0.00,
18:21:31,80,132.2,-6.1,126.6,0.00,
18:21:32,80,132.2,-6.1,126.6,0.00,
18:21:33,80,132.2,-6.1,126.6,0.00,
18:21:34,80,132.2,-6.1,126.6,0.00,
18:21:35,80,132.2,-6.1,126.6,0.00,
18:21:36,80,132.2,-6.1,126.6,0.00,
18:21:37,80,132.2,-6.1,126.6,0.00,
18:21:38,80,132.2,-6.1,126.6,0.00,
18:21:39,80,132.2,-6.1,126.6,0.00,
18:21:40,80,132.2,-6.1,126.6,0.00,
18:21:41,80,132.2,-6.1,126.6,0.00,
18:21:42,80,132.2,-6.1,126.6,0.00,
18:21:43,80,132.2,-6.1,126.6,0.00,
18:21:44,80,132.2,-6.1,126.6,0.00,
18:21:45,80,132.2,-6.1,126.6,0.00,
18:21:46,80,132.2,-6.1,126.6,0.00,
18:21:47,80,132.2,-6.1,126.6,0.00,
18:21:48,80,132.2,-6.1,126.6,0.00,
18:21:49,80,132.2,-6.1,126.6,0.00,
18:21:50,80,132.2,-6.1,126.6,0.00,
18:21:51,80,90.3,0.0,90.3,0.00,
18:21:52,80,90.3,0.0,90.3,0.00,
18:21:53,80,90.3,0.0,90.3,0.00,
18:21:54,80,90.3,0.0,90.3,0.00,
18:21:55,80,90.3,0.0,90.3,0.00,
18:21:56,80,90.3,0.0,90.3,0.00,
18:21:57,80,90.3,0.0,90.3,0.00,
18:21:59,80,90.3,0.0,90.3,0.00,
18:22:00,80,90.3,0.0,90.3,0.00,
18:22:01,80,90.3,0.0,90.3,0.00,
18:22:02,80,90.3,0.0,90.3,0.00,
18:22:03,80,90.3,0.0,90.3,0.00,
18:22:04,80,90.3,0.0,90.3,0.00,
18:22:05,80,90.3,0.0,90.3,0.00,
18:22:06,80,90.3,0.0,90.3,0.00,
18:22:07,80,90.3,0.0,90.3,0.00,
18:22:08,80,90.3,0.0,90.3,0.00,
18:22:09,80,90.3,0.0,90.3,0.00,
18:22:10,80,90.3,0.0,90.3,0.00,
18:22:11,80,90.3,0.0,90.3,0.00,
18:22:12,80,90.3,0.0,90.3,0.00,
18:22:13,80,90.3,0.0,90.3,0.00,
18:22:14,80,90.3,0.0,90.3,0.00,
18:22:15,80,90.3,0.0,90.3,0.00,
18:22:16,80,90.3,0.0,90.3,0.00,
18:22:17,80,90.3,0.0,90.3,0.00,
18:22:18,80,90.3,0.0,90.3,0.00,
18:22:19,80,90.3,0.0,90.3,0.00,
18:22:20,80,90.3,0.0,90.3,0.00,
18:22:21,80,90.3,0.0,90.3,0.00,
18:22:22,80,90.3,0.0,90.3,0.00,
18:22:23,80,90.3,0.0,90.3,0.00,
18:22:24,80,90.3,0.0,90.3,0.00,
18:22:25,80,90.3,0.0,90.3,0.00,
18:22:26,80,90.3,0.0,90.3,0.00,
18:22:27,80,90.3,0.0,90.3,0.00,
18:22:28,80,90.3,0.0,90.3,0.00,
18:22:29,80,90.3,0.0,90.3,0.00,
18:22:30,80,90.3,0.0,90.3,0.00,
18:22:31,80,90.3,0.0,90.3,0.00,
18:22:32,80,90.3,0.0,90.3,0.00,
18:22:33,80,90.3,0.0,90.3,0.00,
18:22:34,80,90.3,0.0,90.3,0.00,
18:22:35,80,90.3,0.0,90.3,0.00,
18:22:36,80,90.3,0.0,90.3,0.00,
18:22:37,80,90.3,0.0,90.3,0.00,
18:22:38,80,90.3,0.0,90.3,0.00,
18:22:39,80,90.3,0.0,90.3,0.00,
18:22:40,80,90.3,0.0,90.3,0.00,
18:22:41,80,90.3,0.0,90.3,0.00,
18:22:42,80,90.3,0.0,90.3,0.00,
18:22:43,80,90.3,0.0,90.3,0.00,
18:22:44,80,90.3,0.0,90.3,0.00,
18:22:45,80,90.3,0.0,90.3,0.00,
18:22:46,80,90.3,0.0,90.3,0.00,
18:22:47,80,90.3,0.0,90.3,0.00,
18:22:49,80,90.3,0.0,90.3,0.00,
18:22:50,80,90.3,0.0,90.3,0.00,
18:22:51,80,90.3,0.0,90.3,0.00,
18:22:52,80,91.9,0.0,91.9,0.00,
18:22:53,80,91.9,0.0,91.9,0.00,
18:22:54,80,91.9,0.0,91.9,0.00,
18:22:55,80,91.9,0.0,91.9,0.00,
18:22:56,80,91.9,0.0,91.9,0.00,
18:22:57,80,91.9,0.0,91.9,0.00,
18:22:58,80,91.9,0.0,91.9,0.00,
18:22:59,80,91.9,0.0,91.9,0.00,
18:23:00,80,91.9,0.0,91.9,0.00,
18:23:01,80,91.9,0.0,91.9,0.00,
18:23:02,80,91.9,0.0,91.9,0.00,
18:23:03,80,91.9,0.0,91.9,0.00,
18:23:04,80,91.9,0.0,91.9,0.00,
18:23:05,80,91.9,0.0,91.9,0.00,
18:23:06,80,91.9,0.0,91.9,0.00,
18:23:07,80,91.9,0.0,91.9,0.00,
18:23:08,80,91.9,0.0,91.9,0.00,
18:23:09,80,91.9,0.0,91.9,0.00,
18:23:10,80,91.9,0.0,91.9,0.00,
18:23:11,80,91.9,0.0,91.9,0.00,
18:23:12,80,91.9,0.0,91.9,0.00,
18:23:13,80,91.9,0.0,91.9,0.00,
18:23:14,80,91.9,0.0,91.9,0.00,
18:23:15,80,91.9,0.0,91.9,0.00,
18:23:16,80,91.9,0.0,91.9,0.00,
18:23:17,80,91.9,0.0,91.9,0.00,
18:23:18,80,91.9,0.0,91.9,0.00,
18:23:19,80,91.9,0.0,91.9,0.00,
18:23:20,80,91.9,0.0,91.9,0.00,
18:23:21,80,91.9,0.0,91.9,0.00,
18:23:22,80,91.9,0.0,91.9,0.00,
18:23:23,80,91.9,0.0,91.9,0.00,
18:23:24,80,91.9,0.0,91.9,0.00,
18:23:25,80,91.9,0.0,91.9,0.00,
18:23:26,80,91.9,0.0,91.9,0.00,
18:23:27,80,91.9,0.0,91.9,0.00,
18:23:28,80,91.9,0.0,91.9,0.00,
18:23:29,80,91.9,0.0,91.9,0.00,
18:23:30,80,91.9,0.0,91.9,0.00,
18:23:31,80,91.9,0.0,91.9,0.00,
18:23:32,80,91.9,0.0,91.9,0.00,
18:23:33,80,91.9,0.0,91.9,0.00,
18:23:34,80,91.9,0.0,91.9,0.00,
18:23:35,80,91.9,0.0,91.9,0.00,
18:23:36,80,91.9,0.0,91.9,0.00,
18:23:37,80,91.9,0.0,91.9,0.00,
18:23:38,80,91.9,0.0,91.9,0.00,
18:23:39,80,91.9,0.0,91.9,0.00,
18:23:41,80,91.9,0.0,91.9,0.00,
18:23:42,80,91.9,0.0,91.9,0.00,
18:23:43,80,91.9,0.0,91.9,0.00,
18:23:44,80,91.9,0.0,91.9,0.00,
18:23:45,80,91.9,0.0,91.9,0.00,
18:23:46,80,91.9,0.0,91.9,0.00,
18:23:47,80,91.9,0.0,91.9,0.00,
18:23:48,80,91.9,0.0,91.9,0.00,
18:23:49,80,91.9,0.0,91.9,0.00,
18:23:50,80,91.9,0.0,91.9,0.00,
18:23:51,80,87.9,0.0,87.9,0.00,
18:23:52,80,87.9,0.0,87.9,0.00,
18:23:53,80,87.9,0.0,87.9,0.00,
18:23:54,80,87.9,0.0,87.9,0.00,
18:23:55,80,87.9,0.0,87.9,0.00,
18:23:56,80,87.9,0.0,87.9,0.00,
18:23:57,80,87.9,0.0,87.9,0.00,
18:23:58,80,87.9,0.0,87.9,0.00,
18:23:59,80,87.9,0.0,87.9,0.00,
18:24:00,80,87.9,0.0,87.9,0.00,
18:24:01,80,87.9,0.0,87.9,0.00,
18:24:02,80,87.9,0.0,87.9,0.00,
18:24:03,80,87.9,0.0,87.9,0.00,
18:24:04,80,87.9,0.0,87.9,0.00,
18:24:05,80,87.9,0.0,87.9,0.00,
18:24:06,80,87.9,0.0,87.9,0.00,
18:24:07,80,87.9,0.0,87.9,0.00,
18:24:08,80,87.9,0.0,87.9,0.00,
18:24:09,80,87.9,0.0,87.9,0.00,
18:24:10,80,87.9,0.0,87.9,0.00,
18:24:11,80,87.9,0.0,87.9,0.00,
18:24:12,80,87.9,0.0,87.9,0.00,
18:24:13,80,87.9,0.0,87.9,0.00,
18:24:14,80,87.9,0.0,87.9,0.00,
18:24:15,80,87.9,0.0,87.9,0.00,
18:24:16,80,87.9,0.0,87.9,0.00,
18:24:17,80,87.9,0.0,87.9,0.00,
18:24:18,80,87.9,0.0,87.9,0.00,
18:24:19,80,87.9,0.0,87.9,0.00,
18:24:20,80,87.9,0.0,87.9,0.00,
18:24:21,80,87.9,0.0,87.9,0.00,
18:24:22,80,87.9,0.0,87.9,0.00,
18:24:23,80,87.9,0.0,87.9,0.00,
18:24:24,80,87.9,0.0,87.9,0.00,
18:24:25,80,87.9,0.0,87.9,0.00,
18:24:26,80,87.9,0.0,87.9,0.00,
18:24:27,80,87.9,0.0,87.9,0.00,
18:24:28,80,87.9,0.0,87.9,0.00,
18:24:29,80,87.9,0.0,87.9,0.00,
18:24:30,80,87.9,0.0,87.9,0.00,
18:24:32,80,87.9,0.0,87.9,0.00,
18:24:33,80,87.9,0.0,87.9,0.00,
18:24:34,80,87.9,0.0,87.9,0.00,
18:24:35,80,87.9,0.0,87.9,0.00,
18:24:36,80,87.9,0.0,87.9,0.00,
18:24:37,80,87.9,0.0,87.9,0.00,
18:24:38,80,87.9,0.0,87.9,0.00,
18:24:39,80,87.9,0.0,87.9,0.00,
18:24:40,80,87.9,0.0,87.9,0.00,
18:24:41,80,87.9,0.0,87.9,0.00,
18:24:42,80,87.9,0.0,87.9,0.00,
18:24:43,80,87.9,0.0,87.9,0.00,
18:24:44,80,87.9,0.0,87.9,0.00,
18:24:45,80,87.9,0.0,87.9,0.00,
18:24:46,80,87.9,0.0,87.9,0.00,
18:24:47,80,87.9,0.0,87.9,0.00,
18:24:48,80,87.9,0.0,87.9,0.00,
18:24:49,80,87.9,0.0,87.9,0.00,
18:24:50,80,87.9,0.0,87.9,0.00,
18:24:51,80,87.3,0.0,87.3,0.00,
18:24:52,80,87.3,0.0,87.3,0.00,
18:24:53,80,87.3,0.0,87.3,0.00,
18:24:54,80,87.3,0.0,87.3,0.00,
18:24:55,80,87.3,0.0,87.3,0.00,
18:24:56,80,87.3,0.0,87.3,0.00,
18:24:57,80,87.3,0.0,87.3,0.00,
18:24:58,80,87.3,0.0,87.3,0.00,
18:24:59,80,87.3,0.0,87.3,0.00,
18:25:00,80,87.3,0.0,87.3,0.00,
18:25:01,80,87.3,0.0,87.3,0.00,
18:25:02,80,87.3,0.0,87.3,0.00,
18:25:03,80,87.3,0.0,87.3,0.00,
18:25:04,80,87.3,0.0,87.3,0.00,
18:25:05,80,87.3,0.0,87.3,0.00,
18:25:06,80,87.3,0.0,87.3,0.00,
18:25:07,80,87.3,0.0,87.3,0.00,
18:25:08,80,87.3,0.0,87.3,0.00,
18:25:09,80,87.3,0.0,87.3,0.00,
18:25:10,80,87.3,0.0,87.3,0.00,
18:25:11,80,87.3,0.0,87.3,0.00,
18:25:12,80,87.3,0.0,87.3,0.00,
18:25:13,80,87.3,0.0,87.3,0.00,
18:25:14,80,87.3,0.0,87.3,0.00,
18:25:15,80,87.3,0.0,87.3,0.00,
18:25:16,80,87.3,0.0,87.3,0.00,
18:25:17,80,87.3,0.0,87.3,0.00,
18:25:18,80,87.3,0.0,87.3,0.00,
18:25:19,80,87.3,0.0,87.3,0.00,
18:25:20,80,87.3,0.0,87.3,0.00,
18:25:21,80,87.3,0.0,87.3,0.00,
18:25:22,80,87.3,0.0,87.3,0.00,
18:25:24,80,87.3,0.0,87.3,0.00,
18:25:25,80,87.3,0.0,87.3,0.00,
18:25:26,80,87.3,0.0,87.3,0.00,
18:25:27,80,87.3,0.0,87.3,0.00,
18:25:28,80,87.3,0.0,87.3,0.00,
18:25:29,80,87.3,0.0,87.3,0.00,
18:25:30,80,87.3,0.0,87.3,0.00,
18:25:31,80,87.3,0.0,87.3,0.00,
18:25:32,80,87.3,0.0,87.3,0.00,
18:25:33,80,87.3,0.0,87.3,0.00,
18:25:34,80,87.3,0.0,87.3,0.00,
18:25:35,80,87.3,0.0,87.3,0.00,
18:25:36,80,87.3,0.0,87.3,0.00,
18:25:37,80,87.3,0.0,87.3,0.00,
18:25:38,80,87.3,0.0,87.3,0.00,
18:25:39,80,87.3,0.0,87.3,0.00,
18:25:40,80,87.3,0.0,87.3,0.00,
18:25:41,80,87.3,0.0,87.3,0.00,
18:25:42,80,87.3,0.0,87.3,0.00,
18:25:43,80,87.3,0.0,87.3,0.00,
18:25:44,80,87.3,0.0,87.3,0.00,
18:25:45,80,87.3,0.0,87.3,0.00,
18:25:46,80,87.3,0.0,87.3,0.00,
18:25:47,80,87.3,0.0,87.3,0.00,
18:25:48,80,87.3,0.0,87.3,0.00,
18:25:49,80,87.3,0.0,87.3,0.00,
18:25:50,80,87.3,0.0,87.3,0.00,
18:25:51,80,87.2,0.0,87.2,0.00,
18:25:52,80,87.2,0.0,87.2,0.00,
18:25:53,80,87.2,0.0,87.2,0.00,
18:25:54,80,87.2,0.0,87.2,0.00,
18:25:55,80,87.2,0.0,87.2,0.00,
18:25:56,80,87.2,0.0,87.2,0.00,
18:25:57,80,87.2,0.0,87.2,0.00,
18:25:58,80,87.2,0.0,87.2,0.00,
18:25:59,80,87.2,0.0,87.2,0.00,
18:26:00,80,87.2,0.0,87.2,0.00,
18:26:01,80,87.2,0.0,87.2,0.00,
18:26:02,80,87.2,0.0,87.2,0.00,
18:26:03,80,87.2,0.0,87.2,0.00,
18:26:04,80,87.2,0.0,87.2,0.00,
18:26:05,80,87.2,0.0,87.2,0.00,
18:26:06,80,87.2,0.0,87.2,0.00,
18:26:07,80,87.2,0.0,87.2,0.00,
18:26:08,80,87.2,0.0,87.2,0.00,
18:26:09,80,87.2,0.0,87.2,0.00,
18:26:10,80,87.2,0.0,87.2,0.00,
18:26:12,80,87.2,0.0,87.2,0.00,
18:26:13,80,87.2,0.0,87.2,0.00,
18:26:14,80,87.2,0.0,87.2,0.00,
18:26:15,80,87.2,0.0,87.2,0.00,
18:26:16,80,87.2,0.0,87.2,0.00,
18:26:17,80,87.2,0.0,87.2,0.00,
18:26:18,80,87.2,0.0,87.2,0.00,
18:26:19,80,87.2,0.0,87.2,0.00,
18:26:20,80,87.2,0.0,87.2,0.00,
18:26:21,80,87.2,0.0,87.2,0.00,
18:26:22,80,87.2,0.0,87.2,0.00,
18:26:23,80,87.2,0.0,87.2,0.00,
18:26:24,80,87.2,0.0,87.2,0.00,
18:26:25,80,87.2,0.0,87.2,0.00,
18:26:26,80,87.2,0.0,87.2,0.00,
18:26:27,80,87.2,0.0,87.2,0.00,
18:26:28,80,87.2,0.0,87.2,0.00,
18:26:29,80,87.2,0.0,87.2,0.00,
18:26:30,80,87.2,0.0,87.2,0.00,
18:26:31,80,87.2,0.0,87.2,0.00,
18:26:32,80,87.2,0.0,87.2,0.00,
18:26:33,80,87.2,0.0,87.2,0.00,
18:26:34,80,87.2,0.0,87.2,0.00,
18:26:35,80,87.2,0.0,87.2,0.00,
18:26:36,80,87.2,0.0,87.2,0.00,
18:26:37,80,87.2,0.0,87.2,0.00,
18:26:38,80,87.2,0.0,87.2,0.00,
18:26:39,80,87.2,0.0,87.2,0.00,
18:26:40,80,87.2,0.0,87.2,0.00,
18:26:41,80,87.2,0.0,87.2,0.00,
18:26:42,80,87.2,0.0,87.2,0.00,
18:26:43,80,87.2,0.0,87.2,0.00,
18:26:44,80,87.2,0.0,87.2,0.00,
18:26:45,80,87.2,0.0,87.2,0.00,
18:26:46,80,87.2,0.0,87.2,0.00,
18:26:47,80,87.2,0.0,87.2,0.00,
18:26:48,80,87.2,0.0,87.2,0.00,
18:26:49,80,87.2,0.0,87.2,0.00,
18:26:50,80,87.2,0.0,87.2,0.00,
18:26:51,80,89.5,0.0,89.5,0.00,
18:26:52,80,89.5,0.0,89.5,0.00,
18:26:54,80,89.5,0.0,89.5,0.00,
18:26:55,80,89.5,0.0,89.5,0.00,
18:26:56,80,89.5,0.0,89.5,0.00,
18:26:57,80,89.5,0.0,89.5,0.00,
18:26:58,80,89.5,0.0,89.5,0.00,
18:26:59,80,89.5,0.0,89.5,0.00,
18:27:00,80,89.5,0.0,89.5,0.00,
18:27:01,80,89.5,0.0,89.5,0.00,
18:27:02,80,89.5,0.0,89.5,0.00,
18:27:03,80,89.5,0.0,89.5,0.00,
18:27:04,80,89.5,0.0,89.5,0.00,
18:27:05,80,89.5,0.0,89.5,0.00,
18:27:06,80,89.5,0.0,89.5,0.00,
18:27:07,80,89.5,0.0,89.5,0.00,
18:27:08,80,89.5,0.0,89.5,0.00,
18:27:09,80,89.5,0.0,89.5,0.00,
18:27:10,80,89.5,0.0,89.5,0.00,
18:27:11,80,89.5,0.0,89.5,0.00,
18:27:12,80,89.5,0.0,89.5,0.00,
18:27:13,80,89.5,0.0,89.5,0.00,
18:27:14,80,89.5,0.0,89.5,0.00,
18:27:15,80,89.5,0.0,89.5,0.00,
18:27:16,80,89.5,0.0,89.5,0.00,
18:27:17,80,89.5,0.0,89.5,0.00,
18:27:18,80,89.5,0.0,89.5,0.00,
18:27:19,80,89.5,0.0,89.5,0.00,
18:27:20,80,89.5,0.0,89.5,0.00,
18:27:21,80,89.5,0.0,89.5,0.00,
18:27:22,80,89.5,0.0,89.5,0.00,
18:27:23,80,89.5,0.0,89.5,0.00,
18:27:24,80,89.5,0.0,89.5,0.00,
18:27:25,80,89.5,0.0,89.5,0.00,
18:27:26,80,89.5,0.0,89.5,0.00,
18:27:27,80,89.5,0.0,89.5,0.00,
18:27:28,80,89.5,0.0,89.5,0.00,
18:27:29,80,89.5,0.0,89.5,0.00,
18:27:30,80,89.5,0.0,89.5,0.00,
18:27:31,80,89.5,0.0,89.5,0.00,
18:27:32,80,89.5,0.0,89.5,0.00,
18:27:33,80,89.5,0.0,89.5,0.00,
18:27:34,80,89.5,0.0,89.5,0.00,
18:27:35,80,89.5,0.0,89.5,0.00,
18:27:36,80,89.5,0.0,89.5,0.00,
18:27:38,80,89.5,0.0,89.5,0.00,
18:27:39,80,89.5,0.0,89.5,0.00,
18:27:40,80,89.5,0.0,89.5,0.00,
18:27:41,80,89.5,0.0,89.5,0.00,
18:27:42,80,89.5,0.0,89.5,0.00,
18:27:43,80,89.5,0.0,89.5,0.00,
18:27:44,80,89.5,0.0,89.5,0.00,
18:27:45,80,89.5,0.0,89.5,0.00,
18:27:46,80,89.5,0.0,89.5,0.00,
18:27:47,80,89.5,0.0,89.5,0.00,
18:27:48,80,89.5,0.0,89.5,0.00,
18:27:49,80,89.5,0.0,89.5,0.00,
18:27:50,80,89.5,0.0,89.5,0.00,
18:27:51,80,86.8,0.0,86.8,0.00,
18:27:52,80,86.8,0.0,86.8,0.00,
18:27:53,80,86.8,0.0,86.8,0.00,
18:27:54,80,86.8,0.0,86.8,0.00,
18:27:55,80,86.8,0.0,86.8,0.00,
18:27:56,80,86.8,0.0,86.8,0.00,
18:27:57,80,86.8,0.0,86.8,0.00,
18:27:58,80,86.8,0.0,86.8,0.00,
18:27:59,80,86.8,0.0,86.8,0.00,
18:28:00,80,86.8,0.0,86.8,0.00,
18:28:01,80,86.8,0.0,86.8,0.00,
18:28:02,80,86.8,0.0,86.8,0.00,
18:28:03,80,86.8,0.0,86.8,0.00,
18:28:04,80,86.8,0.0,86.8,0.00,
18:28:05,80,86.8,0.0,86.8,0.00,
18:28:06,80,86.8,0.0,86.8,0.00,
18:28:07,80,86.8,0.0,86.8,0.00,
18:28:08,80,86.8,0.0,86.8,0.00,
18:28:09,80,86.8,0.0,86.8,0.00,
18:28:10,80,86.8,0.0,86.8,0.00,
18:28:11,80,86.8,0.0,86.8,0.00,
18:28:12,80,86.8,0.0,86.8,0.00,
18:28:13,80,86.8,0.0,86.8,0.00,
18:28:14,80,86.8,0.0,86.8,0.00,
18:28:15,80,86.8,0.0,86.8,0.00,
18:28:16,80,86.8,0.0,86.8,0.00,
18:28:17,80,86.8,0.0,86.8,0.00,
18:28:18,80,86.8,0.0,86.8,0.00,
18:28:20,80,86.8,0.0,86.8,0.00,
18:28:21,80,86.8,0.0,86.8,0.00,
18:28:22,80,86.8,0.0,86.8,0.00,
18:28:23,80,86.8,0.0,86.8,0.00,
18:28:24,80,86.8,0.0,86.8,0.00,
18:28:25,80,86.8,0.0,86.8,0.00,
18:28:26,80,86.8,0.0,86.8,0.00,
18:28:27,80,86.8,0.0,86.8,0.00,
18:28:28,80,86.8,0.0,86.8,0.00,
18:28:29,80,86.8,0.0,86.8,0.00,
18:28:30,80,86.8,0.0,86.8,0.00,
18:28:31,80,86.8,0.0,86.8,0.00,
18:28:32,80,86.8,0.0,86.8,0.00,
18:28:33,80,86.8,0.0,86.8,0.00,
18:28:34,80,86.8,0.0,86.8,0.00,
18:28:35,80,86.8,0.0,86.8,0.00,
18:28:36,80,86.8,0.0,86.8,0.00,
18:28:37,80,86.8,0.0,86.8,0.00,
18:28:38,80,86.8,0.0,86.8,0.00,
18:28:39,80,86.8,0.0,86.8,0.00,
18:28:40,80,86.8,0.0,86.8,0.00,
18:28:41,80,86.8,0.0,86.8,0.00,
18:28:42,80,86.8,0.0,86.8,0.00,
18:28:43,80,86.8,0.0,86.8,0.00,
18:28:44,80,86.8,0.0,86.8,0.00,
18:28:45,80,86.8,0.0,86.8,0.00,
18:28:46,80,86.8,0.0,86.8,0.00,
18:28:47,80,86.8,0.0,86.8,0.00,
18:28:48,80,86.8,0.0,86.8,0.00,
18:28:49,80,86.8,0.0,86.8,0.00,
18:28:50,80,86.8,0.0,86.8,0.00,
18:28:51,80,89.0,0.0,89.0,0.00,
18:28:52,80,89.0,0.0,89.0,0.00,
18:28:53,80,89.0,0.0,89.0,0.00,
18:28:54,80,89.0,0.0,89.0,0.00,
18:28:55,80,89.0,0.0,89.0,0.00,
18:28:56,80,89.0,0.0,89.0,0.00,
18:28:57,80,89.0,0.0,89.0,0.00,
18:28:58,80,89.0,0.0,89.0,0.00,
18:28:59,80,89.0,0.0,89.0,0.00,
18:29:00,80,89.0,0.0,89.0,0.00,
18:29:01,80,89.0,0.0,89.0,0.00,
18:29:02,80,89.0,0.0,89.0,0.00,
18:29:03,80,89.0,0.0,89.0,0.00,
18:29:05,80,89.0,0.0,89.0,0.00,
18:29:06,80,89.0,0.0,89.0,0.00,
18:29:07,80,89.0,0.0,89.0,0.00,
18:29:08,80,89.0,0.0,89.0,0.00,
18:29:09,80,89.0,0.0,89.0,0.00,
18:29:10,80,89.0,0.0,89.0,0.00,
18:29:11,80,89.0,0.0,89.0,0.00,
18:29:12,80,89.0,0.0,89.0,0.00,
18:29:13,80,89.0,0.0,89.0,0.00,
18:29:14,80,89.0,0.0,89.0,0.00,
18:29:15,80,89.0,0.0,89.0,0.00,
18:29:16,80,89.0,0.0,89.0,0.00,
18:29:17,80,89.0,0.0,89.0,0.00,
18:29:18,80,89.0,0.0,89.0,0.00,
18:29:19,80,89.0,0.0,89.0,0.00,
18:29:20,80,89.0,0.0,89.0,0.00,
18:29:21,80,89.0,0.0,89.0,0.00,
18:29:22,80,89.0,0.0,89.0,0.00,
18:29:23,80,89.0,0.0,89.0,0.00,
18:29:24,80,89.0,0.0,89.0,0.00,
18:29:25,80,89.0,0.0,89.0,0.00,
18:29:26,80,89.0,0.0,89.0,0.00,
18:29:27,80,89.0,0.0,89.0,0.00,
18:29:28,80,89.0,0.0,89.0,0.00,
18:29:29,80,89.0,0.0,89.0,0.00,
18:29:30,80,89.0,0.0,89.0,0.00,
18:29:31,80,89.0,0.0,89.0,0.00,
18:29:32,80,89.0,0.0,89.0,0.00,
18:29:33,80,89.0,0.0,89.0,0.00,
18:29:34,80,89.0,0.0,89.0,0.00,
18:29:35,80,89.0,0.0,89.0,0.00,
18:29:36,80,89.0,0.0,89.0,0.00,
18:29:37,80,89.0,0.0,89.0,0.00,
18:29:38,80,89.0,0.0,89.0,0.00,
18:29:39,80,89.0,0.0,89.0,0.00,
18:29:40,80,89.0,0.0,89.0,0.00,
18:29:41,80,89.0,0.0,89.0,0.00,
18:29:42,80,89.0,0.0,89.0,0.00,
18:29:43,80,89.0,0.0,89.0,0.00,
18:29:44,80,89.0,0.0,89.0,0.00,
18:29:45,80,89.0,0.0,89.0,0.00,
18:29:46,80,89.0,0.0,89.0,0.00,
18:29:47,80,89.0,0.0,89.0,0.00,
18:29:48,80,89.0,0.0,89.0,0.00,
18:29:49,80,89.0,0.0,89.0,0.00,
18:29:50,80,89.0,0.0,89.0,0.00,
18:29:51,80,90.9,0.0,90.9,0.00,
18:29:52,80,90.9,0.0,90.9,0.00,
18:29:53,80,90.9,0.0,90.9,0.00,
18:29:54,80,90.9,0.0,90.9,0.00,
18:29:56,80,90.9,0.0,90.9,0.00,
18:29:57,80,90.9,0.0,90.9,0.00,
18:29:58,80,90.9,0.0,90.9,0.00,
18:29:59,80,90.9,0.0,90.9,0.00,
18:30:00,80,90.9,0.0,90.9,0.00,
18:30:01,80,90.9,0.0,90.9,0.00,
18:30:02,80,90.9,0.0,90.9,0.00,
18:30:03,80,90.9,0.0,90.9,0.00,
18:30:04,80,90.9,0.0,90.9,0.00,
18:30:05,80,90.9,0.0,90.9,0.00,
18:30:06,80,90.9,0.0,90.9,0.00,
18:30:07,80,90.9,0.0,90.9,0.00,
18:30:08,80,90.9,0.0,90.9,0.00,
18:30:09,80,90.9,0.0,90.9,0.00,
18:30:10,80,90.9,0.0,90.9,0.00,
18:30:11,80,90.9,0.0,90.9,0.00,
18:30:12,80,90.9,0.0,90.9,0.00,
18:30:13,80,90.9,0.0,90.9,0.00,
18:30:14,80,90.9,0.0,90.9,0.00,
18:30:15,80,90.9,0.0,90.9,0.00,
18:30:16,80,90.9,0.0,90.9,0.00,
18:30:17,80,90.9,0.0,90.9,0.00,
18:30:18,80,90.9,0.0,90.9,0.00,
18:30:19,80,90.9,0.0,90.9,0.00,
18:30:20,80,90.9,0.0,90.9,0.00,
18:30:21,80,90.9,0.0,90.9,0.00,
18:30:22,80,90.9,0.0,90.9,0.00,
18:30:23,80,90.9,0.0,90.9,0.00,
18:30:24,80,90.9,0.0,90.9,0.00,
18:30:25,80,90.9,0.0,90.9,0.00,
18:30:26,80,90.9,0.0,90.9,0.00,
18:30:27,80,90.9,0.0,90.9,0.00,
18:30:28,80,90.9,0.0,90.9,0.00,
18:30:29,80,90.9,0.0,90.9,0.00,
18:30:30,80,90.9,0.0,90.9,0.00,
18:30:31,80,90.9,0.0,90.9,0.00,
18:30:32,80,90.9,0.0,90.9,0.00,
18:30:33,80,90.9,0.0,90.9,0.00,
18:30:34,80,90.9,0.0,90.9,0.00,
18:30:35,80,90.9,0.0,90.9,0.00,
18:30:36,80,90.9,0.0,90.9,0.00,
18:30:37,80,90.9,0.0,90.9,0.00,
18:30:38,80,90.9,0.0,90.9,0.00,
18:30:39,80,90.9,0.0,90.9,0.00,
18:30:40,80,90.9,0.0,90.9,0.00,
18:30:41,80,90.9,0.0,90.9,0.00,
18:30:42,80,90.9,0.0,90.9,0.00,
18:30:44,80,90.9,0.0,90.9,0.00,
18:30:45,80,90.9,0.0,90.9,0.00,
18:30:46,80,90.9,0.0,90.9,0.00,
18:30:47,80,90.9,0.0,90.9,0.00,
18:30:48,80,90.9,0.0,90.9,0.00,
18:30:49,80,90.9,0.0,90.9,0.00,
18:30:50,80,90.9,0.0,90.9,0.00,
18:30:51,80,100.4,0.0,100.4,0.00,
18:30:52,80,100.4,0.0,100.4,0.00,
18:30:53,80,100.4,0.0,100.4,0.00,
18:30:54,80,100.4,0.0,100.4,0.00,
18:30:55,80,100.4,0.0,100.4,0.00,
18:30:56,80,100.4,0.0,100.4,0.00,
18:30:57,80,100.4,0.0,100.4,0.00,
18:30:58,80,100.4,0.0,100.4,0.00,
18:30:59,80,100.4,0.0,100.4,0.00,
18:31:00,80,100.4,0.0,100.4,0.00,
18:31:01,80,100.4,0.0,100.4,0.00,
18:31:02,80,100.4,0.0,100.4,0.00,
18:31:03,80,100.4,0.0,100.4,0.00,
18:31:04,80,100.4,0.0,100.4,0.00,
18:31:05,80,100.4,0.0,100.4,0.00,
18:31:06,80,100.4,0.0,100.4,0.00,
18:31:07,80,100.4,0.0,100.4,0.00,
18:31:08,80,100.4,0.0,100.4,0.00,
18:31:09,80,100.4,0.0,100.4,0.00,
18:31:10,80,100.4,0.0,100.4,0.00,
18:31:11,80,100.4,0.0,100.4,0.00,
18:31:12,80,100.4,0.0,100.4,0.00,
18:31:13,80,100.4,0.0,100.4,0.00,
18:31:14,80,100.4,0.0,100.4,0.00,
18:31:15,80,100.4,0.0,100.4,0.00,
18:31:16,80,100.4,0.0,100.4,0.00,
18:31:17,80,100.4,0.0,100.4,0.00,
18:31:18,80,100.4,0.0,100.4,0.00,
18:31:19,80,100.4,0.0,100.4,0.00,
18:31:20,80,100.4,0.0,100.4,0.00,
18:31:21,80,100.4,0.0,100.4,0.00,
18:31:22,80,100.4,0.0,100.4,0.00,
18:31:23,80,100.4,0.0,100.4,0.00,
18:31:24,80,100.4,0.0,100.4,0.00,
18:31:25,80,100.4,0.0,100.4,0.00,
18:31:26,80,100.4,0.0,100.4,0.00,
18:31:27,80,100.4,0.0,100.4,0.00,
18:31:28,80,100.4,0.0,100.4,0.00,
18:31:29,80,100.4,0.0,100.4,0.00,
18:31:31,80,100.4,0.0,100.4,0.00,
18:31:32,80,100.4,0.0,100.4,0.00,
18:31:33,80,100.4,0.0,100.4,0.00,
18:31:34,80,100.4,0.0,100.4,0.00,
18:31:35,80,100.4,0.0,100.4,0.00,
18:31:36,80,100.4,0.0,100.4,0.00,
18:31:37,80,100.4,0.0,100.4,0.00,
18:31:38,80,100.4,0.0,100.4,0.00,
18:31:39,80,100.4,0.0,100.4,0.00,
18:31:40,80,100.4,0.0,100.4,0.00,
18:31:41,80,100.4,0.0,100.4,0.00,
18:31:42,80,100.4,0.0,100.4,0.00,
18:31:43,80,100.4,0.0,100.4,0.00,
18:31:44,80,100.4,0.0,100.4,0.00,
18:31:45,80,100.4,0.0,100.4,0.00,
18:31:46,80,100.4,0.0,100.4,0.00,
18:31:47,80,100.4,0.0,100.4,0.00,
18:31:48,80,100.4,0.0,100.4,0.00,
18:31:49,80,100.4,0.0,100.4,0.00,
18:31:50,80,100.4,0.0,100.4,0.00,
18:31:51,80,87.4,0.0,87.4,0.00,
18:31:52,80,87.4,0.0,87.4,0.00,
18:31:53,80,87.4,0.0,87.4,0.00,
18:31:54,80,87.4,0.0,87.4,0.00,
18:31:55,80,87.4,0.0,87.4,0.00,
18:31:56,80,87.4,0.0,87.4,0.00,
18:31:57,80,87.4,0.0,87.4,0.00,
18:31:58,80,87.4,0.0,87.4,0.00,
18:31:59,80,87.4,0.0,87.4,0.00,
18:32:00,80,87.4,0.0,87.4,0.00,
18:32:01,80,87.4,0.0,87.4,0.00,
18:32:02,80,87.4,0.0,87.4,0.00,
18:32:03,80,87.4,0.0,87.4,0.00,
18:32:04,80,87.4,0.0,87.4,0.00,
18:32:05,80,87.4,0.0,87.4,0.00,
18:32:06,80,87.4,0.0,87.4,0.00,
18:32:07,80,87.4,0.0,87.4,0.00,
18:32:08,80,87.4,0.0,87.4,0.00,
18:32:09,80,87.4,0.0,87.4,0.00,
18:32:10,80,87.4,0.0,87.4,0.00,
18:32:11,80,87.4,0.0,87.4,0.00,
18:32:12,80,87.4,0.0,87.4,0.00,
18:32:13,80,87.4,0.0,87.4,0.00,
18:32:14,80,87.4,0.0,87.4,0.00,
18:32:15,80,87.4,0.0,87.4,0.00,
18:32:16,80,87.4,0.0,87.4,0.00,
18:32:17,80,87.4,0.0,87.4,0.00,
18:32:18,80,87.4,0.0,87.4,0.00,
18:32:19,80,87.4,0.0,87.4,0.00,
18:32:21,80,87.4,0.0,87.4,0.00,
18:32:22,80,87.4,0.0,87.4,0.00,
18:32:23,80,87.4,0.0,87.4,0.00,
18:32:24,80,87.4,0.0,87.4,0.00,
18:32:25,80,87.4,0.0,87.4,0.00,
18:32:26,80,87.4,0.0,87.4,0.00,
18:32:27,80,87.4,0.0,87.4,0.00,
18:32:28,80,87.4,0.0,87.4,0.00,
18:32:29,80,87.4,0.0,87.4,0.00,
18:32:30,80,87.4,0.0,87.4,0.00,
18:32:31,80,87.4,0.0,87.4,0.00,
18:32:32,80,87.4,0.0,87.4,0.00,
18:32:33,80,87.4,0.0,87.4,0.00,
18:32:34,80,87.4,0.0,87.4,0.00,
18:32:35,80,87.4,0.0,87.4,0.00,
18:32:36,80,87.4,0.0,87.4,0.00,
18:32:37,80,87.4,0.0,87.4,0.00,
18:32:38,80,87.4,0.0,87.4,0.00,
18:32:39,80,87.4,0.0,87.4,0.00,
18:32:40,80,87.4,0.0,87.4,0.00,
18:32:41,80,87.4,0.0,87.4,0.00,
18:32:42,80,87.4,0.0,87.4,0.00,
18:32:43,80,87.4,0.0,87.4,0.00,
18:32:44,80,87.4,0.0,87.4,0.00,
18:32:45,80,87.4,0.0,87.4,0.00,
18:32:46,80,87.4,0.0,87.4,0.00,
18:32:47,80,87.4,0.0,87.4,0.00,
18:32:48,80,87.4,0.0,87.4,0.00,
18:32:49,80,87.4,0.0,87.4,0.00,
18:32:50,80,87.4,0.0,87.4,0.00,
18:32:51,80,97.2,0.0,97.2,0.00,
18:32:52,80,97.2,0.0,97.2,0.00,
18:32:53,80,97.2,0.0,97.2,0.00,
18:32:54,80,97.2,0.0,97.2,0.00,
18:32:55,80,97.2,0.0,97.2,0.00,
18:32:56,80,97.2,0.0,97.2,0.00,
18:32:57,80,97.2,0.0,97.2,0.00,
18:32:58,80,97.2,0.0,97.2,0.00,
18:32:59,80,97.2,0.0,97.2,0.00,
18:33:00,80,97.2,0.0,97.2,0.00,
18:33:01,80,97.2,0.0,97.2,0.00,
18:33:02,80,97.2,0.0,97.2,0.00,
18:33:03,80,97.2,0.0,97.2,0.00,
18:33:04,80,97.2,0.0,97.2,0.00,
18:33:05,80,97.2,0.0,97.2,0.00,
18:33:06,80,97.2,0.0,97.2,0.00,
18:33:07,80,97.2,0.0,97.2,0.00,
18:33:08,80,97.2,0.0,97.2,0.00,
18:33:09,80,97.2,0.0,97.2,0.00,
18:33:10,80,97.2,0.0,97.2,0.00,
18:33:12,80,97.2,0.0,97.2,0.00,
18:33:13,80,97.2,0.0,97.2,0.00,
18:33:14,80,97.2,0.0,97.2,0.00,
18:33:15,80,97.2,0.0,97.2,0.00,
18:33:16,80,97.2,0.0,97.2,0.00,
18:33:17,80,97.2,0.0,97.2,0.00,
18:33:18,80,97.2,0.0,97.2,0.00,
18:33:19,80,97.2,0.0,97.2,0.00,
18:33:20,80,97.2,0.0,97.2,0.00,
18:33:21,80,97.2,0.0,97.2,0.00,
18:33:22,80,97.2,0.0,97.2,0.00,
18:33:23,80,97.2,0.0,97.2,0.00,
18:33:24,80,97.2,0.0,97.2,0.00,
18:33:25,80,97.2,0.0,97.2,0.00,
18:33:26,80,97.2,0.0,97.2,0.00,
18:33:27,80,97.2,0.0,97.2,0.00,
18:33:28,80,97.2,0.0,97.2,0.00,
18:33:29,80,97.2,0.0,97.2,0.00,
18:33:30,80,97.2,0.0,97.2,0.00,
18:33:31,80,97.2,0.0,97.2,0.00,
18:33:32,80,97.2,0.0,97.2,0.00,
18:33:33,80,97.2,0.0,97.2,0.00,
18:33:34,80,97.2,0.0,97.2,0.00,
18:33:35,80,97.2,0.0,97.2,0.00,
18:33:36,80,97.2,0.0,97.2,0.00,
18:33:37,80,97.2,0.0,97.2,0.00,
18:33:38,80,97.2,0.0,97.2,0.00,
18:33:39,80,97.2,0.0,97.2,0.00,
18:33:40,80,97.2,0.0,97.2,0.00,
18:33:41,80,97.2,0.0,97.2,0.00,
18:33:42,80,97.2,0.0,97.2,0.00,
18:33:43,80,97.2,0.0,97.2,0.00,
18:33:44,80,97.2,0.0,97.2,0.00,
18:33:45,80,97.2,0.0,97.2,0.00,
18:33:46,80,97.2,0.0,97.2,0.00,
18:33:47,80,97.2,0.0,97.2,0.00,
18:33:48,80,97.2,0.0,97.2,0.00,
18:33:49,80,97.2,0.0,97.2,0.00,
18:33:50,80,97.2,0.0,97.2,0.00,
18:33:51,80,161.5,-41.0,120.9,-2.05,
18:33:52,80,161.5,-41.0,120.9,-2.05,
18:33:53,80,161.5,-41.0,120.9,-2.05,
18:33:54,80,161.5,-41.0,120.9,-2.05,
18:33:55,80,161.5,-41.0,120.9,-2.05,
18:33:56,80,161.5,-41.0,120.9,-2.05,
18:33:57,80,161.5,-41.0,120.9,-2.05,
18:33:59,80,161.5,-41.0,120.9,-2.05,
18:34:00,80,161.5,-41.0,120.9,-2.05,
18:34:01,80,161.5,-41.0,120.9,-2.05,
18:34:02,80,161.5,-41.0,120.9,-2.05,
18:34:03,80,161.5,-41.0,120.9,-2.05,
18:34:04,80,161.5,-41.0,120.9,-2.05,
18:34:05,80,161.5,-41.0,120.9,-2.05,
18:34:06,80,161.5,-41.0,120.9,-2.05,
18:34:07,80,161.5,-41.0,120.9,-2.05,
18:34:08,80,161.5,-41.0,120.9,-2.05,
18:34:09,80,161.5,-41.0,120.9,-2.05,
18:34:10,80,161.5,-41.0,120.9,-2.05,
18:34:11,80,161.5,-41.0,120.9,-2.05,
18:34:12,80,161.5,-41.0,120.9,-2.05,
18:34:13,80,161.5,-41.0,120.9,-2.05,
18:34:14,80,161.5,-41.0,120.9,-2.05,
18:34:15,80,161.5,-41.0,120.9,-2.05,
18:34:16,80,161.5,-41.0,120.9,-2.05,
18:34:17,80,161.5,-41.0,120.9,-2.05,
18:34:18,80,161.5,-41.0,120.9,-2.05,
18:34:19,80,161.5,-41.0,120.9,-2.05,
18:34:20,80,161.5,-41.0,120.9,-2.05,
18:34:21,80,161.5,-41.0,120.9,-2.05,
18:34:22,80,161.5,-41.0,120.9,-2.05,
18:34:23,80,161.5,-41.0,120.9,-2.05,
18:34:24,80,161.5,-41.0,120.9,-2.05,
18:34:25,80,161.5,-41.0,120.9,-2.05,
18:34:26,80,161.5,-41.0,120.9,-2.05,
18:34:27,80,161.5,-41.0,120.9,-2.05,
18:34:28,80,161.5,-41.0,120.9,-2.05,
18:34:29,80,161.5,-41.0,120.9,-2.05,
18:34:30,80,161.5,-41.0,120.9,-2.05,
18:34:31,80,161.5,-41.0,120.9,-2.05,
18:34:32,80,161.5,-41.0,120.9,-2.05,
18:34:33,80,161.5,-41.0,120.9,-2.05,
18:34:34,80,161.5,-41.0,120.9,-2.05,
18:34:35,80,161.5,-41.0,120.9,-2.05,
18:34:37,80,161.5,-41.0,120.9,-2.05,
18:34:38,80,161.5,-41.0,120.9,-2.05,
18:34:39,80,161.5,-41.0,120.9,-2.05,
18:34:40,80,161.5,-41.0,120.9,-2.05,
18:34:41,80,161.5,-41.0,120.9,-2.05,
18:34:42,80,161.5,-41.0,120.9,-2.05,
18:34:43,80,161.5,-41.0,120.9,-2.05,
18:34:44,80,161.5,-41.0,120.9,-2.05,
18:34:45,80,161.5,-41.0,120.9,-2.05,
18:34:46,80,161.5,-41.0,120.9,-2.05,
18:34:47,80,161.5,-41.0,120.9,-2.05,
18:34:48,80,161.5,-41.0,120.9,-2.05,
18:34:49,80,161.5,-41.0,120.9,-2.05,
18:34:50,80,161.5,-41.0,120.9,-2.05,
18:34:51,80,9.7,0.0,9.7,0.00,
18:34:52,80,9.7,0.0,9.7,0.00,
18:34:53,80,9.7,0.0,9.7,0.00,
18:34:54,80,9.7,0.0,9.7,0.00,
18:34:55,80,9.7,0.0,9.7,0.00,
18:34:56,80,9.7,0.0,9.7,0.00,
18:34:57,80,9.7,0.0,9.7,0.00,
18:34:58,80,9.7,0.0,9.7,0.00,
18:34:59,80,9.7,0.0,9.7,0.00,
18:35:00,80,9.7,0.0,9.7,0.00,
18:35:01,80,9.7,0.0,9.7,0.00,
18:35:03,80,9.7,0.0,9.7,0.00,
18:35:04,80,9.7,0.0,9.7,0.00,
18:35:05,80,9.7,0.0,9.7,0.00,
18:35:06,80,9.7,0.0,9.7,0.00,
18:35:07,80,9.7,0.0,9.7,0.00,
18:35:08,80,9.7,0.0,9.7,0.00,
18:35:09,80,9.7,0.0,9.7,0.00,
18:35:10,80,9.7,0.0,9.7,0.00,
18:35:11,80,9.7,0.0,9.7,0.00,
18:35:12,80,9.7,0.0,9.7,0.00,
18:35:13,80,9.7,0.0,9.7,0.00,
18:35:14,80,9.7,0.0,9.7,0.00,
18:35:15,80,9.7,0.0,9.7,0.00,
18:35:16,80,9.7,0.0,9.7,0.00,
18:35:17,80,9.7,0.0,9.7,0.00,
18:35:18,80,9.7,0.0,9.7,0.00,
18:35:19,80,9.7,0.0,9.7,0.00,
18:35:20,80,9.7,0.0,9.7,0.00,
18:35:21,80,9.7,0.0,9.7,0.00,
18:35:22,80,9.7,0.0,9.7,0.00,
18:35:23,80,9.7,0.0,9.7,0.00,
18:35:24,80,9.7,0.0,9.7,0.00,
18:35:25,80,9.7,0.0,9.7,0.00,
18:35:26,80,9.7,0.0,9.7,0.00,
18:35:27,80,9.7,0.0,9.7,0.00,
18:35:28,80,9.7,0.0,9.7,0.00,
18:35:30,80,9.7,0.0,9.7,0.00,
18:35:31,80,9.7,0.0,9.7,0.00,
18:35:32,80,9.7,0.0,9.7,0.00,
18:35:33,80,9.7,0.0,9.7,0.00,
18:35:34,80,9.7,0.0,9.7,0.00,
18:35:35,80,9.7,0.0,9.7,0.00,
18:35:36,80,9.7,0.0,9.7,0.00,
18:35:37,80,9.7,0.0,9.7,0.00,
18:35:38,80,9.7,0.0,9.7,0.00,
18:35:39,80,9.7,0.0,9.7,0.00,
18:35:40,80,9.7,0.0,9.7,0.00,
18:35:41,80,9.7,0.0,9.7,0.00,
18:35:42,80,9.7,0.0,9.7,0.00,
18:35:43,80,9.7,0.0,9.7,0.00,
18:35:44,80,9.7,0.0,9.7,0.00,
18:35:45,80,9.7,0.0,9.7,0.00,
18:35:46,80,9.7,0.0,9.7,0.00,
18:35:47,80,9.7,0.0,9.7,0.00,
18:35:48,80,9.7,0.0,9.7,0.00,
18:35:49,80,9.7,0.0,9.7,0.00,
18:35:50,80,9.7,0.0,9.7,0.00,
18:35:51,80,7.6,0.0,7.6,0.00,
18:35:52,80,7.6,0.0,7.6,0.00,
18:35:53,80,7.6,0.0,7.6,0.00,
18:35:54,80,7.6,0.0,7.6,0.00,
18:35:55,80,7.6,0.0,7.6,0.00,
18:35:56,80,7.6,0.0,7.6,0.00,
18:35:58,80,7.6,0.0,7.6,0.00,
18:35:59,80,7.6,0.0,7.6,0.00,
18:36:00,80,7.6,0.0,7.6,0.00,
18:36:01,80,7.6,0.0,7.6,0.00,
18:36:02,80,7.6,0.0,7.6,0.00,
18:36:03,80,7.6,0.0,7.6,0.00,
18:36:04,80,7.6,0.0,7.6,0.00,
18:36:05,80,7.6,0.0,7.6,0.00,
18:36:06,80,7.6,0.0,7.6,0.00,
18:36:07,80,7.6,0.0,7.6,0.00,
18:36:08,80,7.6,0.0,7.6,0.00,
18:36:09,80,7.6,0.0,7.6,0.00,
18:36:10,80,7.6,0.0,7.6,0.00,
18:36:11,80,7.6,0.0,7.6,0.00,
18:36:12,80,7.6,0.0,7.6,0.00,
18:36:13,80,7.6,0.0,7.6,0.00,
18:36:14,80,7.6,0.0,7.6,0.00,
18:36:15,80,7.6,0.0,7.6,0.00,
18:36:16,80,7.6,0.0,7.6,0.00,
18:36:17,80,7.6,0.0,7.6,0.00,
18:36:18,80,7.6,0.0,7.6,0.00,
18:36:19,80,7.6,0.0,7.6,0.00,
18:36:20,80,7.6,0.0,7.6,0.00,
18:36:21,80,7.6,0.0,7.6,0.00,
18:36:22,80,7.6,0.0,7.6,0.00,
18:36:23,80,7.6,0.0,7.6,0.00,
18:36:24,80,7.6,0.0,7.6,0.00,
18:36:25,80,7.6,0.0,7.6,0.00,
18:36:26,80,7.6,0.0,7.6,0.00,
18:36:27,80,7.6,0.0,7.6,0.00,
18:36:28,80,7.6,0.0,7.6,0.00,
18:36:29,80,7.6,0.0,7.6,0.00,
18:36:30,80,7.6,0.0,7.6,0.00,
18:36:31,80,7.6,0.0,7.6,0.00,
18:36:32,80,7.6,0.0,7.6,0.00,
18:36:34,80,7.6,0.0,7.6,0.00,
18:36:35,80,7.6,0.0,7.6,0.00,
18:36:36,80,7.6,0.0,7.6,0.00,
18:36:37,80,7.6,0.0,7.6,0.00,
18:36:38,80,7.6,0.0,7.6,0.00,
18:36:39,80,7.6,0.0,7.6,0.00,
18:36:40,80,7.6,0.0,7.6,0.00,
18:36:41,80,7.6,0.0,7.6,0.00,
18:36:42,80,7.6,0.0,7.6,0.00,
18:36:43,80,7.6,0.0,7.6,0.00,
18:36:44,80,7.6,0.0,7.6,0.00,
18:36:45,80,7.6,0.0,7.6,0.00,
18:36:46,80,7.6,0.0,7.6,0.00,
18:36:47,80,7.6,0.0,7.6,0.00,
18:36:48,80,7.6,0.0,7.6,0.00,
18:36:49,80,7.6,0.0,7.6,0.00,
18:36:50,80,7.6,0.0,7.6,0.00,
18:36:51,80,133.0,-8.2,124.9,0.00,
18:36:52,80,133.0,-8.2,124.9,0.00,
18:36:53,80,133.0,-8.2,124.9,0.00,
18:36:54,80,133.0,-8.2,124.9,0.00,
18:36:55,80,133.0,-8.2,124.9,0.00,
18:36:56,80,133.0,-8.2,124.9,0.00,
18:36:57,80,133.0,-8.2,124.9,0.00,
18:36:58,80,133.0,-8.2,124.9,0.00,
18:36:59,80,133.0,-8.2,124.9,0.00,
18:37:00,80,133.0,-8.2,124.9,0.00,
18:37:01,80,133.0,-8.2,124.9,0.00,
18:37:02,80,133.0,-8.2,124.9,0.00,
18:37:03,80,133.0,-8.2,124.9,0.00,
18:37:04,80,133.0,-8.2,124.9,0.00,
18:37:05,80,133.0,-8.2,124.9,0.00,
18:37:06,80,133.0,-8.2,124.9,0.00,
18:37:07,80,133.0,-8.2,124.9,0.00,
18:37:08,80,133.0,-8.2,124.9,0.00,
18:37:09,80,133.0,-8.2,124.9,0.00,
18:37:10,80,133.0,-8.2,124.9,0.00,
18:37:11,80,133.0,-8.2,124.9,0.00,
18:37:12,80,133.0,-8.2,124.9,0.00,
18:37:13,80,133.0,-8.2,124.9,0.00,
18:37:14,80,133.0,-8.2,124.9,0.00,
18:37:15,80,133.0,-8.2,124.9,0.00,
18:37:16,80,133.0,-8.2,124.9,0.00,
18:37:17,80,133.0,-8.2,124.9,0.00,
18:37:19,80,133.0,-8.2,124.9,0.00,
18:37:20,80,133.0,-8.2,124.9,0.00,
18:37:21,80,133.0,-8.2,124.9,0.00,
18:37:22,80,133.0,-8.2,124.9,0.00,
18:37:23,80,133.0,-8.2,124.9,0.00,
18:37:24,80,133.0,-8.2,124.9,0.00,
18:37:25,80,133.0,-8.2,124.9,0.00,
18:37:26,80,133.0,-8.2,124.9,0.00,
18:37:27,80,133.0,-8.2,124.9,0.00,
18:37:28,80,133.0,-8.2,124.9,0.00,
18:37:29,80,133.0,-8.2,124.9,0.00,
18:37:30,80,133.0,-8.2,124.9,0.00,
18:37:31,80,133.0,-8.2,124.9,0.00,
18:37:32,80,133.0,-8.2,124.9,0.00,
18:37:33,80,133.0,-8.2,124.9,0.00,
18:37:34,80,133.0,-8.2,124.9,0.00,
18:37:35,80,133.0,-8.2,124.9,0.00,
18:37:36,80,133.0,-8.2,124.9,0.00,
18:37:37,80,133.0,-8.2,124.9,0.00,
18:37:38,80,133.0,-8.2,124.9,0.00,
18:37:39,80,133.0,-8.2,124.9,0.00,
18:37:40,80,133.0,-8.2,124.9,0.00,
18:37:41,80,133.0,-8.2,124.9,0.00,
18:37:42,80,133.0,-8.2,124.9,0.00,
18:37:43,80,133.0,-8.2,124.9,0.00,
18:37:44,80,133.0,-8.2,124.9,0.00,
18:37:45,80,133.0,-8.2,124.9,0.00,
18:37:46,80,133.0,-8.2,124.9,0.00,
18:37:47,80,133.0,-8.2,124.9,0.00,
18:37:48,80,133.0,-8.2,124.9,0.00,
18:37:49,80,133.0,-8.2,124.9,0.00,
18:37:50,80,133.0,-8.2,124.9,0.00,
18:37:52,80,8.4,0.0,8.4,0.00,
18:37:53,80,8.4,0.0,8.4,0.00,
18:37:54,80,8.4,0.0,8.4,0.00,
18:37:55,80,8.4,0.0,8.4,0.00,
18:37:56,80,8.4,0.0,8.4,0.00,
18:37:57,80,8.4,0.0,8.4,0.00,
18:37:58,80,8.4,0.0,8.4,0.00,
18:37:59,80,8.4,0.0,8.4,0.00,
18:38:00,80,8.4,0.0,8.4,0.00,
18:38:01,80,8.4,0.0,8.4,0.00,
18:38:02,80,8.4,0.0,8.4,0.00,
18:38:03,80,8.4,0.0,8.4,0.00,
18:38:04,80,8.4,0.0,8.4,0.00,
18:38:05,80,8.4,0.0,8.4,0.00,
18:38:06,80,8.4,0.0,8.4,0.00,
18:38:07,80,8.4,0.0,8.4,0.00,
18:38:08,80,8.4,0.0,8.4,0.00,
18:38:09,80,8.4,0.0,8.4,0.00,
18:38:10,80,8.4,0.0,8.4,0.00,
18:38:11,80,8.4,0.0,8.4,0.00,
18:38:12,80,8.4,0.0,8.4,0.00,
18:38:13,80,8.4,0.0,8.4,0.00,
18:38:14,80,8.4,0.0,8.4,0.00,
18:38:15,80,8.4,0.0,8.4,0.00,
18:38:16,80,8.4,0.0,8.4,0.00,
18:38:18,80,8.4,0.0,8.4,0.00,
18:38:19,80,8.4,0.0,8.4,0.00,
18:38:20,80,8.4,0.0,8.4,0.00,
18:38:21,80,8.4,0.0,8.4,0.00,
18:38:22,80,8.4,0.0,8.4,0.00,
18:38:23,80,8.4,0.0,8.4,0.00,
18:38:24,80,8.4,0.0,8.4,0.00,
18:38:25,80,8.4,0.0,8.4,0.00,
18:38:26,80,8.4,0.0,8.4,0.00,
18:38:27,80,8.4,0.0,8.4,0.00,
18:38:28,80,8.4,0.0,8.4,0.00,
18:38:29,80,8.4,0.0,8.4,0.00,
18:38:30,80,8.4,0.0,8.4,0.00,
18:38:31,80,8.4,0.0,8.4,0.00,
18:38:32,80,8.4,0.0,8.4,0.00,
18:38:33,80,8.4,0.0,8.4,0.00,
18:38:34,80,8.4,0.0,8.4,0.00,
18:38:35,80,8.4,0.0,8.4,0.00,
18:38:36,80,8.4,0.0,8.4,0.00,
18:38:37,80,8.4,0.0,8.4,0.00,
18:38:38,80,8.4,0.0,8.4,0.00,
18:38:39,80,8.4,0.0,8.4,0.00,
18:38:40,80,8.4,0.0,8.4,0.00,
18:38:41,80,8.4,0.0,8.4,0.00,
18:38:42,80,8.4,0.0,8.4,0.00,
18:38:44,80,8.4,0.0,8.4,0.00,
18:38:45,80,8.4,0.0,8.4,0.00,
18:38:46,80,8.4,0.0,8.4,0.00,
18:38:47,80,8.4,0.0,8.4,0.00,
18:38:48,80,8.4,0.0,8.4,0.00,
18:38:49,80,8.4,0.0,8.4,0.00,
18:38:50,80,8.4,0.0,8.4,0.00,
18:38:51,80,7.4,0.0,7.4,0.00,
18:38:52,80,7.4,0.0,7.4,0.00,
18:38:53,80,7.4,0.0,7.4,0.00,
18:38:54,80,7.4,0.0,7.4,0.00,
18:38:55,80,7.4,0.0,7.4,0.00,
18:38:56,80,7.4,0.0,7.4,0.00,
18:38:57,80,7.4,0.0,7.4,0.00,
18:38:58,80,7.4,0.0,7.4,0.00,
18:38:59,80,7.4,0.0,7.4,0.00,
18:39:00,80,7.4,0.0,7.4,0.00,
18:39:01,80,7.4,0.0,7.4,0.00,
18:39:02,80,7.4,0.0,7.4,0.00,
18:39:03,80,7.4,0.0,7.4,0.00,
18:39:04,80,7.4,0.0,7.4,0.00,
18:39:05,80,7.4,0.0,7.4,0.00,
18:39:07,80,7.4,0.0,7.4,0.00,
18:39:08,80,7.4,0.0,7.4,0.00,
18:39:09,80,7.4,0.0,7.4,0.00,
18:39:10,80,7.4,0.0,7.4,0.00,
18:39:11,80,7.4,0.0,7.4,0.00,
18:39:12,80,7.4,0.0,7.4,0.00,
18:39:13,80,7.4,0.0,7.4,0.00,
18:39:14,80,7.4,0.0,7.4,0.00,
18:39:15,80,7.4,0.0,7.4,0.00,
18:39:16,80,7.4,0.0,7.4,0.00,
18:39:17,80,7.4,0.0,7.4,0.00,
18:39:18,80,7.4,0.0,7.4,0.00,
18:39:19,80,7.4,0.0,7.4,0.00,
18:39:20,80,7.4,0.0,7.4,0.00,
18:39:21,80,7.4,0.0,7.4,0.00,
18:39:22,80,7.4,0.0,7.4,0.00,
18:39:23,80,7.4,0.0,7.4,0.00,
18:39:24,80,7.4,0.0,7.4,0.00,
18:39:25,80,7.4,0.0,7.4,0.00,
18:39:26,80,7.4,0.0,7.4,0.00,
18:39:27,80,7.4,0.0,7.4,0.00,
18:39:28,80,7.4,0.0,7.4,0.00,
18:39:29,80,7.4,0.0,7.4,0.00,
18:39:30,80,7.4,0.0,7.4,0.00,
18:39:31,80,7.4,0.0,7.4,0.00,
18:39:32,80,7.4,0.0,7.4,0.00,
18:39:33,80,7.4,0.0,7.4,0.00,
18:39:34,80,7.4,0.0,7.4,0.00,
18:39:35,80,7.4,0.0,7.4,0.00,
18:39:36,80,7.4,0.0,7.4,0.00,
18:39:37,80,7.4,0.0,7.4,0.00,
18:39:38,80,7.4,0.0,7.4,0.00,
18:39:39,80,7.4,0.0,7.4,0.00,
18:39:40,80,7.4,0.0,7.4,0.00,
18:39:41,80,7.4,0.0,7.4,0.00,
18:39:42,80,7.4,0.0,7.4,0.00,
18:39:43,80,7.4,0.0,7.4,0.00,
18:39:45,80,7.4,0.0,7.4,0.00,
18:39:46,80,7.4,0.0,7.4,0.00,
18:39:47,80,7.4,0.0,7.4,0.00,
18:39:48,80,7.4,0.0,7.4,0.00,
18:39:49,80,7.4,0.0,7.4,0.00,
18:39:50,80,7.4,0.0,7.4,0.00,
18:39:51,80,130.2,-6.1,124.1,0.00,
18:39:52,80,130.2,-6.1,124.1,0.00,
18:39:53,80,130.2,-6.1,124.1,0.00,
18:39:54,80,130.2,-6.1,124.1,0.00,
18:39:55,80,130.2,-6.1,124.1,0.00,
18:39:56,80,130.2,-6.1,124.1,0.00,
18:39:57,80,130.2,-6.1,124.1,0.00,
18:39:58,80,130.2,-6.1,124.1,0.00,
18:39:59,80,130.2,-6.1,124.1,0.00,
18:40:00,80,130.2,-6.1,124.1,0.00,
18:40:01,80,130.2,-6.1,124.1,0.00,
18:40:02,80,130.2,-6.1,124.1,0.00,
18:40:03,80,130.2,-6.1,124.1,0.00,
18:40:04,80,130.2,-6.1,124.1,0.00,
18:40:05,80,130.2,-6.1,124.1,0.00,
18:40:06,80,130.2,-6.1,124.1,0.00,
18:40:07,80,130.2,-6.1,124.1,0.00,
18:40:08,80,130.2,-6.1,124.1,0.00,
18:40:09,80,130.2,-6.1,124.1,0.00,
18:40:10,80,130.2,-6.1,124.1,0.00,
18:40:11,80,130.2,-6.1,124.1,0.00,
18:40:12,80,130.2,-6.1,124.1,0.00,
18:40:13,80,130.2,-6.1,124.1,0.00,
18:40:14,80,130.2,-6.1,124.1,0.00,
18:40:15,80,130.2,-6.1,124.1,0.00,
18:40:16,80,130.2,-6.1,124.1,0.00,
18:40:17,80,130.2,-6.1,124.1,0.00,
18:40:18,80,130.2,-6.1,124.1,0.00,
18:40:19,80,130.2,-6.1,124.1,0.00,
18:40:20,80,130.2,-6.1,124.1,0.00,
18:40:21,80,130.2,-6.1,124.1,0.00,
18:40:22,80,130.2,-6.1,124.1,0.00,
18:40:23,80,130.2,-6.1,124.1,0.00,
18:40:24,80,130.2,-6.1,124.1,0.00,
18:40:25,80,130.2,-6.1,124.1,0.00,
18:40:26,80,130.2,-6.1,124.1,0.00,
18:40:27,80,130.2,-6.1,124.1,0.00,
18:40:28,80,130.2,-6.1,124.1,0.00,
18:40:29,80,130.2,-6.1,124.1,0.00,
18:40:30,80,130.2,-6.1,124.1,0.00,
18:40:32,80,130.2,-6.1,124.1,0.00,
18:40:33,80,130.2,-6.1,124.1,0.00,
18:40:34,80,130.2,-6.1,124.1,0.00,
18:40:35,80,130.2,-6.1,124.1,0.00,
18:40:36,80,130.2,-6.1,124.1,0.00,
18:40:37,80,130.2,-6.1,124.1,0.00,
18:40:38,80,130.2,-6.1,124.1,0.00,
18:40:39,80,130.2,-6.1,124.1,0.00,
18:40:40,80,130.2,-6.1,124.1,0.00,
18:40:41,80,130.2,-6.1,124.1,0.00,
18:40:42,80,130.2,-6.1,124.1,0.00,
18:40:43,80,130.2,-6.1,124.1,0.00,
18:40:44,80,130.2,-6.1,124.1,0.00,
18:40:45,80,130.2,-6.1,124.1,0.00,
18:40:46,80,130.2,-6.1,124.1,0.00,
18:40:47,80,130.2,-6.1,124.1,0.00,
18:40:48,80,130.2,-6.1,124.1,0.00,
18:40:49,80,130.2,-6.1,124.1,0.00,
18:40:50,80,130.2,-6.1,124.1,0.00,
18:40:51,80,8.5,0.0,8.5,0.00,
18:40:52,80,8.5,0.0,8.5,0.00,
18:40:53,80,8.5,0.0,8.5,0.00,
18:40:55,80,8.5,0.0,8.5,0.00,
18:40:56,80,8.5,0.0,8.5,0.00,
18:40:57,80,8.5,0.0,8.5,0.00,
18:40:58,80,8.5,0.0,8.5,0.00,
18:40:59,80,8.5,0.0,8.5,0.00,
18:41:00,80,8.5,0.0,8.5,0.00,
18:41:01,80,8.5,0.0,8.5,0.00,
18:41:02,80,8.5,0.0,8.5,0.00,
18:41:03,80,8.5,0.0,8.5,0.00,
18:41:04,80,8.5,0.0,8.5,0.00,
18:41:05,80,8.5,0.0,8.5,0.00,
18:41:06,80,8.5,0.0,8.5,0.00,
18:41:07,80,8.5,0.0,8.5,0.00,
18:41:08,80,8.5,0.0,8.5,0.00,
18:41:09,80,8.5,0.0,8.5,0.00,
18:41:10,80,8.5,0.0,8.5,0.00,
18:41:11,80,8.5,0.0,8.5,0.00,
18:41:12,80,8.5,0.0,8.5,0.00,
18:41:13,80,8.5,0.0,8.5,0.00,
18:41:14,80,8.5,0.0,8.5,0.00,
18:41:15,80,8.5,0.0,8.5,0.00,
18:41:16,80,8.5,0.0,8.5,0.00,
18:41:17,80,8.5,0.0,8.5,0.00,
18:41:18,80,8.5,0.0,8.5,0.00,
18:41:20,80,8.5,0.0,8.5,0.00,
18:41:21,80,8.5,0.0,8.5,0.00,
18:41:22,80,8.5,0.0,8.5,0.00,
18:41:23,80,8.5,0.0,8.5,0.00,
18:41:24,80,8.5,0.0,8.5,0.00,
18:41:25,80,8.5,0.0,8.5,0.00,
18:41:26,80,8.5,0.0,8.5,0.00,
18:41:27,80,8.5,0.0,8.5,0.00,
18:41:28,80,8.5,0.0,8.5,0.00,
18:41:29,80,8.5,0.0,8.5,0.00,
18:41:30,80,8.5,0.0,8.5,0.00,
18:41:31,80,8.5,0.0,8.5,0.00,
18:41:32,80,8.5,0.0,8.5,0.00,
18:41:33,80,8.5,0.0,8.5,0.00,
18:41:34,80,8.5,0.0,8.5,0.00,
18:41:35,80,8.5,0.0,8.5,0.00,
18:41:36,80,8.5,0.0,8.5,0.00,
18:41:37,80,8.5,0.0,8.5,0.00,
18:41:38,80,8.5,0.0,8.5,0.00,
18:41:39,80,8.5,0.0,8.5,0.00,
18:41:40,80,8.5,0.0,8.5,0.00,
18:41:41,80,8.5,0.0,8.5,0.00,
18:41:43,80,8.5,0.0,8.5,0.00,
18:41:44,80,8.5,0.0,8.5,0.00,
18:41:45,80,8.5,0.0,8.5,0.00,
18:41:46,80,8.5,0.0,8.5,0.00,
18:41:47,80,8.5,0.0,8.5,0.00,
18:41:48,80,8.5,0.0,8.5,0.00,
18:41:49,80,8.5,0.0,8.5,0.00,
18:41:50,80,8.5,0.0,8.5,0.00,
18:41:51,80,14.7,0.0,14.7,0.00,
18:41:52,80,14.7,0.0,14.7,0.00,
18:41:53,80,14.7,0.0,14.7,0.00,
18:41:54,80,14.7,0.0,14.7,0.00,
18:41:55,80,14.7,0.0,14.7,0.00,
18:41:56,80,14.7,0.0,14.7,0.00,
18:41:57,80,14.7,0.0,14.7,0.00,
18:41:58,80,14.7,0.0,14.7,0.00,
18:41:59,80,14.7,0.0,14.7,0.00,
18:42:00,80,14.7,0.0,14.7,0.00,
18:42:01,80,14.7,0.0,14.7,0.00,
18:42:02,80,14.7,0.0,14.7,0.00,
18:42:03,80,14.7,0.0,14.7,0.00,
18:42:04,80,14.7,0.0,14.7,0.00,
18:42:06,80,14.7,0.0,14.7,0.00,
18:42:07,80,14.7,0.0,14.7,0.00,
18:42:08,80,14.7,0.0,14.7,0.00,
18:42:09,80,14.7,0.0,14.7,0.00,
18:42:10,80,14.7,0.0,14.7,0.00,
18:42:11,80,14.7,0.0,14.7,0.00,
18:42:12,80,14.7,0.0,14.7,0.00,
18:42:13,80,14.7,0.0,14.7,0.00,
18:42:14,80,14.7,0.0,14.7,0.00,
18:42:15,80,14.7,0.0,14.7,0.00,
18:42:16,80,14.7,0.0,14.7,0.00,
18:42:17,80,14.7,0.0,14.7,0.00,
18:42:18,80,14.7,0.0,14.7,0.00,
18:42:19,80,14.7,0.0,14.7,0.00,
18:42:20,80,14.7,0.0,14.7,0.00,
18:42:21,80,14.7,0.0,14.7,0.00,
18:42:22,80,14.7,0.0,14.7,0.00,
18:42:23,80,14.7,0.0,14.7,0.00,
18:42:24,80,14.7,0.0,14.7,0.00,
18:42:25,80,14.7,0.0,14.7,0.00,
18:42:26,80,14.7,0.0,14.7,0.00,
18:42:27,80,14.7,0.0,14.7,0.00,
18:42:28,80,14.7,0.0,14.7,0.00,
18:42:29,80,14.7,0.0,14.7,0.00,
18:42:30,80,14.7,0.0,14.7,0.00,
18:42:31,80,14.7,0.0,14.7,0.00,
18:42:32,80,14.7,0.0,14.7,0.00,
18:42:33,80,14.7,0.0,14.7,0.00,
18:42:34,80,14.7,0.0,14.7,0.00,
18:42:35,80,14.7,0.0,14.7,0.00,
18:42:36,80,14.7,0.0,14.7,0.00,
18:42:37,80,14.7,0.0,14.7,0.00,
18:42:38,80,14.7,0.0,14.7,0.00,
18:42:39,80,14.7,0.0,14.7,0.00,
18:42:40,80,14.7,0.0,14.7,0.00,
18:42:41,80,14.7,0.0,14.7,0.00,
18:42:42,80,14.7,0.0,14.7,0.00,
18:42:43,80,14.7,0.0,14.7,0.00,
18:42:44,80,14.7,0.0,14.7,0.00,
18:42:45,80,14.7,0.0,14.7,0.00,
18:42:46,80,14.7,0.0,14.7,0.00,
18:42:48,80,14.7,0.0,14.7,0.00,
18:42:49,80,14.7,0.0,14.7,0.00,
18:42:50,80,14.7,0.0,14.7,0.00,
18:42:51,80,118.2,-2.0,115.4,0.00,
18:42:52,80,118.2,-2.0,115.4,0.00,
18:42:53,80,118.2,-2.0,115.4,0.00,
18:42:54,80,118.2,-2.0,115.4,0.00,
18:42:55,80,118.2,-2.0,115.4,0.00,
18:42:56,80,118.2,-2.0,115.4,0.00,
18:42:57,80,118.2,-2.0,115.4,0.00,
18:42:58,80,118.2,-2.0,115.4,0.00,
18:42:59,80,118.2,-2.0,115.4,0.00,
18:43:00,80,118.2,-2.0,115.4,0.00,
18:43:01,80,118.2,-2.0,115.4,0.00,
18:43:02,80,118.2,-2.0,115.4,0.00,
18:43:03,80,118.2,-2.0,115.4,0.00,
18:43:04,80,118.2,-2.0,115.4,0.00,
18:43:05,80,118.2,-2.0,115.4,0.00,
18:43:06,80,118.2,-2.0,115.4,0.00,
18:43:07,80,118.2,-2.0,115.4,0.00,
18:43:08,80,118.2,-2.0,115.4,0.00,
18:43:09,80,118.2,-2.0,115.4,0.00,
18:43:10,80,118.2,-2.0,115.4,0.00,
18:43:11,80,118.2,-2.0,115.4,0.00,
18:43:12,80,118.2,-2.0,115.4,0.00,
18:43:13,80,118.2,-2.0,115.4,0.00,
18:43:14,80,118.2,-2.0,115.4,0.00,
18:43:15,80,118.2,-2.0,115.4,0.00,
18:43:16,80,118.2,-2.0,115.4,0.00,
18:43:17,80,118.2,-2.0,115.4,0.00,
18:43:18,80,118.2,-2.0,115.4,0.00,
18:43:19,80,118.2,-2.0,115.4,0.00,
18:43:20,80,118.2,-2.0,115.4,0.00,
18:43:21,80,118.2,-2.0,115.4,0.00,
18:43:22,80,118.2,-2.0,115.4,0.00,
18:43:23,80,118.2,-2.0,115.4,0.00,
18:43:24,80,118.2,-2.0,115.4,0.00,
18:43:25,80,118.2,-2.0,115.4,0.00,
18:43:27,80,118.2,-2.0,115.4,0.00,
18:43:28,80,118.2,-2.0,115.4,0.00,
18:43:29,80,118.2,-2.0,115.4,0.00,
18:43:30,80,118.2,-2.0,115.4,0.00,
18:43:31,80,118.2,-2.0,115.4,0.00,
18:43:32,80,118.2,-2.0,115.4,0.00,
18:43:33,80,118.2,-2.0,115.4,0.00,
18:43:34,80,118.2,-2.0,115.4,0.00,
18:43:35,80,118.2,-2.0,115.4,0.00,
18:43:36,80,118.2,-2.0,115.4,0.00,
18:43:37,80,118.2,-2.0,115.4,0.00,
18:43:38,80,118.2,-2.0,115.4,0.00,
18:43:39,80,118.2,-2.0,115.4,0.00,
18:43:40,80,118.2,-2.0,115.4,0.00,
18:43:41,80,118.2,-2.0,115.4,0.00,
18:43:42,80,118.2,-2.0,115.4,0.00,
18:43:43,80,118.2,-2.0,115.4,0.00,
18:43:44,80,118.2,-2.0,115.4,0.00,
18:43:45,80,118.2,-2.0,115.4,0.00,
18:43:46,80,118.2,-2.0,115.4,0.00,
18:43:47,80,118.2,-2.0,115.4,0.00,
18:43:48,80,118.2,-2.0,115.4,0.00,
18:43:49,80,118.2,-2.0,115.4,0.00,
18:43:51,80,118.2,-2.0,115.4,0.00,
18:43:52,80,5.5,0.0,5.5,0.00,
18:43:53,80,5.5,0.0,5.5,0.00,
18:43:54,80,5.5,0.0,5.5,0.00,
18:43:55,80,5.5,0.0,5.5,0.00,
18:43:56,80,5.5,0.0,5.5,0.00,
18:43:57,80,5.5,0.0,5.5,0.00,
18:43:58,80,5.5,0.0,5.5,0.00,
18:43:59,80,5.5,0.0,5.5,0.00,
18:44:00,80,5.5,0.0,5.5,0.00,
18:44:01,80,5.5,0.0,5.5,0.00,
18:44:02,80,5.5,0.0,5.5,0.00,
18:44:03,80,5.5,0.0,5.5,0.00,
18:44:04,80,5.5,0.0,5.5,0.00,
18:44:05,80,5.5,0.0,5.5,0.00,
18:44:06,80,5.5,0.0,5.5,0.00,
18:44:07,80,5.5,0.0,5.5,0.00,
18:44:08,80,5.5,0.0,5.5,0.00,
18:44:09,80,5.5,0.0,5.5,0.00,
18:44:10,80,5.5,0.0,5.5,0.00,
18:44:11,80,5.5,0.0,5.5,0.00,
18:44:12,80,5.5,0.0,5.5,0.00,
18:44:14,80,5.5,0.0,5.5,0.00,
18:44:15,80,5.5,0.0,5.5,0.00,
18:44:16,80,5.5,0.0,5.5,0.00,
18:44:17,80,5.5,0.0,5.5,0.00,
18:44:18,80,5.5,0.0,5.5,0.00,
18:44:19,80,5.5,0.0,5.5,0.00,
18:44:20,80,5.5,0.0,5.5,0.00,
18:44:21,80,5.5,0.0,5.5,0.00,
18:44:22,80,5.5,0.0,5.5,0.00,
18:44:23,80,5.5,0.0,5.5,0.00,
18:44:24,80,5.5,0.0,5.5,0.00,
18:44:25,80,5.5,0.0,5.5,0.00,
18:44:26,80,5.5,0.0,5.5,0.00,
18:44:27,80,5.5,0.0,5.5,0.00,
18:44:28,80,5.5,0.0,5.5,0.00,
18:44:29,80,5.5,0.0,5.5,0.00,
18:44:30,80,5.5,0.0,5.5,0.00,
18:44:31,80,5.5,0.0,5.5,0.00,
18:44:32,80,5.5,0.0,5.5,0.00,
18:44:33,80,5.5,0.0,5.5,0.00,
18:44:34,80,5.5,0.0,5.5,0.00,
18:44:35,80,5.5,0.0,5.5,0.00,
18:44:36,80,5.5,0.0,5.5,0.00,
18:44:38,80,5.5,0.0,5.5,0.00,
18:44:39,80,5.5,0.0,5.5,0.00,
18:44:40,80,5.5,0.0,5.5,0.00,
18:44:41,80,5.5,0.0,5.5,0.00,
18:44:42,80,5.5,0.0,5.5,0.00,
18:44:43,80,5.5,0.0,5.5,0.00,
18:44:44,80,5.5,0.0,5.5,0.00,
18:44:45,80,5.5,0.0,5.5,0.00,
18:44:46,80,5.5,0.0,5.5,0.00,
18:44:47,80,5.5,0.0,5.5,0.00,
18:44:48,80,5.5,0.0,5.5,0.00,
18:44:49,80,5.5,0.0,5.5,0.00,
18:44:50,80,5.5,0.0,5.5,0.00,
18:44:51,80,4.6,0.0,4.6,0.00,
18:44:52,80,4.6,0.0,4.6,0.00,
18:44:53,80,4.6,0.0,4.6,0.00,
18:44:54,80,4.6,0.0,4.6,0.00,
18:44:55,80,4.6,0.0,4.6,0.00,
18:44:56,80,4.6,0.0,4.6,0.00,
18:44:57,80,4.6,0.0,4.6,0.00,
18:44:58,80,4.6,0.0,4.6,0.00,
18:44:59,80,4.6,0.0,4.6,0.00,
18:45:00,80,4.6,0.0,4.6,0.00,
18:45:01,80,4.6,0.0,4.6,0.00,
18:45:02,80,4.6,0.0,4.6,0.00,
18:45:03,80,4.6,0.0,4.6,0.00,
18:45:05,80,4.6,0.0,4.6,0.00,
18:45:06,80,4.6,0.0,4.6,0.00,
18:45:07,80,4.6,0.0,4.6,0.00,
18:45:08,80,4.6,0.0,4.6,0.00,
18:45:09,80,4.6,0.0,4.6,0.00,
18:45:10,80,4.6,0.0,4.6,0.00,
18:45:11,80,4.6,0.0,4.6,0.00,
18:45:12,80,4.6,0.0,4.6,0.00,
18:45:13,80,4.6,0.0,4.6,0.00,
18:45:14,80,4.6,0.0,4.6,0.00,
18:45:15,80,4.6,0.0,4.6,0.00,
18:45:16,80,4.6,0.0,4.6,0.00,
18:45:17,80,4.6,0.0,4.6,0.00,
18:45:18,80,4.6,0.0,4.6,0.00,
18:45:19,80,4.6,0.0,4.6,0.00,
18:45:20,80,4.6,0.0,4.6,0.00,
18:45:21,80,4.6,0.0,4.6,0.00,
18:45:22,80,4.6,0.0,4.6,0.00,
18:45:23,80,4.6,0.0,4.6,0.00,
18:45:24,80,4.6,0.0,4.6,0.00,
18:45:25,80,4.6,0.0,4.6,0.00,
18:45:26,80,4.6,0.0,4.6,0.00,
18:45:27,80,4.6,0.0,4.6,0.00,
18:45:28,80,4.6,0.0,4.6,0.00,
18:45:29,80,4.6,0.0,4.6,0.00,
18:45:30,80,4.6,0.0,4.6,0.00,
18:45:31,80,4.6,0.0,4.6,0.00,
18:45:32,80,4.6,0.0,4.6,0.00,
18:45:33,80,4.6,0.0,4.6,0.00,
18:45:34,80,4.6,0.0,4.6,0.00,
18:45:35,80,4.6,0.0,4.6,0.00,
18:45:36,80,4.6,0.0,4.6,0.00,
18:45:37,80,4.6,0.0,4.6,0.00,
18:45:38,80,4.6,0.0,4.6,0.00,
18:45:39,80,4.6,0.0,4.6,0.00,
18:45:40,80,4.6,0.0,4.6,0.00,
18:45:41,80,4.6,0.0,4.6,0.00,
18:45:42,80,4.6,0.0,4.6,0.00,
18:45:43,80,4.6,0.0,4.6,0.00,
18:45:44,80,4.6,0.0,4.6,0.00,
18:45:45,80,4.6,0.0,4.6,0.00,
18:45:46,80,4.6,0.0,4.6,0.00,
18:45:47,80,4.6,0.0,4.6,0.00,
18:45:48,80,4.6,0.0,4.6,0.00,
18:45:50,80,4.6,0.0,4.6,0.00,
18:45:51,80,4.6,0.0,4.6,0.00,
18:45:52,80,110.7,0.0,109.8,0.00,
18:45:53,80,110.7,0.0,109.8,0.00,
18:45:54,80,110.7,0.0,109.8,0.00,
18:45:55,80,110.7,0.0,109.8,0.00,
18:45:56,80,110.7,0.0,109.8,0.00,
18:45:57,80,110.7,0.0,109.8,0.00,
18:45:58,80,110.7,0.0,109.8,0.00,
18:45:59,80,110.7,0.0,109.8,0.00,
18:46:00,80,110.7,0.0,109.8,0.00,
18:46:01,80,110.7,0.0,109.8,0.00,
18:46:02,80,110.7,0.0,109.8,0.00,
18:46:03,80,110.7,0.0,109.8,0.00,
18:46:04,80,110.7,0.0,109.8,0.00,
18:46:05,80,110.7,0.0,109.8,0.00,
18:46:06,80,110.7,0.0,109.8,0.00,
18:46:07,80,110.7,0.0,109.8,0.00,
18:46:08,80,110.7,0.0,109.8,0.00,
18:46:09,80,110.7,0.0,109.8,0.00,
18:46:10,80,110.7,0.0,109.8,0.00,
18:46:11,80,110.7,0.0,109.8,0.00,
18:46:12,80,110.7,0.0,109.8,0.00,
18:46:13,80,110.7,0.0,109.8,0.00,
18:46:14,80,110.7,0.0,109.8,0.00,
18:46:15,80,110.7,0.0,109.8,0.00,
18:46:16,80,110.7,0.0,109.8,0.00,
18:46:17,80,110.7,0.0,109.8,0.00,
18:46:18,80,110.7,0.0,109.8,0.00,
18:46:19,80,110.7,0.0,109.8,0.00,
18:46:20,80,110.7,0.0,109.8,0.00,
18:46:21,80,110.7,0.0,109.8,0.00,
18:46:22,80,110.7,0.0,109.8,0.00,
18:46:23,80,110.7,0.0,109.8,0.00,
18:46:24,80,110.7,0.0,109.8,0.00,
18:46:25,80,110.7,0.0,109.8,0.00,
18:46:26,80,110.7,0.0,109.8,0.00,
18:46:27,80,110.7,0.0,109.8,0.00,
18:46:28,80,110.7,0.0,109.8,0.00,
18:46:30,80,110.7,0.0,109.8,0.00,
18:46:31,80,110.7,0.0,109.8,0.00,
18:46:32,80,110.7,0.0,109.8,0.00,
18:46:33,80,110.7,0.0,109.8,0.00,
18:46:34,80,110.7,0.0,109.8,0.00,
18:46:35,80,110.7,0.0,109.8,0.00,
18:46:36,80,110.7,0.0,109.8,0.00,
18:46:37,80,110.7,0.0,109.8,0.00,
18:46:38,80,110.7,0.0,109.8,0.00,
18:46:39,80,110.7,0.0,109.8,0.00,
18:46:40,80,110.7,0.0,109.8,0.00,
18:46:41,80,110.7,0.0,109.8,0.00,
18:46:42,80,110.7,0.0,109.8,0.00,
18:46:43,80,110.7,0.0,109.8,0.00,
18:46:44,80,110.7,0.0,109.8,0.00,
18:46:45,80,110.7,0.0,109.8,0.00,
18:46:46,80,110.7,0.0,109.8,0.00,
18:46:47,80,110.7,0.0,109.8,0.00,
18:46:48,80,110.7,0.0,109.8,0.00,
18:46:49,80,110.7,0.0,109.8,0.00,
18:46:50,80,110.7,0.0,109.8,0.00,
18:46:51,80,6.0,0.0,6.0,0.00,
18:46:52,80,6.0,0.0,6.0,0.00,
18:46:54,80,6.0,0.0,6.0,0.00,
18:46:55,80,6.0,0.0,6.0,0.00,
18:46:56,80,6.0,0.0,6.0,0.00,
18:46:57,80,6.0,0.0,6.0,0.00,
18:46:58,80,6.0,0.0,6.0,0.00,
18:46:59,80,6.0,0.0,6.0,0.00,
18:47:00,80,6.0,0.0,6.0,0.00,
18:47:01,80,6.0,0.0,6.0,0.00,
18:47:02,80,6.0,0.0,6.0,0.00,
18:47:03,80,6.0,0.0,6.0,0.00,
18:47:04,80,6.0,0.0,6.0,0.00,
18:47:05,80,6.0,0.0,6.0,0.00,
18:47:06,80,6.0,0.0,6.0,0.00,
18:47:07,80,6.0,0.0,6.0,0.00,
18:47:08,80,6.0,0.0,6.0,0.00,
18:47:09,80,6.0,0.0,6.0,0.00,
18:47:10,80,6.0,0.0,6.0,0.00,
18:47:11,80,6.0,0.0,6.0,0.00,
18:47:12,80,6.0,0.0,6.0,0.00,
18:47:13,80,6.0,0.0,6.0,0.00,
18:47:14,80,6.0,0.0,6.0,0.00,
18:47:15,80,6.0,0.0,6.0,0.00,
18:47:17,80,6.0,0.0,6.0,0.00,
18:47:18,80,6.0,0.0,6.0,0.00,
18:47:19,80,6.0,0.0,6.0,0.00,
18:47:20,80,6.0,0.0,6.0,0.00,
18:47:21,80,6.0,0.0,6.0,0.00,
18:47:22,80,6.0,0.0,6.0,0.00,
18:47:23,80,6.0,0.0,6.0,0.00,
18:47:24,80,6.0,0.0,6.0,0.00,
18:47:25,80,6.0,0.0,6.0,0.00,
18:47:26,80,6.0,0.0,6.0,0.00,
18:47:27,80,6.0,0.0,6.0,0.00,
18:47:28,80,6.0,0.0,6.0,0.00,
18:47:29,80,6.0,0.0,6.0,0.00,
18:47:30,80,6.0,0.0,6.0,0.00,
18:47:31,80,6.0,0.0,6.0,0.00,
18:47:32,80,6.0,0.0,6.0,0.00,
18:47:33,80,6.0,0.0,6.0,0.00,
18:47:34,80,6.0,0.0,6.0,0.00,
18:47:35,80,6.0,0.0,6.0,0.00,
18:47:36,80,6.0,0.0,6.0,0.00,
18:47:37,80,6.0,0.0,6.0,0.00,
18:47:38,80,6.0,0.0,6.0,0.00,
18:47:39,80,6.0,0.0,6.0,0.00,
18:47:40,80,6.0,0.0,6.0,0.00,
18:47:41,80,6.0,0.0,6.0,0.00,
18:47:43,80,6.0,0.0,6.0,0.00,
18:47:44,80,6.0,0.0,6.0,0.00,
18:47:45,80,6.0,0.0,6.0,0.00,
18:47:46,80,6.0,0.0,6.0,0.00,
18:47:47,80,6.0,0.0,6.0,0.00,
18:47:48,80,6.0,0.0,6.0,0.00,
18:47:49,80,6.0,0.0,6.0,0.00,
18:47:50,80,6.0,0.0,6.0,0.00,
18:47:51,80,8.3,0.0,8.3,0.00,
18:47:52,80,8.3,0.0,8.3,0.00,
18:47:53,80,8.3,0.0,8.3,0.00,
18:47:54,80,8.3,0.0,8.3,0.00,
18:47:55,80,8.3,0.0,8.3,0.00,
18:47:56,80,8.3,0.0,8.3,0.00,
18:47:57,80,8.3,0.0,8.3,0.00,
18:47:58,80,8.3,0.0,8.3,0.00,
18:47:59,80,8.3,0.0,8.3,0.00,
18:48:00,80,8.3,0.0,8.3,0.00,
18:48:01,80,8.3,0.0,8.3,0.00,
18:48:02,80,8.3,0.0,8.3,0.00,
18:48:03,80,8.3,0.0,8.3,0.00,
18:48:04,80,8.3,0.0,8.3,0.00,
18:48:05,80,8.3,0.0,8.3,0.00,
18:48:06,80,8.3,0.0,8.3,0.00,
18:48:07,80,8.3,0.0,8.3,0.00,
18:48:09,80,8.3,0.0,8.3,0.00,
18:48:10,80,8.3,0.0,8.3,0.00,
18:48:11,80,8.3,0.0,8.3,0.00,
18:48:12,80,8.3,0.0,8.3,0.00,
18:48:13,80,8.3,0.0,8.3,0.00,
18:48:14,80,8.3,0.0,8.3,0.00,
18:48:15,80,8.3,0.0,8.3,0.00,
18:48:16,80,8.3,0.0,8.3,0.00,
18:48:17,80,8.3,0.0,8.3,0.00,
18:48:18,80,8.3,0.0,8.3,0.00,
18:48:19,80,8.3,0.0,8.3,0.00,
18:48:20,80,8.3,0.0,8.3,0.00,
18:48:21,80,8.3,0.0,8.3,0.00,
18:48:22,80,8.3,0.0,8.3,0.00,
18:48:23,80,8.3,0.0,8.3,0.00,
18:48:24,80,8.3,0.0,8.3,0.00,
18:48:25,80,8.3,0.0,8.3,0.00,
18:48:26,80,8.3,0.0,8.3,0.00,
18:48:27,80,8.3,0.0,8.3,0.00,
18:48:28,80,8.3,0.0,8.3,0.00,
18:48:29,80,8.3,0.0,8.3,0.00,
18:48:30,80,8.3,0.0,8.3,0.00,
18:48:31,80,8.3,0.0,8.3,0.00,
18:48:32,80,8.3,0.0,8.3,0.00,
18:48:33,80,8.3,0.0,8.3,0.00,
18:48:34,80,8.3,0.0,8.3,0.00,
18:48:36,80,8.3,0.0,8.3,0.00,
18:48:37,80,8.3,0.0,8.3,0.00,
18:48:38,80,8.3,0.0,8.3,0.00,
18:48:39,80,8.3,0.0,8.3,0.00,
18:48:40,80,8.3,0.0,8.3,0.00,
18:48:41,80,8.3,0.0,8.3,0.00,
18:48:42,80,8.3,0.0,8.3,0.00,
18:48:43,80,8.3,0.0,8.3,0.00,
18:48:44,80,8.3,0.0,8.3,0.00,
18:48:45,80,8.3,0.0,8.3,0.00,
18:48:46,80,8.3,0.0,8.3,0.00,
18:48:47,80,8.3,0.0,8.3,0.00,
18:48:48,80,8.3,0.0,8.3,0.00,
18:48:49,80,8.3,0.0,8.3,0.00,
18:48:50,80,8.3,0.0,8.3,0.00,
18:48:51,80,138.6,-12.3,126.0,0.00,
18:48:52,80,138.6,-12.3,126.0,0.00,
18:48:53,80,138.6,-12.3,126.0,0.00,
18:48:54,80,138.6,-12.3,126.0,0.00,
18:48:55,80,138.6,-12.3,126.0,0.00,
18:48:56,80,138.6,-12.3,126.0,0.00,
18:48:57,80,138.6,-12.3,126.0,0.00,
18:48:58,80,138.6,-12.3,126.0,0.00,
18:48:59,80,138.6,-12.3,126.0,0.00,
18:49:00,80,138.6,-12.3,126.0,0.00,
18:49:01,80,138.6,-12.3,126.0,0.00,
18:49:02,80,138.6,-12.3,126.0,0.00,
18:49:03,80,138.6,-12.3,126.0,0.00,
18:49:05,80,138.6,-12.3,126.0,0.00,
18:49:06,80,138.6,-12.3,126.0,0.00,
18:49:07,80,138.6,-12.3,126.0,0.00,
18:49:08,80,138.6,-12.3,126.0,0.00,
18:49:09,80,138.6,-12.3,126.0,0.00,
18:49:10,80,138.6,-12.3,126.0,0.00,
18:49:11,80,138.6,-12.3,126.0,0.00,
18:49:12,80,138.6,-12.3,126.0,0.00,
18:49:13,80,138.6,-12.3,126.0,0.00,
18:49:14,80,138.6,-12.3,126.0,0.00,
18:49:15,80,138.6,-12.3,126.0,0.00,
18:49:16,80,138.6,-12.3,126.0,0.00,
18:49:17,80,138.6,-12.3,126.0,0.00,
18:49:18,80,138.6,-12.3,126.0,0.00,
18:49:19,80,138.6,-12.3,126.0,0.00,
18:49:20,80,138.6,-12.3,126.0,0.00,
18:49:21,80,138.6,-12.3,126.0,0.00,
18:49:22,80,138.6,-12.3,126.0,0.00,
18:49:23,80,138.6,-12.3,126.0,0.00,
18:49:24,80,138.6,-12.3,126.0,0.00,
18:49:25,80,138.6,-12.3,126.0,0.00,
18:49:26,80,138.6,-12.3,126.0,0.00,
18:49:27,80,138.6,-12.3,126.0,0.00,
18:49:28,80,138.6,-12.3,126.0,0.00,
18:49:29,80,138.6,-12.3,126.0,0.00,
18:49:30,80,138.6,-12.3,126.0,0.00,
18:49:31,80,138.6,-12.3,126.0,0.00,
18:49:33,80,138.6,-12.3,126.0,0.00,
18:49:34,80,138.6,-12.3,126.0,0.00,
18:49:35,80,138.6,-12.3,126.0,0.00,
18:49:36,80,138.6,-12.3,126.0,0.00,
18:49:37,80,138.6,-12.3,126.0,0.00,
18:49:38,80,138.6,-12.3,126.0,0.00,
18:49:39,80,138.6,-12.3,126.0,0.00,
18:49:40,80,138.6,-12.3,126.0,0.00,
18:49:41,80,138.6,-12.3,126.0,0.00,
18:49:42,80,138.6,-12.3,126.0,0.00,
18:49:43,80,138.6,-12.3,126.0,0.00,
18:49:44,80,138.6,-12.3,126.0,0.00,
18:49:45,80,138.6,-12.3,126.0,0.00,
18:49:46,80,138.6,-12.3,126.0,0.00,
18:49:47,80,138.6,-12.3,126.0,0.00,
18:49:48,80,138.6,-12.3,126.0,0.00,
18:49:49,80,138.6,-12.3,126.0,0.00,
18:49:50,80,138.6,-12.3,126.0,0.00,
18:49:51,80,93.5,0.0,93.5,0.00,
18:49:52,80,93.5,0.0,93.5,0.00,
18:49:53,80,93.5,0.0,93.5,0.00,
18:49:54,80,93.5,0.0,93.5,0.00,
18:49:55,80,93.5,0.0,93.5,0.00,
18:49:56,80,93.5,0.0,93.5,0.00,
18:49:57,80,93.5,0.0,93.5,0.00,
18:49:58,80,93.5,0.0,93.5,0.00,
18:50:00,80,93.5,0.0,93.5,0.00,
18:50:01,80,93.5,0.0,93.5,0.00,
18:50:02,80,93.5,0.0,93.5,0.00,
18:50:03,80,93.5,0.0,93.5,0.00,
18:50:04,80,93.5,0.0,93.5,0.00,
18:50:05,80,93.5,0.0,93.5,0.00,
18:50:06,80,93.5,0.0,93.5,0.00,
18:50:07,80,93.5,0.0,93.5,0.00,
18:50:08,80,93.5,0.0,93.5,0.00,
18:50:09,80,93.5,0.0,93.5,0.00,
18:50:10,80,93.5,0.0,93.5,0.00,
18:50:11,80,93.5,0.0,93.5,0.00,
18:50:12,80,93.5,0.0,93.5,0.00,
18:50:13,80,93.5,0.0,93.5,0.00,
18:50:14,80,93.5,0.0,93.5,0.00,
18:50:15,80,93.5,0.0,93.5,0.00,
18:50:16,80,93.5,0.0,93.5,0.00,
18:50:17,80,93.5,0.0,93.5,0.00,
18:50:18,80,93.5,0.0,93.5,0.00,
18:50:19,80,93.5,0.0,93.5,0.00,
18:50:20,80,93.5,0.0,93.5,0.00,
18:50:21,80,93.5,0.0,93.5,0.00,
18:50:22,80,93.5,0.0,93.5,0.00,
18:50:23,80,93.5,0.0,93.5,0.00,
18:50:24,80,93.5,0.0,93.5,0.00,
18:50:25,80,93.5,0.0,93.5,0.00,
18:50:27,80,93.5,0.0,93.5,0.00,
18:50:28,80,93.5,0.0,93.5,0.00,
18:50:29,80,93.5,0.0,93.5,0.00,
18:50:30,80,93.5,0.0,93.5,0.00,
18:50:31,80,93.5,0.0,93.5,0.00,
18:50:32,80,93.5,0.0,93.5,0.00,
18:50:33,80,93.5,0.0,93.5,0.00,
18:50:34,80,93.5,0.0,93.5,0.00,
18:50:35,80,93.5,0.0,93.5,0.00,
18:50:36,80,93.5,0.0,93.5,0.00,
18:50:37,80,93.5,0.0,93.5,0.00,
18:50:38,80,93.5,0.0,93.5,0.00,
18:50:39,80,93.5,0.0,93.5,0.00,
18:50:40,80,93.5,0.0,93.5,0.00,
18:50:41,80,93.5,0.0,93.5,0.00,
18:50:42,80,93.5,0.0,93.5,0.00,
18:50:43,80,93.5,0.0,93.5,0.00,
18:50:44,80,93.5,0.0,93.5,0.00,
18:50:45,80,93.5,0.0,93.5,0.00,
18:50:46,80,93.5,0.0,93.5,0.00,
18:50:47,80,93.5,0.0,93.5,0.00,
18:50:48,80,93.5,0.0,93.5,0.00,
18:50:49,80,93.5,0.0,93.5,0.00,
18:50:51,80,93.5,0.0,93.5,0.00,
18:50:52,80,7.7,0.0,7.7,0.00,
18:50:53,80,7.7,0.0,7.7,0.00,
18:50:54,80,7.7,0.0,7.7,0.00,
18:50:55,80,7.7,0.0,7.7,0.00,
18:50:56,80,7.7,0.0,7.7,0.00,
18:50:57,80,7.7,0.0,7.7,0.00,
18:50:58,80,7.7,0.0,7.7,0.00,
18:50:59,80,7.7,0.0,7.7,0.00,
18:51:00,80,7.7,0.0,7.7,0.00,
18:51:01,80,7.7,0.0,7.7,0.00,
18:51:02,80,7.7,0.0,7.7,0.00,
18:51:03,80,7.7,0.0,7.7,0.00,
18:51:04,80,7.7,0.0,7.7,0.00,
18:51:05,80,7.7,0.0,7.7,0.00,
18:51:06,80,7.7,0.0,7.7,0.00,
18:51:07,80,7.7,0.0,7.7,0.00,
18:51:08,80,7.7,0.0,7.7,0.00,
18:51:09,80,7.7,0.0,7.7,0.00,
18:51:10,80,7.7,0.0,7.7,0.00,
18:51:11,80,7.7,0.0,7.7,0.00,
18:51:12,80,7.7,0.0,7.7,0.00,
18:51:14,80,7.7,0.0,7.7,0.00,
18:51:15,80,7.7,0.0,7.7,0.00,
18:51:16,80,7.7,0.0,7.7,0.00,
18:51:17,80,7.7,0.0,7.7,0.00,
18:51:18,80,7.7,0.0,7.7,0.00,
18:51:19,80,7.7,0.0,7.7,0.00,
18:51:20,80,7.7,0.0,7.7,0.00,
18:51:21,80,7.7,0.0,7.7,0.00,
18:51:22,80,7.7,0.0,7.7,0.00,
18:51:23,80,7.7,0.0,7.7,0.00,
18:51:24,80,7.7,0.0,7.7,0.00,
18:51:25,80,7.7,0.0,7.7,0.00,
18:51:26,80,7.7,0.0,7.7,0.00,
18:51:27,80,7.7,0.0,7.7,0.00,
18:51:28,80,7.7,0.0,7.7,0.00,
18:51:29,80,7.7,0.0,7.7,0.00,
18:51:30,80,7.7,0.0,7.7,0.00,
18:51:31,80,7.7,0.0,7.7,0.00,
18:51:32,80,7.7,0.0,7.7,0.00,
18:51:33,80,7.7,0.0,7.7,0.00,
18:51:34,80,7.7,0.0,7.7,0.00,
18:51:35,80,7.7,0.0,7.7,0.00,
18:51:37,80,7.7,0.0,7.7,0.00,
18:51:38,80,7.7,0.0,7.7,0.00,
18:51:39,80,7.7,0.0,7.7,0.00,
18:51:40,80,7.7,0.0,7.7,0.00,
18:51:41,80,7.7,0.0,7.7,0.00,
18:51:42,80,7.7,0.0,7.7,0.00,
18:51:43,80,7.7,0.0,7.7,0.00,
18:51:44,80,7.7,0.0,7.7,0.00,
18:51:45,80,7.7,0.0,7.7,0.00,
18:51:46,80,7.7,0.0,7.7,0.00,
18:51:47,80,7.7,0.0,7.7,0.00,
18:51:48,80,7.7,0.0,7.7,0.00,
18:51:49,80,7.7,0.0,7.7,0.00,
18:51:50,80,7.7,0.0,7.7,0.00,
18:51:51,80,23.7,0.0,23.7,0.00,
18:51:52,80,23.7,0.0,23.7,0.00,
18:51:53,80,23.7,0.0,23.7,0.00,
18:51:54,80,23.7,0.0,23.7,0.00,
18:51:55,80,23.7,0.0,23.7,0.00,
18:51:56,80,23.7,0.0,23.7,0.00,
18:51:57,80,23.7,0.0,23.7,0.00,
18:51:58,80,23.7,0.0,23.7,0.00,
18:51:59,80,23.7,0.0,23.7,0.00,
18:52:00,80,23.7,0.0,23.7,0.00,
18:52:02,80,23.7,0.0,23.7,0.00,
18:52:03,80,23.7,0.0,23.7,0.00,
18:52:04,80,23.7,0.0,23.7,0.00,
18:52:05,80,23.7,0.0,23.7,0.00,
18:52:06,80,23.7,0.0,23.7,0.00,
18:52:07,80,23.7,0.0,23.7,0.00,
18:52:08,80,23.7,0.0,23.7,0.00,
18:52:09,80,23.7,0.0,23.7,0.00,
18:52:10,80,23.7,0.0,23.7,0.00,
18:52:11,80,23.7,0.0,23.7,0.00,
18:52:12,80,23.7,0.0,23.7,0.00,
18:52:13,80,23.7,0.0,23.7,0.00,
18:52:14,80,23.7,0.0,23.7,0.00,
18:52:15,80,23.7,0.0,23.7,0.00,
18:52:16,80,23.7,0.0,23.7,0.00,
18:52:17,80,23.7,0.0,23.7,0.00,
18:52:18,80,23.7,0.0,23.7,0.00,
18:52:19,80,23.7,0.0,23.7,0.00,
18:52:20,80,23.7,0.0,23.7,0.00,
18:52:21,80,23.7,0.0,23.7,0.00,
18:52:22,80,23.7,0.0,23.7,0.00,
18:52:23,80,23.7,0.0,23.7,0.00,
18:52:24,80,23.7,0.0,23.7,0.00,
18:52:25,80,23.7,0.0,23.7,0.00,
18:52:26,80,23.7,0.0,23.7,0.00,
18:52:27,80,23.7,0.0,23.7,0.00,
18:52:28,80,23.7,0.0,23.7,0.00,
18:52:30,80,23.7,0.0,23.7,0.00,
18:52:31,80,23.7,0.0,23.7,0.00,
18:52:32,80,23.7,0.0,23.7,0.00,
18:52:33,80,23.7,0.0,23.7,0.00,
18:52:34,80,23.7,0.0,23.7,0.00,
18:52:35,80,23.7,0.0,23.7,0.00,
18:52:36,80,23.7,0.0,23.7,0.00,
18:52:37,80,23.7,0.0,23.7,0.00,
18:52:38,80,23.7,0.0,23.7,0.00,
18:52:39,80,23.7,0.0,23.7,0.00,
18:52:40,80,23.7,0.0,23.7,0.00,
18:52:41,80,23.7,0.0,23.7,0.00,
18:52:42,80,23.7,0.0,23.7,0.00,
18:52:43,80,23.7,0.0,23.7,0.00,
18:52:44,80,23.7,0.0,23.7,0.00,
18:52:45,80,23.7,0.0,23.7,0.00,
18:52:46,80,23.7,0.0,23.7,0.00,
18:52:47,80,23.7,0.0,23.7,0.00,
18:52:48,80,23.7,0.0,23.7,0.00,
18:52:49,80,23.7,0.0,23.7,0.00,
18:52:50,80,23.7,0.0,23.7,0.00,
18:52:51,80,123.6,-8.2,114.7,0.00,
18:52:52,80,123.6,-8.2,114.7,0.00,
18:52:53,80,123.6,-8.2,114.7,0.00,
18:52:54,80,123.6,-8.2,114.7,0.00,
18:52:55,80,123.6,-8.2,114.7,0.00,
18:52:56,80,123.6,-8.2,114.7,0.00,
18:52:58,80,123.6,-8.2,114.7,0.00,
18:52:59,80,123.6,-8.2,114.7,0.00,
18:53:00,80,123.6,-8.2,114.7,0.00,
18:53:01,80,123.6,-8.2,114.7,0.00,
18:53:02,80,123.6,-8.2,114.7,0.00,
18:53:03,80,123.6,-8.2,114.7,0.00,
18:53:04,80,123.6,-8.2,114.7,0.00,
18:53:05,80,123.6,-8.2,114.7,0.00,
18:53:06,80,123.6,-8.2,114.7,0.00,
18:53:07,80,123.6,-8.2,114.7,0.00,
18:53:08,80,123.6,-8.2,114.7,0.00,
18:53:09,80,123.6,-8.2,114.7,0.00,
18:53:10,80,123.6,-8.2,114.7,0.00,
18:53:11,80,123.6,-8.2,114.7,0.00,
18:53:12,80,123.6,-8.2,114.7,0.00,
18:53:13,80,123.6,-8.2,114.7,0.00,
18:53:14,80,123.6,-8.2,114.7,0.00,
18:53:15,80,123.6,-8.2,114.7,0.00,
18:53:16,80,123.6,-8.2,114.7,0.00,
18:53:17,80,123.6,-8.2,114.7,0.00,
18:53:18,80,123.6,-8.2,114.7,0.00,
18:53:19,80,123.6,-8.2,114.7,0.00,
18:53:20,80,123.6,-8.2,114.7,0.00,
18:53:21,80,123.6,-8.2,114.7,0.00,
18:53:22,80,123.6,-8.2,114.7,0.00,
18:53:23,80,123.6,-8.2,114.7,0.00,
18:53:25,80,123.6,-8.2,114.7,0.00,
18:53:26,80,123.6,-8.2,114.7,0.00,
18:53:27,80,123.6,-8.2,114.7,0.00,
18:53:28,80,123.6,-8.2,114.7,0.00,
18:53:29,80,123.6,-8.2,114.7,0.00,
18:53:30,80,123.6,-8.2,114.7,0.00,
18:53:31,80,123.6,-8.2,114.7,0.00,
18:53:32,80,123.6,-8.2,114.7,0.00,
18:53:33,80,123.6,-8.2,114.7,0.00,
18:53:34,80,123.6,-8.2,114.7,0.00,
18:53:35,80,123.6,-8.2,114.7,0.00,
18:53:36,80,123.6,-8.2,114.7,0.00,
18:53:37,80,123.6,-8.2,114.7,0.00,
18:53:38,80,123.6,-8.2,114.7,0.00,
18:53:39,80,123.6,-8.2,114.7,0.00,
18:53:40,80,123.6,-8.2,114.7,0.00,
18:53:41,80,123.6,-8.2,114.7,0.00,
18:53:42,80,123.6,-8.2,114.7,0.00,
18:53:43,80,123.6,-8.2,114.7,0.00,
18:53:44,80,123.6,-8.2,114.7,0.00,
18:53:45,80,123.6,-8.2,114.7,0.00,
18:53:46,80,123.6,-8.2,114.7,0.00,
18:53:47,80,123.6,-8.2,114.7,0.00,
18:53:48,80,123.6,-8.2,114.7,0.00,
18:53:50,80,123.6,-8.2,114.7,0.00,
18:53:51,80,93.7,0.0,93.7,0.00,
18:53:52,80,93.7,0.0,93.7,0.00,
18:53:53,80,93.7,0.0,93.7,0.00,
18:53:54,80,93.7,0.0,93.7,0.00,
18:53:55,80,93.7,0.0,93.7,0.00,
18:53:56,80,93.7,0.0,93.7,0.00,
18:53:57,80,93.7,0.0,93.7,0.00,
18:53:58,80,93.7,0.0,93.7,0.00,
18:53:59,80,93.7,0.0,93.7,0.00,
18:54:00,80,93.7,0.0,93.7,0.00,
18:54:01,80,93.7,0.0,93.7,0.00,
18:54:02,80,93.7,0.0,93.7,0.00,
18:54:03,80,93.7,0.0,93.7,0.00,
18:54:04,80,93.7,0.0,93.7,0.00,
18:54:05,80,93.7,0.0,93.7,0.00,
18:54:06,80,93.7,0.0,93.7,0.00,
18:54:07,80,93.7,0.0,93.7,0.00,
18:54:08,80,93.7,0.0,93.7,0.00,
18:54:09,80,93.7,0.0,93.7,0.00,
18:54:10,80,93.7,0.0,93.7,0.00,
18:54:11,80,93.7,0.0,93.7,0.00,
18:54:12,80,93.7,0.0,93.7,0.00,
18:54:13,80,93.7,0.0,93.7,0.00,
18:54:15,80,93.7,0.0,93.7,0.00,
18:54:16,80,93.7,0.0,93.7,0.00,
18:54:17,80,93.7,0.0,93.7,0.00,
18:54:18,80,93.7,0.0,93.7,0.00,
18:54:19,80,93.7,0.0,93.7,0.00,
18:54:20,80,93.7,0.0,93.7,0.00,
18:54:21,80,93.7,0.0,93.7,0.00,
18:54:22,80,93.7,0.0,93.7,0.00,
18:54:23,80,93.7,0.0,93.7,0.00,
18:54:24,80,93.7,0.0,93.7,0.00,
18:54:25,80,93.7,0.0,93.7,0.00,
18:54:26,80,93.7,0.0,93.7,0.00,
18:54:27,80,93.7,0.0,93.7,0.00,
18:54:28,80,93.7,0.0,93.7,0.00,
18:54:29,80,93.7,0.0,93.7,0.00,
18:54:30,80,93.7,0.0,93.7,0.00,
18:54:31,80,93.7,0.0,93.7,0.00,
18:54:32,80,93.7,0.0,93.7,0.00,
18:54:33,80,93.7,0.0,93.7,0.00,
18:54:34,80,93.7,0.0,93.7,0.00,
18:54:35,80,93.7,0.0,93.7,0.00,
18:54:36,80,93.7,0.0,93.7,0.00,
18:54:37,80,93.7,0.0,93.7,0.00,
18:54:38,80,93.7,0.0,93.7,0.00,
18:54:39,80,93.7,0.0,93.7,0.00,
18:54:41,80,93.7,0.0,93.7,0.00,
18:54:42,80,93.7,0.0,93.7,0.00,
18:54:43,80,93.7,0.0,93.7,0.00,
18:54:44,80,93.7,0.0,93.7,0.00,
18:54:45,80,93.7,0.0,93.7,0.00,
18:54:46,80,93.7,0.0,93.7,0.00,
18:54:47,80,93.7,0.0,93.7,0.00,
18:54:48,80,93.7,0.0,93.7,0.00,
18:54:49,80,93.7,0.0,93.7,0.00,
18:54:50,80,93.7,0.0,93.7,0.00,
18:54:51,80,7.9,0.0,7.9,0.00,
18:54:52,80,7.9,0.0,7.9,0.00,
18:54:53,80,7.9,0.0,7.9,0.00,
18:54:54,80,7.9,0.0,7.9,0.00,
18:54:55,80,7.9,0.0,7.9,0.00,
18:54:56,80,7.9,0.0,7.9,0.00,
18:54:57,80,7.9,0.0,7.9,0.00,
18:54:58,80,7.9,0.0,7.9,0.00,
18:54:59,80,7.9,0.0,7.9,0.00,
18:55:00,80,7.9,0.0,7.9,0.00,
18:55:01,80,7.9,0.0,7.9,0.00,
18:55:02,80,7.9,0.0,7.9,0.00,
18:55:04,80,7.9,0.0,7.9,0.00,
18:55:05,80,7.9,0.0,7.9,0.00,
18:55:06,80,7.9,0.0,7.9,0.00,
18:55:07,80,7.9,0.0,7.9,0.00,
18:55:08,80,7.9,0.0,7.9,0.00,
18:55:09,80,7.9,0.0,7.9,0.00,
18:55:10,80,7.9,0.0,7.9,0.00,
18:55:11,80,7.9,0.0,7.9,0.00,
18:55:12,80,7.9,0.0,7.9,0.00,
18:55:13,80,7.9,0.0,7.9,0.00,
18:55:14,80,7.9,0.0,7.9,0.00,
18:55:15,80,7.9,0.0,7.9,0.00,
18:55:16,80,7.9,0.0,7.9,0.00,
18:55:17,80,7.9,0.0,7.9,0.00,
18:55:18,80,7.9,0.0,7.9,0.00,
18:55:19,80,7.9,0.0,7.9,0.00,
18:55:20,80,7.9,0.0,7.9,0.00,
18:55:21,80,7.9,0.0,7.9,0.00,
18:55:22,80,7.9,0.0,7.9,0.00,
18:55:23,80,7.9,0.0,7.9,0.00,
18:55:24,80,7.9,0.0,7.9,0.00,
18:55:25,80,7.9,0.0,7.9,0.00,
18:55:26,80,7.9,0.0,7.9,0.00,
18:55:28,80,7.9,0.0,7.9,0.00,
18:55:29,80,7.9,0.0,7.9,0.00,
18:55:30,80,7.9,0.0,7.9,0.00,
18:55:31,80,7.9,0.0,7.9,0.00,
18:55:32,80,7.9,0.0,7.9,0.00,
18:55:33,80,7.9,0.0,7.9,0.00,
18:55:34,80,7.9,0.0,7.9,0.00,
18:55:35,80,7.9,0.0,7.9,0.00,
18:55:36,80,7.9,0.0,7.9,0.00,
18:55:37,80,7.9,0.0,7.9,0.00,
18:55:38,80,7.9,0.0,7.9,0.00,
18:55:39,80,7.9,0.0,7.9,0.00,
18:55:40,80,7.9,0.0,7.9,0.00,
18:55:41,80,7.9,0.0,7.9,0.00,
18:55:42,80,7.9,0.0,7.9,0.00,
18:55:43,80,7.9,0.0,7.9,0.00,
18:55:44,80,7.9,0.0,7.9,0.00,
18:55:45,80,7.9,0.0,7.9,0.00,
18:55:46,80,7.9,0.0,7.9,0.00,
18:55:47,80,7.9,0.0,7.9,0.00,
18:55:48,80,7.9,0.0,7.9,0.00,
18:55:49,80,7.9,0.0,7.9,0.00,
18:55:51,80,7.9,0.0,7.9,0.00,
18:55:52,80,4.9,0.0,4.9,0.00,
18:55:53,80,4.9,0.0,4.9,0.00,
18:55:54,80,4.9,0.0,4.9,0.00,
18:55:55,80,4.9,0.0,4.9,0.00,
18:55:56,80,4.9,0.0,4.9,0.00,
18:55:57,80,4.9,0.0,4.9,0.00,
18:55:58,80,4.9,0.0,4.9,0.00,
18:55:59,80,4.9,0.0,4.9,0.00,
18:56:00,80,4.9,0.0,4.9,0.00,
18:56:01,80,4.9,0.0,4.9,0.00,
18:56:02,80,4.9,0.0,4.9,0.00,
18:56:03,80,4.9,0.0,4.9,0.00,
18:56:04,80,4.9,0.0,4.9,0.00,
18:56:05,80,4.9,0.0,4.9,0.00,
18:56:06,80,4.9,0.0,4.9,0.00,
18:56:07,80,4.9,0.0,4.9,0.00,
18:56:08,80,4.9,0.0,4.9,0.00,
18:56:09,80,4.9,0.0,4.9,0.00,
18:56:10,80,4.9,0.0,4.9,0.00,
18:56:11,80,4.9,0.0,4.9,0.00,
18:56:12,80,4.9,0.0,4.9,0.00,
18:56:13,80,4.9,0.0,4.9,0.00,
18:56:14,80,4.9,0.0,4.9,0.00,
18:56:16,80,4.9,0.0,4.9,0.00,
18:56:17,80,4.9,0.0,4.9,0.00,
18:56:18,80,4.9,0.0,4.9,0.00,
18:56:19,80,4.9,0.0,4.9,0.00,
18:56:20,80,4.9,0.0,4.9,0.00,
18:56:21,80,4.9,0.0,4.9,0.00,
18:56:22,80,4.9,0.0,4.9,0.00,
18:56:23,80,4.9,0.0,4.9,0.00,
18:56:24,80,4.9,0.0,4.9,0.00,
18:56:25,80,4.9,0.0,4.9,0.00,
18:56:26,80,4.9,0.0,4.9,0.00,
18:56:27,80,4.9,0.0,4.9,0.00,
18:56:28,80,4.9,0.0,4.9,0.00,
18:56:29,80,4.9,0.0,4.9,0.00,
18:56:30,80,4.9,0.0,4.9,0.00,
18:56:31,80,4.9,0.0,4.9,0.00,
18:56:32,80,4.9,0.0,4.9,0.00,
18:56:33,80,4.9,0.0,4.9,0.00,
18:56:34,80,4.9,0.0,4.9,0.00,
18:56:35,80,4.9,0.0,4.9,0.00,
18:56:36,80,4.9,0.0,4.9,0.00,
18:56:37,80,4.9,0.0,4.9,0.00,
18:56:38,80,4.9,0.0,4.9,0.00,
18:56:39,80,4.9,0.0,4.9,0.00,
18:56:40,80,4.9,0.0,4.9,0.00,
18:56:42,80,4.9,0.0,4.9,0.00,
18:56:43,80,4.9,0.0,4.9,0.00,
18:56:44,80,4.9,0.0,4.9,0.00,
18:56:45,80,4.9,0.0,4.9,0.00,
18:56:46,80,4.9,0.0,4.9,0.00,
18:56:47,80,4.9,0.0,4.9,0.00,
18:56:48,80,4.9,0.0,4.9,0.00,
18:56:49,80,4.9,0.0,4.9,0.00,
18:56:50,80,4.9,0.0,4.9,0.00,
18:56:51,80,4.4,0.0,4.4,0.00,
18:56:52,80,4.4,0.0,4.4,0.00,
18:56:53,80,4.4,0.0,4.4,0.00,
18:56:54,80,4.4,0.0,4.4,0.00,
18:56:55,80,4.4,0.0,4.4,0.00,
18:56:56,80,4.4,0.0,4.4,0.00,
18:56:57,80,4.4,0.0,4.4,0.00,
18:56:58,80,4.4,0.0,4.4,0.00,
18:56:59,80,4.4,0.0,4.4,0.00,
18:57:00,80,4.4,0.0,4.4,0.00,
18:57:01,80,4.4,0.0,4.4,0.00,
18:57:02,80,4.4,0.0,4.4,0.00,
18:57:03,80,4.4,0.0,4.4,0.00,
18:57:04,80,4.4,0.0,4.4,0.00,
18:57:06,80,4.4,0.0,4.4,0.00,
18:57:07,80,4.4,0.0,4.4,0.00,
18:57:08,80,4.4,0.0,4.4,0.00,
18:57:09,80,4.4,0.0,4.4,0.00,
18:57:10,80,4.4,0.0,4.4,0.00,
18:57:11,80,4.4,0.0,4.4,0.00,
18:57:12,80,4.4,0.0,4.4,0.00,
18:57:13,80,4.4,0.0,4.4,0.00,
18:57:14,80,4.4,0.0,4.4,0.00,
18:57:15,80,4.4,0.0,4.4,0.00,
18:57:16,80,4.4,0.0,4.4,0.00,
18:57:17,80,4.4,0.0,4.4,0.00,
18:57:18,80,4.4,0.0,4.4,0.00,
18:57:19,80,4.4,0.0,4.4,0.00,
18:57:20,80,4.4,0.0,4.4,0.00,
18:57:21,80,4.4,0.0,4.4,0.00,
18:57:22,80,4.4,0.0,4.4,0.00,
18:57:23,80,4.4,0.0,4.4,0.00,
18:57:24,80,4.4,0.0,4.4,0.00,
18:57:25,80,4.4,0.0,4.4,0.00,
18:57:26,80,4.4,0.0,4.4,0.00,
18:57:28,80,4.4,0.0,4.4,0.00,
18:57:29,80,4.4,0.0,4.4,0.00,
18:57:30,80,4.4,0.0,4.4,0.00,
18:57:31,80,4.4,0.0,4.4,0.00,
18:57:32,80,4.4,0.0,4.4,0.00,
18:57:33,80,4.4,0.0,4.4,0.00,
18:57:34,80,4.4,0.0,4.4,0.00,
18:57:35,80,4.4,0.0,4.4,0.00,
18:57:36,80,4.4,0.0,4.4,0.00,
18:57:37,80,4.4,0.0,4.4,0.00,
18:57:38,80,4.4,0.0,4.4,0.00,
18:57:39,80,4.4,0.0,4.4,0.00,
18:57:40,80,4.4,0.0,4.4,0.00,
18:57:41,80,4.4,0.0,4.4,0.00,
18:57:42,80,4.4,0.0,4.4,0.00,
18:57:43,80,4.4,0.0,4.4,0.00,
18:57:44,80,4.4,0.0,4.4,0.00,
18:57:45,80,4.4,0.0,4.4,0.00,
18:57:46,80,4.4,0.0,4.4,0.00,
18:57:47,80,4.4,0.0,4.4,0.00,
18:57:48,80,4.4,0.0,4.4,0.00,
18:57:49,80,4.4,0.0,4.4,0.00,
18:57:50,80,4.4,0.0,4.4,0.00,
18:57:51,80,4.0,0.0,4.0,0.00,
18:57:52,80,4.0,0.0,4.0,0.00,
18:57:54,80,4.0,0.0,4.0,0.00,
18:57:55,80,4.0,0.0,4.0,0.00,
18:57:56,80,4.0,0.0,4.0,0.00,
18:57:57,80,4.0,0.0,4.0,0.00,
18:57:58,80,4.0,0.0,4.0,0.00,
18:57:59,80,4.0,0.0,4.0,0.00,
18:58:00,80,4.0,0.0,4.0,0.00,
18:58:01,80,4.0,0.0,4.0,0.00,
18:58:02,80,4.0,0.0,4.0,0.00,
18:58:03,80,4.0,0.0,4.0,0.00,
18:58:04,80,4.0,0.0,4.0,0.00,
18:58:05,80,4.0,0.0,4.0,0.00,
18:58:06,80,4.0,0.0,4.0,0.00,
18:58:07,80,4.0,0.0,4.0,0.00,
18:58:08,80,4.0,0.0,4.0,0.00,
18:58:09,80,4.0,0.0,4.0,0.00,
18:58:10,80,4.0,0.0,4.0,0.00,
18:58:11,80,4.0,0.0,4.0,0.00,
18:58:12,80,4.0,0.0,4.0,0.00,
18:58:13,80,4.0,0.0,4.0,0.00,
18:58:14,80,4.0,0.0,4.0,0.00,
18:58:15,80,4.0,0.0,4.0,0.00,
18:58:17,80,4.0,0.0,4.0,0.00,
18:58:18,80,4.0,0.0,4.0,0.00,
18:58:19,80,4.0,0.0,4.0,0.00,
18:58:20,80,4.0,0.0,4.0,0.00,
18:58:21,80,4.0,0.0,4.0,0.00,
18:58:22,80,4.0,0.0,4.0,0.00,
18:58:23,80,4.0,0.0,4.0,0.00,
18:58:24,80,4.0,0.0,4.0,0.00,
18:58:25,80,4.0,0.0,4.0,0.00,
18:58:26,80,4.0,0.0,4.0,0.00,
18:58:27,80,4.0,0.0,4.0,0.00,
18:58:28,80,4.0,0.0,4.0,0.00,
18:58:29,80,4.0,0.0,4.0,0.00,
18:58:30,80,4.0,0.0,4.0,0.00,
18:58:31,80,4.0,0.0,4.0,0.00,
18:58:32,80,4.0,0.0,4.0,0.00,
18:58:33,80,4.0,0.0,4.0,0.00,
18:58:34,80,4.0,0.0,4.0,0.00,
18:58:35,80,4.0,0.0,4.0,0.00,
18:58:36,80,4.0,0.0,4.0,0.00,
18:58:37,80,4.0,0.0,4.0,0.00,
18:58:38,80,4.0,0.0,4.0,0.00,
18:58:39,80,4.0,0.0,4.0,0.00,
18:58:40,80,4.0,0.0,4.0,0.00,
18:58:41,80,4.0,0.0,4.0,0.00,
18:58:42,80,4.0,0.0,4.0,0.00,
18:58:44,80,4.0,0.0,4.0,0.00,
18:58:45,80,4.0,0.0,4.0,0.00,
18:58:46,80,4.0,0.0,4.0,0.00,
18:58:47,80,4.0,0.0,4.0,0.00,
18:58:48,80,4.0,0.0,4.0,0.00,
18:58:49,80,4.0,0.0,4.0,0.00,
18:58:50,80,4.0,0.0,4.0,0.00,
18:58:51,80,135.8,-12.3,124.4,0.00,
18:58:52,80,135.8,-12.3,124.4,0.00,
18:58:53,80,135.8,-12.3,124.4,0.00,
18:58:54,80,135.8,-12.3,124.4,0.00,
18:58:55,80,135.8,-12.3,124.4,0.00,
18:58:56,80,135.8,-12.3,124.4,0.00,
18:58:57,80,135.8,-12.3,124.4,0.00,
18:58:58,80,135.8,-12.3,124.4,0.00,
18:58:59,80,135.8,-12.3,124.4,0.00,
18:59:00,80,135.8,-12.3,124.4,0.00,
18:59:01,80,135.8,-12.3,124.4,0.00,
18:59:02,80,135.8,-12.3,124.4,0.00,
18:59:03,80,135.8,-12.3,124.4,0.00,
18:59:04,80,135.8,-12.3,124.4,0.00,
18:59:05,80,135.8,-12.3,124.4,0.00,
18:59:06,80,135.8,-12.3,124.4,0.00,
18:59:07,80,135.8,-12.3,124.4,0.00,
18:59:08,80,135.8,-12.3,124.4,0.00,
18:59:10,80,135.8,-12.3,124.4,0.00,
18:59:11,80,135.8,-12.3,124.4,0.00,
18:59:12,80,135.8,-12.3,124.4,0.00,
18:59:13,80,135.8,-12.3,124.4,0.00,
18:59:14,80,135.8,-12.3,124.4,0.00,
18:59:15,80,135.8,-12.3,124.4,0.00,
18:59:16,80,135.8,-12.3,124.4,0.00,
18:59:17,80,135.8,-12.3,124.4,0.00,
18:59:18,80,135.8,-12.3,124.4,0.00,
18:59:19,80,135.8,-12.3,124.4,0.00,
18:59:20,80,135.8,-12.3,124.4,0.00,
18:59:21,80,135.8,-12.3,124.4,0.00,
18:59:22,80,135.8,-12.3,124.4,0.00,
18:59:23,80,135.8,-12.3,124.4,0.00,
18:59:24,80,135.8,-12.3,124.4,0.00,
18:59:25,80,135.8,-12.3,124.4,0.00,
18:59:26,80,135.8,-12.3,124.4,0.00,
18:59:27,80,135.8,-12.3,124.4,0.00,
18:59:28,80,135.8,-12.3,124.4,0.00,
18:59:29,80,135.8,-12.3,124.4,0.00,
18:59:30,80,135.8,-12.3,124.4,0.00,
18:59:31,80,135.8,-12.3,124.4,0.00,
18:59:32,80,135.8,-12.3,124.4,0.00,
18:59:33,80,135.8,-12.3,124.4,0.00,
18:59:34,80,135.8,-12.3,124.4,0.00,
18:59:35,80,135.8,-12.3,124.4,0.00,
18:59:37,80,135.8,-12.3,124.4,0.00,
18:59:38,80,135.8,-12.3,124.4,0.00,
18:59:39,80,135.8,-12.3,124.4,0.00,
18:59:40,80,135.8,-12.3,124.4,0.00,
18:59:41,80,135.8,-12.3,124.4,0.00,
18:59:42,80,135.8,-12.3,124.4,0.00,
18:59:43,80,135.8,-12.3,124.4,0.00,
18:59:44,80,135.8,-12.3,124.4,0.00,
18:59:45,80,135.8,-12.3,124.4,0.00,
18:59:46,80,135.8,-12.3,124.4,0.00,
18:59:47,80,135.8,-12.3,124.4,0.00,
18:59:48,80,135.8,-12.3,124.4,0.00,
18:59:49,80,135.8,-12.3,124.4,0.00,
18:59:50,80,135.8,-12.3,124.4,0.00,
18:59:51,80,91.8,0.0,91.8,0.00,
18:59:52,80,91.8,0.0,91.8,0.00,
18:59:53,80,91.8,0.0,91.8,0.00,
18:59:54,80,91.8,0.0,91.8,0.00,
18:59:55,80,91.8,0.0,91.8,0.00,
18:59:56,80,91.8,0.0,91.8,0.00,
18:59:57,80,91.8,0.0,91.8,0.00,
18:59:58,80,91.8,0.0,91.8,0.00,
18:59:59,80,91.8,0.0,91.8,0.00,
19:00:00,80,91.8,0.0,91.8,0.00,
19:00:01,80,91.8,0.0,91.8,0.00,
19:00:03,80,91.8,0.0,91.8,0.00,
19:00:04,80,91.8,0.0,91.8,0.00,
19:00:05,80,91.8,0.0,91.8,0.00,
19:00:06,80,91.8,0.0,91.8,0.00,
19:00:07,80,91.8,0.0,91.8,0.00,
19:00:08,80,91.8,0.0,91.8,0.00,
19:00:09,80,91.8,0.0,91.8,0.00,
19:00:10,80,91.8,0.0,91.8,0.00,
19:00:11,80,91.8,0.0,91.8,0.00,
19:00:12,80,91.8,0.0,91.8,0.00,
19:00:13,80,91.8,0.0,91.8,0.00,
19:00:14,80,91.8,0.0,91.8,0.00,
19:00:15,80,91.8,0.0,91.8,0.00,
19:00:16,80,91.8,0.0,91.8,0.00,
19:00:17,80,91.8,0.0,91.8,0.00,
19:00:18,80,91.8,0.0,91.8,0.00,
19:00:19,80,91.8,0.0,91.8,0.00,
19:00:20,80,91.8,0.0,91.8,0.00,
19:00:21,80,91.8,0.0,91.8,0.00,
19:00:22,80,91.8,0.0,91.8,0.00,
19:00:23,80,91.8,0.0,91.8,0.00,
19:00:24,80,91.8,0.0,91.8,0.00,
19:00:25,80,91.8,0.0,91.8,0.00,
19:00:26,80,91.8,0.0,91.8,0.00,
19:00:28,80,91.8,0.0,91.8,0.00,
19:00:29,80,91.8,0.0,91.8,0.00,
19:00:30,80,91.8,0.0,91.8,0.00,
19:00:31,80,91.8,0.0,91.8,0.00,
19:00:32,80,91.8,0.0,91.8,0.00,
19:00:33,80,91.8,0.0,91.8,0.00,
19:00:34,80,91.8,0.0,91.8,0.00,
19:00:35,80,91.8,0.0,91.8,0.00,
19:00:36,80,91.8,0.0,91.8,0.00,
19:00:37,80,91.8,0.0,91.8,0.00,
19:00:38,80,91.8,0.0,91.8,0.00,
19:00:39,80,91.8,0.0,91.8,0.00,
19:00:40,80,91.8,0.0,91.8,0.00,
19:00:41,80,91.8,0.0,91.8,0.00,
19:00:42,80,91.8,0.0,91.8,0.00,
19:00:43,80,91.8,0.0,91.8,0.00,
19:00:44,80,91.8,0.0,91.8,0.00,
19:00:45,80,91.8,0.0,91.8,0.00,
19:00:46,80,91.8,0.0,91.8,0.00,
19:00:47,80,91.8,0.0,91.8,0.00,
19:00:48,80,91.8,0.0,91.8,0.00,
19:00:49,80,91.8,0.0,91.8,0.00,
19:00:50,80,91.8,0.0,91.8,0.00,
19:00:51,80,105.1,-2.0,103.8,0.00,
19:00:52,80,105.1,-2.0,103.8,0.00,
19:00:54,80,105.1,-2.0,103.8,0.00,
19:00:55,80,105.1,-2.0,103.8,0.00,
19:00:56,80,105.1,-2.0,103.8,0.00,
19:00:57,80,105.1,-2.0,103.8,0.00,
19:00:58,80,105.1,-2.0,103.8,0.00,
19:00:59,80,105.1,-2.0,103.8,0.00,
19:01:00,80,105.1,-2.0,103.8,0.00,
19:01:01,80,105.1,-2.0,103.8,0.00,
19:01:02,80,105.1,-2.0,103.8,0.00,
19:01:03,80,105.1,-2.0,103.8,0.00,
19:01:04,80,105.1,-2.0,103.8,0.00,
19:01:05,80,105.1,-2.0,103.8,0.00,
19:01:06,80,105.1,-2.0,103.8,0.00,
19:01:07,80,105.1,-2.0,103.8,0.00,
19:01:08,80,105.1,-2.0,103.8,0.00,
19:01:09,80,105.1,-2.0,103.8,0.00,
19:01:10,80,105.1,-2.0,103.8,0.00,
19:01:11,80,105.1,-2.0,103.8,0.00,
19:01:12,80,105.1,-2.0,103.8,0.00,
19:01:13,80,105.1,-2.0,103.8,0.00,
19:01:14,80,105.1,-2.0,103.8,0.00,
19:01:15,80,105.1,-2.0,103.8,0.00,
19:01:16,80,105.1,-2.0,103.8,0.00,
19:01:18,80,105.1,-2.0,103.8,0.00,
19:01:19,80,105.1,-2.0,103.8,0.00,
19:01:20,80,105.1,-2.0,103.8,0.00,
19:01:21,80,105.1,-2.0,103.8,0.00,
19:01:22,80,105.1,-2.0,103.8,0.00,
19:01:23,80,105.1,-2.0,103.8,0.00,
19:01:24,80,105.1,-2.0,103.8,0.00,
19:01:25,80,105.1,-2.0,103.8,0.00,
19:01:26,80,105.1,-2.0,103.8,0.00,
19:01:27,80,105.1,-2.0,103.8,0.00,
19:01:28,80,105.1,-2.0,103.8,0.00,
19:01:29,80,105.1,-2.0,103.8,0.00,
19:01:30,80,105.1,-2.0,103.8,0.00,
19:01:31,80,105.1,-2.0,103.8,0.00,
19:01:32,80,105.1,-2.0,103.8,0.00,
19:01:33,80,105.1,-2.0,103.8,0.00,
19:01:34,80,105.1,-2.0,103.8,0.00,
19:01:35,80,105.1,-2.0,103.8,0.00,
19:01:36,80,105.1,-2.0,103.8,0.00,
19:01:37,80,105.1,-2.0,103.8,0.00,
19:01:38,80,105.1,-2.0,103.8,0.00,
19:01:39,80,105.1,-2.0,103.8,0.00,
19:01:40,80,105.1,-2.0,103.8,0.00,
19:01:41,80,105.1,-2.0,103.8,0.00,
19:01:42,80,105.1,-2.0,103.8,0.00,
19:01:43,80,105.1,-2.0,103.8,0.00,
19:01:44,80,105.1,-2.0,103.8,0.00,
19:01:45,80,105.1,-2.0,103.8,0.00,
19:01:47,80,105.1,-2.0,103.8,0.00,
19:01:48,80,105.1,-2.0,103.8,0.00,
19:01:49,80,105.1,-2.0,103.8,0.00,
19:01:50,80,105.1,-2.0,103.8,0.00,
19:01:51,80,23.8,0.0,23.8,0.00,
19:01:52,80,23.8,0.0,23.8,0.00,
19:01:53,80,23.8,0.0,23.8,0.00,
19:01:54,80,23.8,0.0,23.8,0.00,
19:01:55,80,23.8,0.0,23.8,0.00,
19:01:56,80,23.8,0.0,23.8,0.00,
19:01:57,80,23.8,0.0,23.8,0.00,
19:01:58,80,23.8,0.0,23.8,0.00,
19:01:59,80,23.8,0.0,23.8,0.00,
19:02:00,80,23.8,0.0,23.8,0.00,
19:02:01,80,23.8,0.0,23.8,0.00,
19:02:02,80,23.8,0.0,23.8,0.00,
19:02:03,80,23.8,0.0,23.8,0.00,
19:02:04,80,23.8,0.0,23.8,0.00,
19:02:05,80,23.8,0.0,23.8,0.00,
19:02:06,80,23.8,0.0,23.8,0.00,
19:02:07,80,23.8,0.0,23.8,0.00,
19:02:08,80,23.8,0.0,23.8,0.00,
19:02:09,80,23.8,0.0,23.8,0.00,
19:02:10,80,23.8,0.0,23.8,0.00,
19:02:11,80,23.8,0.0,23.8,0.00,
19:02:12,80,23.8,0.0,23.8,0.00,
19:02:13,80,23.8,0.0,23.8,0.00,
19:02:14,80,23.8,0.0,23.8,0.00,
19:02:15,80,23.8,0.0,23.8,0.00,
19:02:16,80,23.8,0.0,23.8,0.00,
19:02:17,80,23.8,0.0,23.8,0.00,
19:02:18,80,23.8,0.0,23.8,0.00,
19:02:19,80,23.8,0.0,23.8,0.00,
19:02:20,80,23.8,0.0,23.8,0.00,
19:02:22,80,23.8,0.0,23.8,0.00,
19:02:23,80,23.8,0.0,23.8,0.00,
19:02:24,80,23.8,0.0,23.8,0.00,
19:02:25,80,23.8,0.0,23.8,0.00,
19:02:26,80,23.8,0.0,23.8,0.00,
19:02:27,80,23.8,0.0,23.8,0.00,
19:02:28,80,23.8,0.0,23.8,0.00,
19:02:29,80,23.8,0.0,23.8,0.00,
19:02:30,80,23.8,0.0,23.8,0.00,
19:02:31,80,23.8,0.0,23.8,0.00,
19:02:32,80,23.8,0.0,23.8,0.00,
19:02:33,80,23.8,0.0,23.8,0.00,
19:02:34,80,23.8,0.0,23.8,0.00,
19:02:35,80,23.8,0.0,23.8,0.00,
19:02:36,80,23.8,0.0,23.8,0.00,
19:02:37,80,23.8,0.0,23.8,0.00,
19:02:38,80,23.8,0.0,23.8,0.00,
19:02:39,80,23.8,0.0,23.8,0.00,
19:02:40,80,23.8,0.0,23.8,0.00,
19:02:41,80,23.8,0.0,23.8,0.00,
19:02:42,80,23.8,0.0,23.8,0.00,
19:02:43,80,23.8,0.0,23.8,0.00,
19:02:44,80,23.8,0.0,23.8,0.00,
19:02:45,80,23.8,0.0,23.8,0.00,
19:02:46,80,23.8,0.0,23.8,0.00,
19:02:47,80,23.8,0.0,23.8,0.00,
19:02:48,80,23.8,0.0,23.8,0.00,
19:02:49,80,23.8,0.0,23.8,0.00,
19:02:50,80,23.8,0.0,23.8,0.00,
19:02:51,80,91.4,0.0,90.8,0.00,
19:02:52,80,91.4,0.0,90.8,0.00,
19:02:53,80,91.4,0.0,90.8,0.00,
19:02:54,80,91.4,0.0,90.8,0.00,
19:02:55,80,91.4,0.0,90.8,0.00,
19:02:56,80,91.4,0.0,90.8,0.00,
19:02:57,80,91.4,0.0,90.8,0.00,
19:02:59,80,91.4,0.0,90.8,0.00,
19:03:00,80,91.4,0.0,90.8,0.00,
19:03:01,80,91.4,0.0,90.8,0.00,
19:03:02,80,91.4,0.0,90.8,0.00,
19:03:03,80,91.4,0.0,90.8,0.00,
19:03:04,80,91.4,0.0,90.8,0.00,
19:03:05,80,91.4,0.0,90.8,0.00,
19:03:06,80,91.4,0.0,90.8,0.00,
19:03:07,80,91.4,0.0,90.8,0.00,
19:03:08,80,91.4,0.0,90.8,0.00,
19:03:09,80,91.4,0.0,90.8,0.00,
19:03:10,80,91.4,0.0,90.8,0.00,
19:03:11,80,91.4,0.0,90.8,0.00,
19:03:12,80,91.4,0.0,90.8,0.00,
19:03:13,80,91.4,0.0,90.8,0.00,
19:03:14,80,91.4,0.0,90.8,0.00,
19:03:15,80,91.4,0.0,90.8,0.00,
19:03:16,80,91.4,0.0,90.8,0.00,
19:03:17,80,91.4,0.0,90.8,0.00,
19:03:18,80,91.4,0.0,90.8,0.00,
19:03:19,80,91.4,0.0,90.8,0.00,
19:03:20,80,91.4,0.0,90.8,0.00,
19:03:21,80,91.4,0.0,90.8,0.00,
19:03:22,80,91.4,0.0,90.8,0.00,
19:03:23,80,91.4,0.0,90.8,0.00,
19:03:24,80,91.4,0.0,90.8,0.00,
19:03:25,80,91.4,0.0,90.8,0.00,
19:03:26,80,91.4,0.0,90.8,0.00,
19:03:27,80,91.4,0.0,90.8,0.00,
19:03:28,80,91.4,0.0,90.8,0.00,
19:03:29,80,91.4,0.0,90.8,0.00,
19:03:30,80,91.4,0.0,90.8,0.00,
19:03:31,80,91.4,0.0,90.8,0.00,
19:03:32,80,91.4,0.0,90.8,0.00,
19:03:33,80,91.4,0.0,90.8,0.00,
19:03:34,80,91.4,0.0,90.8,0.00,
19:03:35,80,91.4,0.0,90.8,0.00,
19:03:36,80,91.4,0.0,90.8,0.00,
19:03:37,80,91.4,0.0,90.8,0.00,
19:03:39,80,91.4,0.0,90.8,0.00,
19:03:40,80,91.4,0.0,90.8,0.00,
19:03:41,80,91.4,0.0,90.8,0.00,
19:03:42,80,91.4,0.0,90.8,0.00,
19:03:43,80,91.4,0.0,90.8,0.00,
19:03:44,80,91.4,0.0,90.8,0.00,
19:03:45,80,91.4,0.0,90.8,0.00,
19:03:46,80,91.4,0.0,90.8,0.00,
19:03:47,80,91.4,0.0,90.8,0.00,
19:03:48,80,91.4,0.0,90.8,0.00,
19:03:49,80,91.4,0.0,90.8,0.00,
19:03:50,80,91.4,0.0,90.8,0.00,
19:03:51,80,8.1,0.0,8.1,0.00,
19:03:52,80,8.1,0.0,8.1,0.00,
19:03:53,80,8.1,0.0,8.1,0.00,
19:03:54,80,8.1,0.0,8.1,0.00,
19:03:55,80,8.1,0.0,8.1,0.00,
19:03:56,80,8.1,0.0,8.1,0.00,
19:03:57,80,8.1,0.0,8.1,0.00,
19:03:58,80,8.1,0.0,8.1,0.00,
19:03:59,80,8.1,0.0,8.1,0.00,
19:04:00,80,8.1,0.0,8.1,0.00,
19:04:01,80,8.1,0.0,8.1,0.00,
19:04:02,80,8.1,0.0,8.1,0.00,
19:04:03,80,8.1,0.0,8.1,0.00,
19:04:04,80,8.1,0.0,8.1,0.00,
19:04:05,80,8.1,0.0,8.1,0.00,
19:04:06,80,8.1,0.0,8.1,0.00,
19:04:07,80,8.1,0.0,8.1,0.00,
19:04:08,80,8.1,0.0,8.1,0.00,
19:04:09,80,8.1,0.0,8.1,0.00,
19:04:11,80,8.1,0.0,8.1,0.00,
19:04:12,80,8.1,0.0,8.1,0.00,
19:04:13,80,8.1,0.0,8.1,0.00,
19:04:14,80,8.1,0.0,8.1,0.00,
19:04:15,80,8.1,0.0,8.1,0.00,
19:04:16,80,8.1,0.0,8.1,0.00,
19:04:17,80,8.1,0.0,8.1,0.00,
19:04:18,80,8.1,0.0,8.1,0.00,
19:04:19,80,8.1,0.0,8.1,0.00,
19:04:20,80,8.1,0.0,8.1,0.00,
19:04:21,80,8.1,0.0,8.1,0.00,
19:04:22,80,8.1,0.0,8.1,0.00,
19:04:23,80,8.1,0.0,8.1,0.00,
19:04:24,80,8.1,0.0,8.1,0.00,
19:04:25,80,8.1,0.0,8.1,0.00,
19:04:26,80,8.1,0.0,8.1,0.00,
19:04:27,80,8.1,0.0,8.1,0.00,
19:04:28,80,8.1,0.0,8.1,0.00,
19:04:29,80,8.1,0.0,8.1,0.00,
19:04:30,80,8.1,0.0,8.1,0.00,
19:04:31,80,8.1,0.0,8.1,0.00,
19:04:32,80,8.1,0.0,8.1,0.00,
19:04:33,80,8.1,0.0,8.1,0.00,
19:04:34,80,8.1,0.0,8.1,0.00,
19:04:35,80,8.1,0.0,8.1,0.00,
19:04:36,80,8.1,0.0,8.1,0.00,
19:04:37,80,8.1,0.0,8.1,0.00,
19:04:38,80,8.1,0.0,8.1,0.00,
19:04:39,80,8.1,0.0,8.1,0.00,
19:04:40,80,8.1,0.0,8.1,0.00,
19:04:41,80,8.1,0.0,8.1,0.00,
19:04:43,80,8.1,0.0,8.1,0.00,
19:04:44,80,8.1,0.0,8.1,0.00,
19:04:45,80,8.1,0.0,8.1,0.00,
19:04:46,80,8.1,0.0,8.1,0.00,
19:04:47,80,8.1,0.0,8.1,0.00,
19:04:48,80,8.1,0.0,8.1,0.00,
19:04:49,80,8.1,0.0,8.1,0.00,
19:04:50,80,8.1,0.0,8.1,0.00,
19:04:51,80,7.7,0.0,7.7,0.00,
19:04:52,80,7.7,0.0,7.7,0.00,
19:04:53,80,7.7,0.0,7.7,0.00,
19:04:54,80,7.7,0.0,7.7,0.00,
19:04:55,80,7.7,0.0,7.7,0.00,
19:04:56,80,7.7,0.0,7.7,0.00,
19:04:57,80,7.7,0.0,7.7,0.00,
19:04:58,80,7.7,0.0,7.7,0.00,
19:04:59,80,7.7,0.0,7.7,0.00,
19:05:00,80,7.7,0.0,7.7,0.00,
19:05:01,80,7.7,0.0,7.7,0.00,
19:05:02,80,7.7,0.0,7.7,0.00,
19:05:03,80,7.7,0.0,7.7,0.00,
19:05:04,80,7.7,0.0,7.7,0.00,
19:05:05,80,7.7,0.0,7.7,0.00,
19:05:06,80,7.7,0.0,7.7,0.00,
19:05:07,80,7.7,0.0,7.7,0.00,
19:05:08,80,7.7,0.0,7.7,0.00,
19:05:09,80,7.7,0.0,7.7,0.00,
19:05:10,80,7.7,0.0,7.7,0.00,
19:05:11,80,7.7,0.0,7.7,0.00,
19:05:12,80,7.7,0.0,7.7,0.00,
19:05:13,80,7.7,0.0,7.7,0.00,
19:05:14,80,7.7,0.0,7.7,0.00,
19:05:16,80,7.7,0.0,7.7,0.00,
19:05:17,80,7.7,0.0,7.7,0.00,
19:05:18,80,7.7,0.0,7.7,0.00,
19:05:19,80,7.7,0.0,7.7,0.00,
19:05:20,80,7.7,0.0,7.7,0.00,
19:05:21,80,7.7,0.0,7.7,0.00,
19:05:22,80,7.7,0.0,7.7,0.00,
19:05:23,80,7.7,0.0,7.7,0.00,
19:05:24,80,7.7,0.0,7.7,0.00,
19:05:25,80,7.7,0.0,7.7,0.00,
19:05:26,80,7.7,0.0,7.7,0.00,
19:05:27,80,7.7,0.0,7.7,0.00,
19:05:28,80,7.7,0.0,7.7,0.00,
19:05:29,80,7.7,0.0,7.7,0.00,
19:05:30,80,7.7,0.0,7.7,0.00,
19:05:31,80,7.7,0.0,7.7,0.00,
19:05:32,80,7.7,0.0,7.7,0.00,
19:05:33,80,7.7,0.0,7.7,0.00,
19:05:34,80,7.7,0.0,7.7,0.00,
19:05:35,80,7.7,0.0,7.7,0.00,
19:05:36,80,7.7,0.0,7.7,0.00,
19:05:37,80,7.7,0.0,7.7,0.00,
19:05:38,80,7.7,0.0,7.7,0.00,
19:05:39,80,7.7,0.0,7.7,0.00,
19:05:40,80,7.7,0.0,7.7,0.00,
19:05:41,80,7.7,0.0,7.7,0.00,
19:05:42,80,7.7,0.0,7.7,0.00,
19:05:43,80,7.7,0.0,7.7,0.00,
19:05:44,80,7.7,0.0,7.7,0.00,
19:05:45,80,7.7,0.0,7.7,0.00,
19:05:46,80,7.7,0.0,7.7,0.00,
19:05:47,80,7.7,0.0,7.7,0.00,
19:05:48,80,7.7,0.0,7.7,0.00,
19:05:49,80,7.7,0.0,7.7,0.00,
19:05:50,80,7.7,0.0,7.7,0.00,
19:05:51,80,150.0,-20.5,130.1,-2.05,
19:05:52,80,150.0,-20.5,130.1,-2.05,
19:05:53,80,150.0,-20.5,130.1,-2.05,
19:05:54,80,150.0,-20.5,130.1,-2.05,
19:05:55,80,150.0,-20.5,130.1,-2.05,
19:05:56,80,150.0,-20.5,130.1,-2.05,
19:05:57,80,150.0,-20.5,130.1,-2.05,
19:05:58,80,150.0,-20.5,130.1,-2.05,
19:05:59,80,150.0,-20.5,130.1,-2.05,
19:06:00,80,150.0,-20.5,130.1,-2.05,
19:06:01,80,150.0,-20.5,130.1,-2.05,
19:06:02,80,150.0,-20.5,130.1,-2.05,
19:06:03,80,150.0,-20.5,130.1,-2.05,
19:06:04,80,150.0,-20.5,130.1,-2.05,
19:06:05,80,150.0,-20.5,130.1,-2.05,
19:06:06,80,150.0,-20.5,130.1,-2.05,
19:06:07,80,150.0,-20.5,130.1,-2.05,
19:06:08,80,150.0,-20.5,130.1,-2.05,
19:06:10,80,150.0,-20.5,130.1,-2.05,
19:06:11,80,150.0,-20.5,130.1,-2.05,
19:06:12,80,150.0,-20.5,130.1,-2.05,
19:06:13,80,150.0,-20.5,130.1,-2.05,
19:06:14,80,150.0,-20.5,130.1,-2.05,
19:06:15,80,150.0,-20.5,130.1,-2.05,
19:06:16,80,150.0,-20.5,130.1,-2.05,
19:06:17,80,150.0,-20.5,130.1,-2.05,
19:06:18,80,150.0,-20.5,130.1,-2.05,
19:06:19,80,150.0,-20.5,130.1,-2.05,
19:06:20,80,150.0,-20.5,130.1,-2.05,
19:06:21,80,150.0,-20.5,130.1,-2.05,
19:06:22,80,150.0,-20.5,130.1,-2.05,
19:06:23,80,150.0,-20.5,130.1,-2.05,
19:06:24,80,150.0,-20.5,130.1,-2.05,
19:06:25,80,150.0,-20.5,130.1,-2.05,
19:06:26,80,150.0,-20.5,130.1,-2.05,
19:06:27,80,150.0,-20.5,130.1,-2.05,
19:06:28,80,150.0,-20.5,130.1,-2.05,
19:06:29,80,150.0,-20.5,130.1,-2.05,
19:06:30,80,150.0,-20.5,130.1,-2.05,
19:06:31,80,150.0,-20.5,130.1,-2.05,
19:06:32,80,150.0,-20.5,130.1,-2.05,
19:06:33,80,150.0,-20.5,130.1,-2.05,
19:06:34,80,150.0,-20.5,130.1,-2.05,
19:06:35,80,150.0,-20.5,130.1,-2.05,
19:06:36,80,150.0,-20.5,130.1,-2.05,
19:06:37,80,150.0,-20.5,130.1,-2.05,
19:06:38,80,150.0,-20.5,130.1,-2.05,
19:06:39,80,150.0,-20.5,130.1,-2.05,
19:06:40,80,150.0,-20.5,130.1,-2.05,
19:06:41,80,150.0,-20.5,130.1,-2.05,
19:06:42,80,150.0,-20.5,130.1,-2.05,
19:06:43,80,150.0,-20.5,130.1,-2.05,
19:06:44,80,150.0,-20.5,130.1,-2.05,
19:06:45,80,150.0,-20.5,130.1,-2.05,
19:06:46,80,150.0,-20.5,130.1,-2.05,
19:06:47,80,150.0,-20.5,130.1,-2.05,
19:06:48,80,150.0,-20.5,130.1,-2.05,
19:06:49,80,150.0,-20.5,130.1,-2.05,
19:06:50,80,150.0,-20.5,130.1,-2.05,
19:06:51,80,9.2,0.0,9.2,0.00,
19:06:52,80,9.2,0.0,9.2,0.00,
19:06:53,80,9.2,0.0,9.2,0.00,
19:06:54,80,9.2,0.0,9.2,0.00,
19:06:56,80,9.2,0.0,9.2,0.00,
19:06:57,80,9.2,0.0,9.2,0.00,
19:06:58,80,9.2,0.0,9.2,0.00,
19:06:59,80,9.2,0.0,9.2,0.00,
19:07:00,80,9.2,0.0,9.2,0.00,
19:07:01,80,9.2,0.0,9.2,0.00,
19:07:02,80,9.2,0.0,9.2,0.00,
19:07:03,80,9.2,0.0,9.2,0.00,
19:07:04,80,9.2,0.0,9.2,0.00,
19:07:05,80,9.2,0.0,9.2,0.00,
19:07:06,80,9.2,0.0,9.2,0.00,
19:07:07,80,9.2,0.0,9.2,0.00,
19:07:08,80,9.2,0.0,9.2,0.00,
19:07:09,80,9.2,0.0,9.2,0.00,
19:07:10,80,9.2,0.0,9.2,0.00,
19:07:11,80,9.2,0.0,9.2,0.00,
19:07:12,80,9.2,0.0,9.2,0.00,
19:07:13,80,9.2,0.0,9.2,0.00,
19:07:14,80,9.2,0.0,9.2,0.00,
19:07:15,80,9.2,0.0,9.2,0.00,
19:07:16,80,9.2,0.0,9.2,0.00,
19:07:17,80,9.2,0.0,9.2,0.00,
19:07:18,80,9.2,0.0,9.2,0.00,
19:07:19,80,9.2,0.0,9.2,0.00,
19:07:20,80,9.2,0.0,9.2,0.00,
19:07:21,80,9.2,0.0,9.2,0.00,
19:07:22,80,9.2,0.0,9.2,0.00,
19:07:23,80,9.2,0.0,9.2,0.00,
19:07:24,80,9.2,0.0,9.2,0.00,
19:07:25,80,9.2,0.0,9.2,0.00,
19:07:26,80,9.2,0.0,9.2,0.00,
19:07:27,80,9.2,0.0,9.2,0.00,
19:07:29,80,9.2,0.0,9.2,0.00,
19:07:30,80,9.2,0.0,9.2,0.00,
19:07:31,80,9.2,0.0,9.2,0.00,
19:07:32,80,9.2,0.0,9.2,0.00,
19:07:33,80,9.2,0.0,9.2,0.00,
19:07:34,80,9.2,0.0,9.2,0.00,
19:07:35,80,9.2,0.0,9.2,0.00,
19:07:36,80,9.2,0.0,9.2,0.00,
19:07:37,80,9.2,0.0,9.2,0.00,
19:07:38,80,9.2,0.0,9.2,0.00,
19:07:39,80,9.2,0.0,9.2,0.00,
19:07:40,80,9.2,0.0,9.2,0.00,
19:07:41,80,9.2,0.0,9.2,0.00,
19:07:42,80,9.2,0.0,9.2,0.00,
19:07:43,80,9.2,0.0,9.2,0.00,
19:07:44,80,9.2,0.0,9.2,0.00,
19:07:45,80,9.2,0.0,9.2,0.00,
19:07:46,80,9.2,0.0,9.2,0.00,
19:07:47,80,9.2,0.0,9.2,0.00,
19:07:48,80,9.2,0.0,9.2,0.00,
19:07:49,80,9.2,0.0,9.2,0.00,
19:07:50,80,9.2,0.0,9.2,0.00,
19:07:51,80,12.5,0.0,12.5,0.00,
19:07:52,80,12.5,0.0,12.5,0.00,
19:07:53,80,12.5,0.0,12.5,0.00,
19:07:54,80,12.5,0.0,12.5,0.00,
19:07:55,80,12.5,0.0,12.5,0.00,
19:07:56,80,12.5,0.0,12.5,0.00,
19:07:57,80,12.5,0.0,12.5,0.00,
19:07:58,80,12.5,0.0,12.5,0.00,
19:07:59,80,12.5,0.0,12.5,0.00,
19:08:00,80,12.5,0.0,12.5,0.00,
19:08:02,80,12.5,0.0,12.5,0.00,
19:08:03,80,12.5,0.0,12.5,0.00,
19:08:04,80,12.5,0.0,12.5,0.00,
19:08:05,80,12.5,0.0,12.5,0.00,
19:08:06,80,12.5,0.0,12.5,0.00,
19:08:07,80,12.5,0.0,12.5,0.00,
19:08:08,80,12.5,0.0,12.5,0.00,
19:08:09,80,12.5,0.0,12.5,0.00,
19:08:10,80,12.5,0.0,12.5,0.00,
19:08:11,80,12.5,0.0,12.5,0.00,
19:08:12,80,12.5,0.0,12.5,0.00,
19:08:13,80,12.5,0.0,12.5,0.00,
19:08:14,80,12.5,0.0,12.5,0.00,
19:08:15,80,12.5,0.0,12.5,0.00,
19:08:16,80,12.5,0.0,12.5,0.00,
19:08:17,80,12.5,0.0,12.5,0.00,
19:08:18,80,12.5,0.0,12.5,0.00,
19:08:19,80,12.5,0.0,12.5,0.00,
19:08:20,80,12.5,0.0,12.5,0.00,
19:08:21,80,12.5,0.0,12.5,0.00,
19:08:22,80,12.5,0.0,12.5,0.00,
19:08:23,80,12.5,0.0,12.5,0.00,
19:08:24,80,12.5,0.0,12.5,0.00,
19:08:25,80,12.5,0.0,12.5,0.00,
19:08:26,80,12.5,0.0,12.5,0.00,
19:08:27,80,12.5,0.0,12.5,0.00,
19:08:28,80,12.5,0.0,12.5,0.00,
19:08:29,80,12.5,0.0,12.5,0.00,
19:08:30,80,12.5,0.0,12.5,0.00,
19:08:32,80,12.5,0.0,12.5,0.00,
19:08:33,80,12.5,0.0,12.5,0.00,
19:08:34,80,12.5,0.0,12.5,0.00,
19:08:35,80,12.5,0.0,12.5,0.00,
19:08:36,80,12.5,0.0,12.5,0.00,
19:08:37,80,12.5,0.0,12.5,0.00,
19:08:38,80,12.5,0.0,12.5,0.00,
19:08:39,80,12.5,0.0,12.5,0.00,
19:08:40,80,12.5,0.0,12.5,0.00,
19:08:41,80,12.5,0.0,12.5,0.00,
19:08:42,80,12.5,0.0,12.5,0.00,
19:08:43,80,12.5,0.0,12.5,0.00,
19:08:44,80,12.5,0.0,12.5,0.00,
19:08:45,80,12.5,0.0,12.5,0.00,
19:08:46,80,12.5,0.0,12.5,0.00,
19:08:47,80,12.5,0.0,12.5,0.00,
19:08:48,80,12.5,0.0,12.5,0.00,
19:08:49,80,12.5,0.0,12.5,0.00,
19:08:50,80,12.5,0.0,12.5,0.00,
19:08:51,80,13.1,0.0,13.1,0.00,
19:08:52,80,13.1,0.0,13.1,0.00,
19:08:53,80,13.1,0.0,13.1,0.00,
19:08:54,80,13.1,0.0,13.1,0.00,
19:08:55,80,13.1,0.0,13.1,0.00,
19:08:56,80,13.1,0.0,13.1,0.00,
19:08:57,80,13.1,0.0,13.1,0.00,
19:08:58,80,13.1,0.0,13.1,0.00,
19:08:59,80,13.1,0.0,13.1,0.00,
19:09:00,80,13.1,0.0,13.1,0.00,
19:09:01,80,13.1,0.0,13.1,0.00,
19:09:03,80,13.1,0.0,13.1,0.00,
19:09:04,80,13.1,0.0,13.1,0.00,
19:09:05,80,13.1,0.0,13.1,0.00,
19:09:06,80,13.1,0.0,13.1,0.00,
19:09:07,80,13.1,0.0,13.1,0.00,
19:09:08,80,13.1,0.0,13.1,0.00,
19:09:09,80,13.1,0.0,13.1,0.00,
19:09:10,80,13.1,0.0,13.1,0.00,
19:09:11,80,13.1,0.0,13.1,0.00,
19:09:12,80,13.1,0.0,13.1,0.00,
19:09:13,80,13.1,0.0,13.1,0.00,
19:09:14,80,13.1,0.0,13.1,0.00,
19:09:15,80,13.1,0.0,13.1,0.00,
19:09:16,80,13.1,0.0,13.1,0.00,
19:09:17,80,13.1,0.0,13.1,0.00,
19:09:18,80,13.1,0.0,13.1,0.00,
19:09:19,80,13.1,0.0,13.1,0.00,
19:09:20,80,13.1,0.0,13.1,0.00,
19:09:21,80,13.1,0.0,13.1,0.00,
19:09:22,80,13.1,0.0,13.1,0.00,
19:09:23,80,13.1,0.0,13.1,0.00,
19:09:24,80,13.1,0.0,13.1,0.00,
19:09:25,80,13.1,0.0,13.1,0.00,
19:09:26,80,13.1,0.0,13.1,0.00,
19:09:27,80,13.1,0.0,13.1,0.00,
19:09:28,80,13.1,0.0,13.1,0.00,
19:09:29,80,13.1,0.0,13.1,0.00,
19:09:30,80,13.1,0.0,13.1,0.00,
19:09:31,80,13.1,0.0,13.1,0.00,
19:09:32,80,13.1,0.0,13.1,0.00,
19:09:34,80,13.1,0.0,13.1,0.00,
19:09:35,80,13.1,0.0,13.1,0.00,
19:09:36,80,13.1,0.0,13.1,0.00,
19:09:37,80,13.1,0.0,13.1,0.00,
19:09:38,80,13.1,0.0,13.1,0.00,
19:09:39,80,13.1,0.0,13.1,0.00,
19:09:40,80,13.1,0.0,13.1,0.00,
19:09:41,80,13.1,0.0,13.1,0.00,
19:09:42,80,13.1,0.0,13.1,0.00,
19:09:43,80,13.1,0.0,13.1,0.00,
19:09:44,80,13.1,0.0,13.1,0.00,
19:09:45,80,13.1,0.0,13.1,0.00,
19:09:46,80,13.1,0.0,13.1,0.00,
19:09:47,80,13.1,0.0,13.1,0.00,
19:09:48,80,13.1,0.0,13.1,0.00,
19:09:49,80,13.1,0.0,13.1,0.00,
19:09:50,80,13.1,0.0,13.1,0.00,
19:09:51,80,14.7,0.0,14.7,0.00,
19:09:52,80,14.7,0.0,14.7,0.00,
19:09:53,80,14.7,0.0,14.7,0.00,
19:09:54,80,14.7,0.0,14.7,0.00,
19:09:55,80,14.7,0.0,14.7,0.00,
19:09:56,80,14.7,0.0,14.7,0.00,
19:09:57,80,14.7,0.0,14.7,0.00,
19:09:58,80,14.7,0.0,14.7,0.00,
19:09:59,80,14.7,0.0,14.7,0.00,
19:10:00,80,14.7,0.0,14.7,0.00,
19:10:01,80,14.7,0.0,14.7,0.00,
19:10:02,80,14.7,0.0,14.7,0.00,
19:10:03,80,14.7,0.0,14.7,0.00,
19:10:05,80,14.7,0.0,14.7,0.00,
19:10:06,80,14.7,0.0,14.7,0.00,
19:10:07,80,14.7,0.0,14.7,0.00,
19:10:08,80,14.7,0.0,14.7,0.00,
19:10:09,80,14.7,0.0,14.7,0.00,
19:10:10,80,14.7,0.0,14.7,0.00,
19:10:11,80,14.7,0.0,14.7,0.00,
19:10:12,80,14.7,0.0,14.7,0.00,
19:10:13,80,14.7,0.0,14.7,0.00,
19:10:14,80,14.7,0.0,14.7,0.00,
19:10:15,80,14.7,0.0,14.7,0.00,
19:10:16,80,14.7,0.0,14.7,0.00,
19:10:17,80,14.7,0.0,14.7,0.00,
19:10:18,80,14.7,0.0,14.7,0.00,
19:10:19,80,14.7,0.0,14.7,0.00,
19:10:20,80,14.7,0.0,14.7,0.00,
19:10:21,80,14.7,0.0,14.7,0.00,
19:10:22,80,14.7,0.0,14.7,0.00,
19:10:23,80,14.7,0.0,14.7,0.00,
19:10:24,80,14.7,0.0,14.7,0.00,
19:10:25,80,14.7,0.0,14.7,0.00,
19:10:26,80,14.7,0.0,14.7,0.00,
19:10:27,80,14.7,0.0,14.7,0.00,
19:10:28,80,14.7,0.0,14.7,0.00,
19:10:29,80,14.7,0.0,14.7,0.00,
19:10:30,80,14.7,0.0,14.7,0.00,
19:10:31,80,14.7,0.0,14.7,0.00,
19:10:32,80,14.7,0.0,14.7,0.00,
19:10:33,80,14.7,0.0,14.7,0.00,
19:10:34,80,14.7,0.0,14.7,0.00,
19:10:35,80,14.7,0.0,14.7,0.00,
19:10:37,80,14.7,0.0,14.7,0.00,
19:10:38,80,14.7,0.0,14.7,0.00,
19:10:39,80,14.7,0.0,14.7,0.00,
19:10:40,80,14.7,0.0,14.7,0.00,
19:10:41,80,14.7,0.0,14.7,0.00,
19:10:42,80,14.7,0.0,14.7,0.00,
19:10:43,80,14.7,0.0,14.7,0.00,
19:10:44,80,14.7,0.0,14.7,0.00,
19:10:45,80,14.7,0.0,14.7,0.00,
19:10:46,80,14.7,0.0,14.7,0.00,
19:10:47,80,14.7,0.0,14.7,0.00,
19:10:48,80,14.7,0.0,14.7,0.00,
19:10:49,80,14.7,0.0,14.7,0.00,
19:10:50,80,14.7,0.0,14.7,0.00,
19:10:51,80,11.0,0.0,11.0,0.00,
19:10:52,80,11.0,0.0,11.0,0.00,
19:10:53,80,11.0,0.0,11.0,0.00,
19:10:54,80,11.0,0.0,11.0,0.00,
19:10:55,80,11.0,0.0,11.0,0.00,
19:10:56,80,11.0,0.0,11.0,0.00,
19:10:57,80,11.0,0.0,11.0,0.00,
19:10:58,80,11.0,0.0,11.0,0.00,
19:10:59,80,11.0,0.0,11.0,0.00,
19:11:00,80,11.0,0.0,11.0,0.00,
19:11:01,80,11.0,0.0,11.0,0.00,
19:11:02,80,11.0,0.0,11.0,0.00,
19:11:03,80,11.0,0.0,11.0,0.00,
19:11:04,80,11.0,0.0,11.0,0.00,
19:11:06,80,11.0,0.0,11.0,0.00,
19:11:07,80,11.0,0.0,11.0,0.00,
19:11:08,80,11.0,0.0,11.0,0.00,
19:11:09,80,11.0,0.0,11.0,0.00,
19:11:10,80,11.0,0.0,11.0,0.00,
19:11:11,80,11.0,0.0,11.0,0.00,
19:11:12,80,11.0,0.0,11.0,0.00,
19:11:13,80,11.0,0.0,11.0,0.00,
19:11:14,80,11.0,0.0,11.0,0.00,
19:11:15,80,11.0,0.0,11.0,0.00,
19:11:16,80,11.0,0.0,11.0,0.00,
19:11:17,80,11.0,0.0,11.0,0.00,
19:11:18,80,11.0,0.0,11.0,0.00,
19:11:19,80,11.0,0.0,11.0,0.00,
19:11:20,80,11.0,0.0,11.0,0.00,
19:11:21,80,11.0,0.0,11.0,0.00,
19:11:22,80,11.0,0.0,11.0,0.00,
19:11:23,80,11.0,0.0,11.0,0.00,
19:11:24,80,11.0,0.0,11.0,0.00,
19:11:25,80,11.0,0.0,11.0,0.00,
19:11:26,80,11.0,0.0,11.0,0.00,
19:11:27,80,11.0,0.0,11.0,0.00,
19:11:28,80,11.0,0.0,11.0,0.00,
19:11:29,80,11.0,0.0,11.0,0.00,
19:11:30,80,11.0,0.0,11.0,0.00,
19:11:31,80,11.0,0.0,11.0,0.00,
19:11:32,80,11.0,0.0,11.0,0.00,
19:11:33,80,11.0,0.0,11.0,0.00,
19:11:34,80,11.0,0.0,11.0,0.00,
19:11:36,80,11.0,0.0,11.0,0.00,
19:11:37,80,11.0,0.0,11.0,0.00,
19:11:38,80,11.0,0.0,11.0,0.00,
19:11:39,80,11.0,0.0,11.0,0.00,
19:11:40,80,11.0,0.0,11.0,0.00,
19:11:41,80,11.0,0.0,11.0,0.00,
19:11:42,80,11.0,0.0,11.0,0.00,
19:11:43,80,11.0,0.0,11.0,0.00,
19:11:44,80,11.0,0.0,11.0,0.00,
19:11:45,80,11.0,0.0,11.0,0.00,
19:11:46,80,11.0,0.0,11.0,0.00,
19:11:47,80,11.0,0.0,11.0,0.00,
19:11:48,80,11.0,0.0,11.0,0.00,
19:11:49,80,11.0,0.0,11.0,0.00,
19:11:50,80,11.0,0.0,11.0,0.00,
19:11:51,80,10.8,0.0,10.8,0.00,
19:11:52,80,10.8,0.0,10.8,0.00,
19:11:53,80,10.8,0.0,10.8,0.00,
19:11:54,80,10.8,0.0,10.8,0.00,
19:11:55,80,10.8,0.0,10.8,0.00,
19:11:56,80,10.8,0.0,10.8,0.00,
19:11:57,80,10.8,0.0,10.8,0.00,
19:11:58,80,10.8,0.0,10.8,0.00,
19:11:59,80,10.8,0.0,10.8,0.00,
19:12:00,80,10.8,0.0,10.8,0.00,
19:12:01,80,10.8,0.0,10.8,0.00,
19:12:02,80,10.8,0.0,10.8,0.00,
19:12:03,80,10.8,0.0,10.8,0.00,
19:12:04,80,10.8,0.0,10.8,0.00,
19:12:05,80,10.8,0.0,10.8,0.00,
19:12:07,80,10.8,0.0,10.8,0.00,
19:12:08,80,10.8,0.0,10.8,0.00,
19:12:09,80,10.8,0.0,10.8,0.00,
19:12:10,80,10.8,0.0,10.8,0.00,
19:12:11,80,10.8,0.0,10.8,0.00,
19:12:12,80,10.8,0.0,10.8,0.00,
19:12:13,80,10.8,0.0,10.8,0.00,
19:12:14,80,10.8,0.0,10.8,0.00,
19:12:15,80,10.8,0.0,10.8,0.00,
19:12:16,80,10.8,0.0,10.8,0.00,
19:12:17,80,10.8,0.0,10.8,0.00,
19:12:18,80,10.8,0.0,10.8,0.00,
19:12:19,80,10.8,0.0,10.8,0.00,
19:12:20,80,10.8,0.0,10.8,0.00,
19:12:21,80,10.8,0.0,10.8,0.00,
19:12:22,80,10.8,0.0,10.8,0.00,
19:12:23,80,10.8,0.0,10.8,0.00,
19:12:24,80,10.8,0.0,10.8,0.00,
19:12:25,80,10.8,0.0,10.8,0.00,
19:12:26,80,10.8,0.0,10.8,0.00,
19:12:27,80,10.8,0.0,10.8,0.00,
19:12:28,80,10.8,0.0,10.8,0.00,
19:12:29,80,10.8,0.0,10.8,0.00,
19:12:30,80,10.8,0.0,10.8,0.00,
19:12:32,80,10.8,0.0,10.8,0.00,
19:12:33,80,10.8,0.0,10.8,0.00,
19:12:34,80,10.8,0.0,10.8,0.00,
19:12:35,80,10.8,0.0,10.8,0.00,
19:12:36,80,10.8,0.0,10.8,0.00,
19:12:37,80,10.8,0.0,10.8,0.00,
19:12:38,80,10.8,0.0,10.8,0.00,
19:12:39,80,10.8,0.0,10.8,0.00,
19:12:40,80,10.8,0.0,10.8,0.00,
19:12:41,80,10.8,0.0,10.8,0.00,
19:12:42,80,10.8,0.0,10.8,0.00,
19:12:43,80,10.8,0.0,10.8,0.00,
19:12:44,80,10.8,0.0,10.8,0.00,
19:12:45,80,10.8,0.0,10.8,0.00,
19:12:46,80,10.8,0.0,10.8,0.00,
19:12:47,80,10.8,0.0,10.8,0.00,
19:12:48,80,10.8,0.0,10.8,0.00,
19:12:49,80,10.8,0.0,10.8,0.00,
19:12:50,80,10.8,0.0,10.8,0.00,
19:12:51,80,7.3,0.0,7.3,0.00,
19:12:52,80,7.3,0.0,7.3,0.00,
19:12:53,80,7.3,0.0,7.3,0.00,
19:12:54,80,7.3,0.0,7.3,0.00,
19:12:56,80,7.3,0.0,7.3,0.00,
19:12:57,80,7.3,0.0,7.3,0.00,
19:12:58,80,7.3,0.0,7.3,0.00,
19:12:59,80,7.3,0.0,7.3,0.00,
19:13:00,80,7.3,0.0,7.3,0.00,
19:13:01,80,7.3,0.0,7.3,0.00,
19:13:02,80,7.3,0.0,7.3,0.00,
19:13:03,80,7.3,0.0,7.3,0.00,
19:13:04,80,7.3,0.0,7.3,0.00,
19:13:05,80,7.3,0.0,7.3,0.00,
19:13:06,80,7.3,0.0,7.3,0.00,
19:13:07,80,7.3,0.0,7.3,0.00,
19:13:08,80,7.3,0.0,7.3,0.00,
19:13:09,80,7.3,0.0,7.3,0.00,
19:13:10,80,7.3,0.0,7.3,0.00,
19:13:11,80,7.3,0.0,7.3,0.00,
19:13:12,80,7.3,0.0,7.3,0.00,
19:13:13,80,7.3,0.0,7.3,0.00,
19:13:14,80,7.3,0.0,7.3,0.00,
19:13:15,80,7.3,0.0,7.3,0.00,
19:13:16,80,7.3,0.0,7.3,0.00,
19:13:17,80,7.3,0.0,7.3,0.00,
19:13:18,80,7.3,0.0,7.3,0.00,
19:13:20,80,7.3,0.0,7.3,0.00,
19:13:21,80,7.3,0.0,7.3,0.00,
19:13:22,80,7.3,0.0,7.3,0.00,
19:13:23,80,7.3,0.0,7.3,0.00,
19:13:24,80,7.3,0.0,7.3,0.00,
19:13:25,80,7.3,0.0,7.3,0.00,
19:13:26,80,7.3,0.0,7.3,0.00,
19:13:27,80,7.3,0.0,7.3,0.00,
19:13:28,80,7.3,0.0,7.3,0.00,
19:13:29,80,7.3,0.0,7.3,0.00,
19:13:30,80,7.3,0.0,7.3,0.00,
19:13:31,80,7.3,0.0,7.3,0.00,
19:13:32,80,7.3,0.0,7.3,0.00,
19:13:33,80,7.3,0.0,7.3,0.00,
19:13:34,80,7.3,0.0,7.3,0.00,
19:13:35,80,7.3,0.0,7.3,0.00,
19:13:36,80,7.3,0.0,7.3,0.00,
19:13:37,80,7.3,0.0,7.3,0.00,
19:13:38,80,7.3,0.0,7.3,0.00,
19:13:39,80,7.3,0.0,7.3,0.00,
19:13:40,80,7.3,0.0,7.3,0.00,
19:13:41,80,7.3,0.0,7.3,0.00,
19:13:43,80,7.3,0.0,7.3,0.00,
19:13:44,80,7.3,0.0,7.3,0.00,
19:13:45,80,7.3,0.0,7.3,0.00,
19:13:46,80,7.3,0.0,7.3,0.00,
19:13:47,80,7.3,0.0,7.3,0.00,
19:13:48,80,7.3,0.0,7.3,0.00,
19:13:49,80,7.3,0.0,7.3,0.00,
19:13:50,80,7.3,0.0,7.3,0.00,
19:13:51,80,6.6,0.0,6.6,0.00,
19:13:52,80,6.6,0.0,6.6,0.00,
19:13:53,80,6.6,0.0,6.6,0.00,
19:13:54,80,6.6,0.0,6.6,0.00,
19:13:55,80,6.6,0.0,6.6,0.00,
19:13:56,80,6.6,0.0,6.6,0.00,
19:13:57,80,6.6,0.0,6.6,0.00,
19:13:58,80,6.6,0.0,6.6,0.00,
19:13:59,80,6.6,0.0,6.6,0.00,
19:14:00,80,6.6,0.0,6.6,0.00,
19:14:01,80,6.6,0.0,6.6,0.00,
19:14:02,80,6.6,0.0,6.6,0.00,
19:14:03,80,6.6,0.0,6.6,0.00,
19:14:04,80,6.6,0.0,6.6,0.00,
19:14:05,80,6.6,0.0,6.6,0.00,
19:14:06,80,6.6,0.0,6.6,0.00,
19:14:08,80,6.6,0.0,6.6,0.00,
19:14:09,80,6.6,0.0,6.6,0.00,
19:14:10,80,6.6,0.0,6.6,0.00,
19:14:11,80,6.6,0.0,6.6,0.00,
19:14:12,80,6.6,0.0,6.6,0.00,
19:14:13,80,6.6,0.0,6.6,0.00,
19:14:14,80,6.6,0.0,6.6,0.00,
19:14:15,80,6.6,0.0,6.6,0.00,
19:14:16,80,6.6,0.0,6.6,0.00,
19:14:17,80,6.6,0.0,6.6,0.00,
19:14:18,80,6.6,0.0,6.6,0.00,
19:14:19,80,6.6,0.0,6.6,0.00,
19:14:20,80,6.6,0.0,6.6,0.00,
19:14:21,80,6.6,0.0,6.6,0.00,
19:14:22,80,6.6,0.0,6.6,0.00,
19:14:23,80,6.6,0.0,6.6,0.00,
19:14:24,80,6.6,0.0,6.6,0.00,
19:14:25,80,6.6,0.0,6.6,0.00,
19:14:26,80,6.6,0.0,6.6,0.00,
19:14:27,80,6.6,0.0,6.6,0.00,
19:14:28,80,6.6,0.0,6.6,0.00,
19:14:29,80,6.6,0.0,6.6,0.00,
19:14:31,80,6.6,0.0,6.6,0.00,
19:14:32,80,6.6,0.0,6.6,0.00,
19:14:33,80,6.6,0.0,6.6,0.00,
19:14:34,80,6.6,0.0,6.6,0.00,
19:14:35,80,6.6,0.0,6.6,0.00,
19:14:36,80,6.6,0.0,6.6,0.00,
19:14:37,80,6.6,0.0,6.6,0.00,
19:14:38,80,6.6,0.0,6.6,0.00,
19:14:39,80,6.6,0.0,6.6,0.00,
19:14:40,80,6.6,0.0,6.6,0.00,
19:14:41,80,6.6,0.0,6.6,0.00,
19:14:42,80,6.6,0.0,6.6,0.00,
19:14:43,80,6.6,0.0,6.6,0.00,
19:14:44,80,6.6,0.0,6.6,0.00,
19:14:45,80,6.6,0.0,6.6,0.00,
19:14:46,80,6.6,0.0,6.6,0.00,
19:14:47,80,6.6,0.0,6.6,0.00,
19:14:48,80,6.6,0.0,6.6,0.00,
19:14:49,80,6.6,0.0,6.6,0.00,
19:14:50,80,6.6,0.0,6.6,0.00,
19:14:51,80,3.9,0.0,3.9,0.00,
19:14:52,80,3.9,0.0,3.9,0.00,
19:14:53,80,3.9,0.0,3.9,0.00,
19:14:55,80,3.9,0.0,3.9,0.00,
19:14:56,80,3.9,0.0,3.9,0.00,
19:14:57,80,3.9,0.0,3.9,0.00,
19:14:58,80,3.9,0.0,3.9,0.00,
19:14:59,80,3.9,0.0,3.9,0.00,
19:15:00,80,3.9,0.0,3.9,0.00,
19:15:01,80,3.9,0.0,3.9,0.00,
19:15:02,80,3.9,0.0,3.9,0.00,
19:15:03,80,3.9,0.0,3.9,0.00,
19:15:04,80,3.9,0.0,3.9,0.00,
19:15:05,80,3.9,0.0,3.9,0.00,
19:15:06,80,3.9,0.0,3.9,0.00,
19:15:07,80,3.9,0.0,3.9,0.00,
19:15:08,80,3.9,0.0,3.9,0.00,
19:15:09,80,3.9,0.0,3.9,0.00,
19:15:10,80,3.9,0.0,3.9,0.00,
19:15:11,80,3.9,0.0,3.9,0.00,
19:15:12,80,3.9,0.0,3.9,0.00,
19:15:13,80,3.9,0.0,3.9,0.00,
19:15:14,80,3.9,0.0,3.9,0.00,
19:15:15,80,3.9,0.0,3.9,0.00,
19:15:16,80,3.9,0.0,3.9,0.00,
19:15:18,80,3.9,0.0,3.9,0.00,
19:15:19,80,3.9,0.0,3.9,0.00,
19:15:20,80,3.9,0.0,3.9,0.00,
19:15:21,80,3.9,0.0,3.9,0.00,
19:15:22,80,3.9,0.0,3.9,0.00,
19:15:23,80,3.9,0.0,3.9,0.00,
19:15:24,80,3.9,0.0,3.9,0.00,
19:15:25,80,3.9,0.0,3.9,0.00,
19:15:26,80,3.9,0.0,3.9,0.00,
19:15:27,80,3.9,0.0,3.9,0.00,
19:15:28,80,3.9,0.0,3.9,0.00,
19:15:29,80,3.9,0.0,3.9,0.00,
19:15:30,80,3.9,0.0,3.9,0.00,
19:15:31,80,3.9,0.0,3.9,0.00,
19:15:32,80,3.9,0.0,3.9,0.00,
19:15:33,80,3.9,0.0,3.9,0.00,
19:15:34,80,3.9,0.0,3.9,0.00,
19:15:35,80,3.9,0.0,3.9,0.00,
19:15:36,80,3.9,0.0,3.9,0.00,
19:15:37,80,3.9,0.0,3.9,0.00,
19:15:38,80,3.9,0.0,3.9,0.00,
19:15:39,80,3.9,0.0,3.9,0.00,
19:15:41,80,3.9,0.0,3.9,0.00,
19:15:42,80,3.9,0.0,3.9,0.00,
19:15:43,80,3.9,0.0,3.9,0.00,
19:15:44,80,3.9,0.0,3.9,0.00,
19:15:45,80,3.9,0.0,3.9,0.00,
19:15:46,80,3.9,0.0,3.9,0.00,
19:15:47,80,3.9,0.0,3.9,0.00,
19:15:48,80,3.9,0.0,3.9,0.00,
19:15:49,80,3.9,0.0,3.9,0.00,
19:15:50,80,3.9,0.0,3.9,0.00,
19:15:51,80,3.4,0.0,3.4,0.00,
19:15:52,80,3.4,0.0,3.4,0.00,
19:15:53,80,3.4,0.0,3.4,0.00,
19:15:54,80,3.4,0.0,3.4,0.00,
19:15:55,80,3.4,0.0,3.4,0.00,
19:15:56,80,3.4,0.0,3.4,0.00,
19:15:57,80,3.4,0.0,3.4,0.00,
19:15:58,80,3.4,0.0,3.4,0.00,
19:15:59,80,3.4,0.0,3.4,0.00,
19:16:00,80,3.4,0.0,3.4,0.00,
19:16:01,80,3.4,0.0,3.4,0.00,
19:16:02,80,3.4,0.0,3.4,0.00,
19:16:04,80,3.4,0.0,3.4,0.00,
19:16:05,80,3.4,0.0,3.4,0.00,
19:16:06,80,3.4,0.0,3.4,0.00,
19:16:07,80,3.4,0.0,3.4,0.00,
19:16:08,80,3.4,0.0,3.4,0.00,
19:16:09,80,3.4,0.0,3.4,0.00,
19:16:10,80,3.4,0.0,3.4,0.00,
19:16:11,80,3.4,0.0,3.4,0.00,
19:16:12,80,3.4,0.0,3.4,0.00,
19:16:13,80,3.4,0.0,3.4,0.00,
19:16:14,80,3.4,0.0,3.4,0.00,
19:16:15,80,3.4,0.0,3.4,0.00,
19:16:16,80,3.4,0.0,3.4,0.00,
19:16:17,80,3.4,0.0,3.4,0.00,
19:16:18,80,3.4,0.0,3.4,0.00,
19:16:19,80,3.4,0.0,3.4,0.00,
19:16:20,80,3.4,0.0,3.4,0.00,
19:16:21,80,3.4,0.0,3.4,0.00,
19:16:22,80,3.4,0.0,3.4,0.00,
19:16:23,80,3.4,0.0,3.4,0.00,
19:16:24,80,3.4,0.0,3.4,0.00,
19:16:25,80,3.4,0.0,3.4,0.00,
19:16:26,80,3.4,0.0,3.4,0.00,
19:16:28,80,3.4,0.0,3.4,0.00,
19:16:29,80,3.4,0.0,3.4,0.00,
19:16:30,80,3.4,0.0,3.4,0.00,
19:16:31,80,3.4,0.0,3.4,0.00,
19:16:32,80,3.4,0.0,3.4,0.00,
19:16:33,80,3.4,0.0,3.4,0.00,
19:16:34,80,3.4,0.0,3.4,0.00,
19:16:35,80,3.4,0.0,3.4,0.00,
19:16:36,80,3.4,0.0,3.4,0.00,
19:16:37,80,3.4,0.0,3.4,0.00,
19:16:38,80,3.4,0.0,3.4,0.00,
19:16:39,80,3.4,0.0,3.4,0.00,
19:16:40,80,3.4,0.0,3.4,0.00,
19:16:41,80,3.4,0.0,3.4,0.00,
19:16:42,80,3.4,0.0,3.4,0.00,
19:16:43,80,3.4,0.0,3.4,0.00,
19:16:44,80,3.4,0.0,3.4,0.00,
19:16:45,80,3.4,0.0,3.4,0.00,
19:16:46,80,3.4,0.0,3.4,0.00,
19:16:47,80,3.4,0.0,3.4,0.00,
19:16:48,80,3.4,0.0,3.4,0.00,
19:16:49,80,3.4,0.0,3.4,0.00,
19:16:50,80,3.4,0.0,3.4,0.00,
19:16:52,80,3.2,0.0,3.2,0.00,
19:16:53,80,3.2,0.0,3.2,0.00,
19:16:54,80,3.2,0.0,3.2,0.00,
19:16:55,80,3.2,0.0,3.2,0.00,
19:16:56,80,3.2,0.0,3.2,0.00,
19:16:57,80,3.2,0.0,3.2,0.00,
19:16:58,80,3.2,0.0,3.2,0.00,
19:16:59,80,3.2,0.0,3.2,0.00,
19:17:00,80,3.2,0.0,3.2,0.00,
19:17:01,80,3.2,0.0,3.2,0.00,
19:17:02,80,3.2,0.0,3.2,0.00,
19:17:03,80,3.2,0.0,3.2,0.00,
19:17:04,80,3.2,0.0,3.2,0.00,
19:17:05,80,3.2,0.0,3.2,0.00,
19:17:06,80,3.2,0.0,3.2,0.00,
19:17:07,80,3.2,0.0,3.2,0.00,
19:17:08,80,3.2,0.0,3.2,0.00,
19:17:09,80,3.2,0.0,3.2,0.00,
19:17:10,80,3.2,0.0,3.2,0.00,
19:17:11,80,3.2,0.0,3.2,0.00,
19:17:12,80,3.2,0.0,3.2,0.00,
19:17:13,80,3.2,0.0,3.2,0.00,
19:17:15,80,3.2,0.0,3.2,0.00,
19:17:16,80,3.2,0.0,3.2,0.00,
19:17:17,80,3.2,0.0,3.2,0.00,
19:17:18,80,3.2,0.0,3.2,0.00,
19:17:19,80,3.2,0.0,3.2,0.00,
19:17:20,80,3.2,0.0,3.2,0.00,
19:17:21,80,3.2,0.0,3.2,0.00,
19:17:22,80,3.2,0.0,3.2,0.00,
19:17:23,80,3.2,0.0,3.2,0.00,
19:17:24,80,3.2,0.0,3.2,0.00,
19:17:25,80,3.2,0.0,3.2,0.00,
19:17:26,80,3.2,0.0,3.2,0.00,
19:17:27,80,3.2,0.0,3.2,0.00,
19:17:28,80,3.2,0.0,3.2,0.00,
19:17:29,80,3.2,0.0,3.2,0.00,
19:17:30,80,3.2,0.0,3.2,0.00,
19:17:31,80,3.2,0.0,3.2,0.00,
19:17:32,80,3.2,0.0,3.2,0.00,
19:17:33,80,3.2,0.0,3.2,0.00,
19:17:34,80,3.2,0.0,3.2,0.00,
19:17:35,80,3.2,0.0,3.2,0.00,
19:17:36,80,3.2,0.0,3.2,0.00,
19:17:37,80,3.2,0.0,3.2,0.00,
19:17:39,80,3.2,0.0,3.2,0.00,
19:17:40,80,3.2,0.0,3.2,0.00,
19:17:41,80,3.2,0.0,3.2,0.00,
19:17:42,80,3.2,0.0,3.2,0.00,
19:17:43,80,3.2,0.0,3.2,0.00,
19:17:44,80,3.2,0.0,3.2,0.00,
19:17:45,80,3.2,0.0,3.2,0.00,
19:17:46,80,3.2,0.0,3.2,0.00,
19:17:47,80,3.2,0.0,3.2,0.00,
19:17:48,80,3.2,0.0,3.2,0.00,
19:17:49,80,3.2,0.0,3.2,0.00,
19:17:50,80,3.2,0.0,3.2,0.00,
19:17:51,80,3.4,0.0,3.4,0.00,
19:17:52,80,3.4,0.0,3.4,0.00,
19:17:53,80,3.4,0.0,3.4,0.00,
19:17:54,80,3.4,0.0,3.4,0.00,
19:17:55,80,3.4,0.0,3.4,0.00,
19:17:56,80,3.4,0.0,3.4,0.00,
19:17:57,80,3.4,0.0,3.4,0.00,
19:17:58,80,3.4,0.0,3.4,0.00,
19:17:59,80,3.4,0.0,3.4,0.00,
19:18:00,80,3.4,0.0,3.4,0.00,
19:18:01,80,3.4,0.0,3.4,0.00,
19:18:02,80,3.4,0.0,3.4,0.00,
19:18:04,80,3.4,0.0,3.4,0.00,
19:18:05,80,3.4,0.0,3.4,0.00,
19:18:06,80,3.4,0.0,3.4,0.00,
19:18:07,80,3.4,0.0,3.4,0.00,
19:18:08,80,3.4,0.0,3.4,0.00,
19:18:09,80,3.4,0.0,3.4,0.00,
19:18:10,80,3.4,0.0,3.4,0.00,
19:18:11,80,3.4,0.0,3.4,0.00,
19:18:12,80,3.4,0.0,3.4,0.00,
19:18:13,80,3.4,0.0,3.4,0.00,
19:18:14,80,3.4,0.0,3.4,0.00,
19:18:15,80,3.4,0.0,3.4,0.00,
19:18:16,80,3.4,0.0,3.4,0.00,
19:18:17,80,3.4,0.0,3.4,0.00,
19:18:18,80,3.4,0.0,3.4,0.00,
19:18:19,80,3.4,0.0,3.4,0.00,
19:18:20,80,3.4,0.0,3.4,0.00,
19:18:21,80,3.4,0.0,3.4,0.00,
19:18:22,80,3.4,0.0,3.4,0.00,
19:18:23,80,3.4,0.0,3.4,0.00,
19:18:24,80,3.4,0.0,3.4,0.00,
19:18:25,80,3.4,0.0,3.4,0.00,
19:18:26,80,3.4,0.0,3.4,0.00,
19:18:28,80,3.4,0.0,3.4,0.00,
19:18:29,80,3.4,0.0,3.4,0.00,
19:18:30,80,3.4,0.0,3.4,0.00,
19:18:31,80,3.4,0.0,3.4,0.00,
19:18:32,80,3.4,0.0,3.4,0.00,
19:18:33,80,3.4,0.0,3.4,0.00,
19:18:34,80,3.4,0.0,3.4,0.00,
19:18:35,80,3.4,0.0,3.4,0.00,
19:18:36,80,3.4,0.0,3.4,0.00,
19:18:37,80,3.4,0.0,3.4,0.00,
19:18:38,80,3.4,0.0,3.4,0.00,
19:18:39,80,3.4,0.0,3.4,0.00,
19:18:40,80,3.4,0.0,3.4,0.00,
19:18:41,80,3.4,0.0,3.4,0.00,
19:18:42,80,3.4,0.0,3.4,0.00,
19:18:43,80,3.4,0.0,3.4,0.00,
19:18:44,80,3.4,0.0,3.4,0.00,
19:18:45,80,3.4,0.0,3.4,0.00,
19:18:46,80,3.4,0.0,3.4,0.00,
19:18:47,80,3.4,0.0,3.4,0.00,
19:18:48,80,3.4,0.0,3.4,0.00,
19:18:49,80,3.4,0.0,3.4,0.00,
19:18:50,80,3.4,0.0,3.4,0.00,
19:18:52,80,11.0,0.0,11.0,0.00,
19:18:53,80,11.0,0.0,11.0,0.00,
19:18:54,80,11.0,0.0,11.0,0.00,
19:18:55,80,11.0,0.0,11.0,0.00,
19:18:56,80,11.0,0.0,11.0,0.00,
19:18:57,80,11.0,0.0,11.0,0.00,
19:18:58,80,11.0,0.0,11.0,0.00,
19:18:59,80,11.0,0.0,11.0,0.00,
19:19:00,80,11.0,0.0,11.0,0.00,
19:19:01,80,11.0,0.0,11.0,0.00,
19:19:02,80,11.0,0.0,11.0,0.00,
19:19:03,80,11.0,0.0,11.0,0.00,
19:19:04,80,11.0,0.0,11.0,0.00,
19:19:05,80,11.0,0.0,11.0,0.00,
19:19:06,80,11.0,0.0,11.0,0.00,
19:19:07,80,11.0,0.0,11.0,0.00,
19:19:08,80,11.0,0.0,11.0,0.00,
19:19:09,80,11.0,0.0,11.0,0.00,
19:19:10,80,11.0,0.0,11.0,0.00,
19:19:11,80,11.0,0.0,11.0,0.00,
19:19:12,80,11.0,0.0,11.0,0.00,
19:19:13,80,11.0,0.0,11.0,0.00,
19:19:14,80,11.0,0.0,11.0,0.00,
19:19:16,80,11.0,0.0,11.0,0.00,
19:19:17,80,11.0,0.0,11.0,0.00,
19:19:18,80,11.0,0.0,11.0,0.00,
19:19:19,80,11.0,0.0,11.0,0.00,
19:19:20,80,11.0,0.0,11.0,0.00,
19:19:21,80,11.0,0.0,11.0,0.00,
19:19:22,80,11.0,0.0,11.0,0.00,
19:19:23,80,11.0,0.0,11.0,0.00,
19:19:24,80,11.0,0.0,11.0,0.00,
19:19:25,80,11.0,0.0,11.0,0.00,
19:19:26,80,11.0,0.0,11.0,0.00,
19:19:27,80,11.0,0.0,11.0,0.00,
19:19:28,80,11.0,0.0,11.0,0.00,
19:19:29,80,11.0,0.0,11.0,0.00,
19:19:30,80,11.0,0.0,11.0,0.00,
19:19:31,80,11.0,0.0,11.0,0.00,
19:19:32,80,11.0,0.0,11.0,0.00,
19:19:33,80,11.0,0.0,11.0,0.00,
19:19:34,80,11.0,0.0,11.0,0.00,
19:19:35,80,11.0,0.0,11.0,0.00,
19:19:36,80,11.0,0.0,11.0,0.00,
19:19:37,80,11.0,0.0,11.0,0.00,
19:19:39,80,11.0,0.0,11.0,0.00,
19:19:40,80,11.0,0.0,11.0,0.00,
19:19:41,80,11.0,0.0,11.0,0.00,
19:19:42,80,11.0,0.0,11.0,0.00,
19:19:43,80,11.0,0.0,11.0,0.00,
19:19:44,80,11.0,0.0,11.0,0.00,
19:19:45,80,11.0,0.0,11.0,0.00,
19:19:46,80,11.0,0.0,11.0,0.00,
19:19:47,80,11.0,0.0,11.0,0.00,
19:19:48,80,11.0,0.0,11.0,0.00,
19:19:49,80,11.0,0.0,11.0,0.00,
19:19:50,80,11.0,0.0,11.0,0.00,
19:19:51,80,6.2,0.0,6.2,0.00,
19:19:52,80,6.2,0.0,6.2,0.00,
19:19:53,80,6.2,0.0,6.2,0.00,
19:19:54,80,6.2,0.0,6.2,0.00,
19:19:55,80,6.2,0.0,6.2,0.00,
19:19:56,80,6.2,0.0,6.2,0.00,
19:19:57,80,6.2,0.0,6.2,0.00,
19:19:58,80,6.2,0.0,6.2,0.00,
19:19:59,80,6.2,0.0,6.2,0.00,
19:20:00,80,6.2,0.0,6.2,0.00,
19:20:01,80,6.2,0.0,6.2,0.00,
19:20:03,80,6.2,0.0,6.2,0.00,
19:20:04,80,6.2,0.0,6.2,0.00,
19:20:05,80,6.2,0.0,6.2,0.00,
19:20:06,80,6.2,0.0,6.2,0.00,
19:20:07,80,6.2,0.0,6.2,0.00,
19:20:08,80,6.2,0.0,6.2,0.00,
19:20:09,80,6.2,0.0,6.2,0.00,
19:20:10,80,6.2,0.0,6.2,0.00,
19:20:11,80,6.2,0.0,6.2,0.00,
19:20:12,80,6.2,0.0,6.2,0.00,
19:20:13,80,6.2,0.0,6.2,0.00,
19:20:14,80,6.2,0.0,6.2,0.00,
19:20:15,80,6.2,0.0,6.2,0.00,
19:20:16,80,6.2,0.0,6.2,0.00,
19:20:17,80,6.2,0.0,6.2,0.00,
19:20:18,80,6.2,0.0,6.2,0.00,
19:20:19,80,6.2,0.0,6.2,0.00,
19:20:20,80,6.2,0.0,6.2,0.00,
19:20:21,80,6.2,0.0,6.2,0.00,
19:20:22,80,6.2,0.0,6.2,0.00,
19:20:23,80,6.2,0.0,6.2,0.00,
19:20:24,80,6.2,0.0,6.2,0.00,
19:20:25,80,6.2,0.0,6.2,0.00,
19:20:27,80,6.2,0.0,6.2,0.00,
19:20:28,80,6.2,0.0,6.2,0.00,
19:20:29,80,6.2,0.0,6.2,0.00,
19:20:30,80,6.2,0.0,6.2,0.00,
19:20:31,80,6.2,0.0,6.2,0.00,
19:20:32,80,6.2,0.0,6.2,0.00,
19:20:33,80,6.2,0.0,6.2,0.00,
19:20:34,80,6.2,0.0,6.2,0.00,
19:20:35,80,6.2,0.0,6.2,0.00,
19:20:36,80,6.2,0.0,6.2,0.00,
19:20:37,80,6.2,0.0,6.2,0.00,
19:20:38,80,6.2,0.0,6.2,0.00,
19:20:39,80,6.2,0.0,6.2,0.00,
19:20:40,80,6.2,0.0,6.2,0.00,
19:20:41,80,6.2,0.0,6.2,0.00,
19:20:42,80,6.2,0.0,6.2,0.00,
19:20:43,80,6.2,0.0,6.2,0.00,
19:20:44,80,6.2,0.0,6.2,0.00,
19:20:45,80,6.2,0.0,6.2,0.00,
19:20:46,80,6.2,0.0,6.2,0.00,
19:20:47,80,6.2,0.0,6.2,0.00,
19:20:48,80,6.2,0.0,6.2,0.00,
19:20:49,80,6.2,0.0,6.2,0.00,
19:20:51,80,6.2,0.0,6.2,0.00,
19:20:52,80,3.2,0.0,3.2,0.00,
19:20:53,80,3.2,0.0,3.2,0.00,
19:20:54,80,3.2,0.0,3.2,0.00,
19:20:55,80,3.2,0.0,3.2,0.00,
19:20:56,80,3.2,0.0,3.2,0.00,
19:20:57,80,3.2,0.0,3.2,0.00,
19:20:58,80,3.2,0.0,3.2,0.00,
19:20:59,80,3.2,0.0,3.2,0.00,
19:21:00,80,3.2,0.0,3.2,0.00,
19:21:01,80,3.2,0.0,3.2,0.00,
19:21:02,80,3.2,0.0,3.2,0.00,
19:21:03,80,3.2,0.0,3.2,0.00,
19:21:04,80,3.2,0.0,3.2,0.00,
19:21:05,80,3.2,0.0,3.2,0.00,
19:21:06,80,3.2,0.0,3.2,0.00,
19:21:07,80,3.2,0.0,3.2,0.00,
19:21:08,80,3.2,0.0,3.2,0.00,
19:21:09,80,3.2,0.0,3.2,0.00,
19:21:10,80,3.2,0.0,3.2,0.00,
19:21:11,80,3.2,0.0,3.2,0.00,
19:21:12,80,3.2,0.0,3.2,0.00,
19:21:13,80,3.2,0.0,3.2,0.00,
19:21:15,80,3.2,0.0,3.2,0.00,
19:21:16,80,3.2,0.0,3.2,0.00,
19:21:17,80,3.2,0.0,3.2,0.00,
19:21:18,80,3.2,0.0,3.2,0.00,
19:21:19,80,3.2,0.0,3.2,0.00,
19:21:20,80,3.2,0.0,3.2,0.00,
19:21:21,80,3.2,0.0,3.2,0.00,
19:21:22,80,3.2,0.0,3.2,0.00,
19:21:23,80,3.2,0.0,3.2,0.00,
19:21:24,80,3.2,0.0,3.2,0.00,
19:21:25,80,3.2,0.0,3.2,0.00,
19:21:26,80,3.2,0.0,3.2,0.00,
19:21:27,80,3.2,0.0,3.2,0.00,
19:21:28,80,3.2,0.0,3.2,0.00,
19:21:29,80,3.2,0.0,3.2,0.00,
19:21:30,80,3.2,0.0,3.2,0.00,
19:21:31,80,3.2,0.0,3.2,0.00,
19:21:32,80,3.2,0.0,3.2,0.00,
19:21:33,80,3.2,0.0,3.2,0.00,
19:21:34,80,3.2,0.0,3.2,0.00,
19:21:35,80,3.2,0.0,3.2,0.00,
19:21:36,80,3.2,0.0,3.2,0.00,
19:21:37,80,3.2,0.0,3.2,0.00,
19:21:39,80,3.2,0.0,3.2,0.00,
19:21:40,80,3.2,0.0,3.2,0.00,
19:21:41,80,3.2,0.0,3.2,0.00,
19:21:42,80,3.2,0.0,3.2,0.00,
19:21:43,80,3.2,0.0,3.2,0.00,
19:21:44,80,3.2,0.0,3.2,0.00,
19:21:45,80,3.2,0.0,3.2,0.00,
19:21:46,80,3.2,0.0,3.2,0.00,
19:21:47,80,3.2,0.0,3.2,0.00,
19:21:48,80,3.2,0.0,3.2,0.00,
19:21:49,80,3.2,0.0,3.2,0.00,
19:21:50,80,3.2,0.0,3.2,0.00,
19:21:51,80,3.3,0.0,3.3,0.00,
19:21:52,80,3.3,0.0,3.3,0.00,
19:21:53,80,3.3,0.0,3.3,0.00,
19:21:54,80,3.3,0.0,3.3,0.00,
19:21:55,80,3.3,0.0,3.3,0.00,
19:21:56,80,3.3,0.0,3.3,0.00,
19:21:57,80,3.3,0.0,3.3,0.00,
19:21:58,80,3.3,0.0,3.3,0.00,
19:21:59,80,3.3,0.0,3.3,0.00,
19:22:00,80,3.3,0.0,3.3,0.00,
19:22:02,80,3.3,0.0,3.3,0.00,
19:22:03,80,3.3,0.0,3.3,0.00,
19:22:04,80,3.3,0.0,3.3,0.00,
19:22:05,80,3.3,0.0,3.3,0.00,
19:22:06,80,3.3,0.0,3.3,0.00,
19:22:07,80,3.3,0.0,3.3,0.00,
19:22:08,80,3.3,0.0,3.3,0.00,
19:22:09,80,3.3,0.0,3.3,0.00,
19:22:10,80,3.3,0.0,3.3,0.00,
19:22:11,80,3.3,0.0,3.3,0.00,
19:22:12,80,3.3,0.0,3.3,0.00,
19:22:13,80,3.3,0.0,3.3,0.00,
19:22:14,80,3.3,0.0,3.3,0.00,
19:22:15,80,3.3,0.0,3.3,0.00,
19:22:16,80,3.3,0.0,3.3,0.00,
19:22:17,80,3.3,0.0,3.3,0.00,
19:22:18,80,3.3,0.0,3.3,0.00,
19:22:19,80,3.3,0.0,3.3,0.00,
19:22:20,80,3.3,0.0,3.3,0.00,
19:22:21,80,3.3,0.0,3.3,0.00,
19:22:22,80,3.3,0.0,3.3,0.00,
19:22:23,80,3.3,0.0,3.3,0.00,
19:22:25,80,3.3,0.0,3.3,0.00,
19:22:26,80,3.3,0.0,3.3,0.00,
19:22:27,80,3.3,0.0,3.3,0.00,
19:22:28,80,3.3,0.0,3.3,0.00,
19:22:29,80,3.3,0.0,3.3,0.00,
19:22:30,80,3.3,0.0,3.3,0.00,
19:22:31,80,3.3,0.0,3.3,0.00,
19:22:32,80,3.3,0.0,3.3,0.00,
19:22:33,80,3.3,0.0,3.3,0.00,
19:22:34,80,3.3,0.0,3.3,0.00,
19:22:35,80,3.3,0.0,3.3,0.00,
19:22:36,80,3.3,0.0,3.3,0.00,
19:22:37,80,3.3,0.0,3.3,0.00,
19:22:38,80,3.3,0.0,3.3,0.00,
19:22:39,80,3.3,0.0,3.3,0.00,
19:22:40,80,3.3,0.0,3.3,0.00,
19:22:41,80,3.3,0.0,3.3,0.00,
19:22:42,80,3.3,0.0,3.3,0.00,
19:22:43,80,3.3,0.0,3.3,0.00,
19:22:44,80,3.3,0.0,3.3,0.00,
19:22:45,80,3.3,0.0,3.3,0.00,
19:22:46,80,3.3,0.0,3.3,0.00,
19:22:48,80,3.3,0.0,3.3,0.00,
19:22:49,80,3.3,0.0,3.3,0.00,
19:22:50,80,3.3,0.0,3.3,0.00,
19:22:51,80,5.6,0.0,5.6,0.00,
19:22:52,80,5.6,0.0,5.6,0.00,
19:22:53,80,5.6,0.0,5.6,0.00,
19:22:54,80,5.6,0.0,5.6,0.00,
19:22:55,80,5.6,0.0,5.6,0.00,
19:22:56,80,5.6,0.0,5.6,0.00,
19:22:57,80,5.6,0.0,5.6,0.00,
19:22:58,80,5.6,0.0,5.6,0.00,
19:22:59,80,5.6,0.0,5.6,0.00,
19:23:00,80,5.6,0.0,5.6,0.00,
19:23:01,80,5.6,0.0,5.6,0.00,
19:23:02,80,5.6,0.0,5.6,0.00,
19:23:03,80,5.6,0.0,5.6,0.00,
19:23:04,80,5.6,0.0,5.6,0.00,
19:23:05,80,5.6,0.0,5.6,0.00,
19:23:06,80,5.6,0.0,5.6,0.00,
19:23:07,80,5.6,0.0,5.6,0.00,
19:23:08,80,5.6,0.0,5.6,0.00,
19:23:09,80,5.6,0.0,5.6,0.00,
19:23:10,80,5.6,0.0,5.6,0.00,
19:23:12,80,5.6,0.0,5.6,0.00,
19:23:13,80,5.6,0.0,5.6,0.00,
19:23:14,80,5.6,0.0,5.6,0.00,
19:23:15,80,5.6,0.0,5.6,0.00,
19:23:16,80,5.6,0.0,5.6,0.00,
19:23:17,80,5.6,0.0,5.6,0.00,
19:23:18,80,5.6,0.0,5.6,0.00,
19:23:19,80,5.6,0.0,5.6,0.00,
19:23:20,80,5.6,0.0,5.6,0.00,
19:23:21,80,5.6,0.0,5.6,0.00,
19:23:22,80,5.6,0.0,5.6,0.00,
19:23:23,80,5.6,0.0,5.6,0.00,
19:23:24,80,5.6,0.0,5.6,0.00,
19:23:25,80,5.6,0.0,5.6,0.00,
19:23:26,80,5.6,0.0,5.6,0.00,
19:23:27,80,5.6,0.0,5.6,0.00,
19:23:28,80,5.6,0.0,5.6,0.00,
19:23:29,80,5.6,0.0,5.6,0.00,
19:23:30,80,5.6,0.0,5.6,0.00,
19:23:31,80,5.6,0.0,5.6,0.00,
19:23:32,80,5.6,0.0,5.6,0.00,
19:23:33,80,5.6,0.0,5.6,0.00,
19:23:34,80,5.6,0.0,5.6,0.00,
19:23:36,80,5.6,0.0,5.6,0.00,
19:23:37,80,5.6,0.0,5.6,0.00,
19:23:38,80,5.6,0.0,5.6,0.00,
19:23:39,80,5.6,0.0,5.6,0.00,
19:23:40,80,5.6,0.0,5.6,0.00,
19:23:41,80,5.6,0.0,5.6,0.00,
19:23:42,80,5.6,0.0,5.6,0.00,
19:23:43,80,5.6,0.0,5.6,0.00,
19:23:44,80,5.6,0.0,5.6,0.00,
19:23:45,80,5.6,0.0,5.6,0.00,
19:23:46,80,5.6,0.0,5.6,0.00,
19:23:47,80,5.6,0.0,5.6,0.00,
19:23:48,80,5.6,0.0,5.6,0.00,
19:23:49,80,5.6,0.0,5.6,0.00,
19:23:50,80,5.6,0.0,5.6,0.00,
19:23:51,80,3.1,0.0,3.1,0.00,
19:23:52,80,3.1,0.0,3.1,0.00,
19:23:53,80,3.1,0.0,3.1,0.00,
19:23:54,80,3.1,0.0,3.1,0.00,
19:23:55,80,3.1,0.0,3.1,0.00,
19:23:56,80,3.1,0.0,3.1,0.00,
19:23:57,80,3.1,0.0,3.1,0.00,
19:23:59,80,3.1,0.0,3.1,0.00,
19:24:00,80,3.1,0.0,3.1,0.00,
19:24:01,80,3.1,0.0,3.1,0.00,
19:24:02,80,3.1,0.0,3.1,0.00,
19:24:03,80,3.1,0.0,3.1,0.00,
19:24:04,80,3.1,0.0,3.1,0.00,
19:24:05,80,3.1,0.0,3.1,0.00,
19:24:06,80,3.1,0.0,3.1,0.00,
19:24:07,80,3.1,0.0,3.1,0.00,
19:24:08,80,3.1,0.0,3.1,0.00,
19:24:09,80,3.1,0.0,3.1,0.00,
19:24:10,80,3.1,0.0,3.1,0.00,
19:24:11,80,3.1,0.0,3.1,0.00,
19:24:12,80,3.1,0.0,3.1,0.00,
19:24:13,80,3.1,0.0,3.1,0.00,
19:24:14,80,3.1,0.0,3.1,0.00,
19:24:15,80,3.1,0.0,3.1,0.00,
19:24:16,80,3.1,0.0,3.1,0.00,
19:24:17,80,3.1,0.0,3.1,0.00,
19:24:18,80,3.1,0.0,3.1,0.00,
19:24:19,80,3.1,0.0,3.1,0.00,
19:24:20,80,3.1,0.0,3.1,0.00,
19:24:21,80,3.1,0.0,3.1,0.00,
19:24:22,80,3.1,0.0,3.1,0.00,
19:24:24,80,3.1,0.0,3.1,0.00,
19:24:25,80,3.1,0.0,3.1,0.00,
19:24:26,80,3.1,0.0,3.1,0.00,
19:24:27,80,3.1,0.0,3.1,0.00,
19:24:28,80,3.1,0.0,3.1,0.00,
19:24:29,80,3.1,0.0,3.1,0.00,
19:24:30,80,3.1,0.0,3.1,0.00,
19:24:31,80,3.1,0.0,3.1,0.00,
19:24:32,80,3.1,0.0,3.1,0.00,
19:24:33,80,3.1,0.0,3.1,0.00,
19:24:34,80,3.1,0.0,3.1,0.00,
19:24:35,80,3.1,0.0,3.1,0.00,
19:24:36,80,3.1,0.0,3.1,0.00,
19:24:37,80,3.1,0.0,3.1,0.00,
19:24:38,80,3.1,0.0,3.1,0.00,
19:24:39,80,3.1,0.0,3.1,0.00,
19:24:40,80,3.1,0.0,3.1,0.00,
19:24:41,80,3.1,0.0,3.1,0.00,
19:24:42,80,3.1,0.0,3.1,0.00,
19:24:43,80,3.1,0.0,3.1,0.00,
19:24:44,80,3.1,0.0,3.1,0.00,
19:24:45,80,3.1,0.0,3.1,0.00,
19:24:47,80,3.1,0.0,3.1,0.00,
19:24:48,80,3.1,0.0,3.1,0.00,
19:24:49,80,3.1,0.0,3.1,0.00,
19:24:50,80,3.1,0.0,3.1,0.00,
19:24:51,80,3.2,0.0,3.2,0.00,
19:24:52,80,3.2,0.0,3.2,0.00,
19:24:53,80,3.2,0.0,3.2,0.00,
19:24:54,80,3.2,0.0,3.2,0.00,
19:24:55,80,3.2,0.0,3.2,0.00,
19:24:56,80,3.2,0.0,3.2,0.00,
19:24:57,80,3.2,0.0,3.2,0.00,
19:24:58,80,3.2,0.0,3.2,0.00,
19:24:59,80,3.2,0.0,3.2,0.00,
19:25:00,80,3.2,0.0,3.2,0.00,
19:25:01,80,3.2,0.0,3.2,0.00,
19:25:02,80,3.2,0.0,3.2,0.00,
19:25:03,80,3.2,0.0,3.2,0.00,
19:25:04,80,3.2,0.0,3.2,0.00,
19:25:05,80,3.2,0.0,3.2,0.00,
19:25:06,80,3.2,0.0,3.2,0.00,
19:25:07,80,3.2,0.0,3.2,0.00,
19:25:08,80,3.2,0.0,3.2,0.00,
19:25:10,80,3.2,0.0,3.2,0.00,
19:25:11,80,3.2,0.0,3.2,0.00,
19:25:12,80,3.2,0.0,3.2,0.00,
19:25:13,80,3.2,0.0,3.2,0.00,
19:25:14,80,3.2,0.0,3.2,0.00,
19:25:15,80,3.2,0.0,3.2,0.00,
19:25:16,80,3.2,0.0,3.2,0.00,
19:25:17,80,3.2,0.0,3.2,0.00,
19:25:18,80,3.2,0.0,3.2,0.00,
19:25:19,80,3.2,0.0,3.2,0.00,
19:25:20,80,3.2,0.0,3.2,0.00,
19:25:21,80,3.2,0.0,3.2,0.00,
19:25:22,80,3.2,0.0,3.2,0.00,
19:25:23,80,3.2,0.0,3.2,0.00,
19:25:24,80,3.2,0.0,3.2,0.00,
19:25:25,80,3.2,0.0,3.2,0.00,
19:25:26,80,3.2,0.0,3.2,0.00,
19:25:27,80,3.2,0.0,3.2,0.00,
19:25:28,80,3.2,0.0,3.2,0.00,
19:25:29,80,3.2,0.0,3.2,0.00,
19:25:30,80,3.2,0.0,3.2,0.00,
19:25:31,80,3.2,0.0,3.2,0.00,
19:25:33,80,3.2,0.0,3.2,0.00,
19:25:34,80,3.2,0.0,3.2,0.00,
19:25:35,80,3.2,0.0,3.2,0.00,
19:25:36,80,3.2,0.0,3.2,0.00,
19:25:37,80,3.2,0.0,3.2,0.00,
19:25:38,80,3.2,0.0,3.2,0.00,
19:25:39,80,3.2,0.0,3.2,0.00,
19:25:40,80,3.2,0.0,3.2,0.00,
19:25:41,80,3.2,0.0,3.2,0.00,
19:25:42,80,3.2,0.0,3.2,0.00,
19:25:43,80,3.2,0.0,3.2,0.00,
19:25:44,80,3.2,0.0,3.2,0.00,
19:25:45,80,3.2,0.0,3.2,0.00,
19:25:46,80,3.2,0.0,3.2,0.00,
19:25:47,80,3.2,0.0,3.2,0.00,
19:25:48,80,3.2,0.0,3.2,0.00,
19:25:49,80,3.2,0.0,3.2,0.00,
19:25:50,80,3.2,0.0,3.2,0.00,
19:25:51,80,3.1,0.0,3.1,0.00,
19:25:52,80,3.1,0.0,3.1,0.00,
19:25:53,80,3.1,0.0,3.1,0.00,
19:25:54,80,3.1,0.0,3.1,0.00,
19:25:56,80,3.1,0.0,3.1,0.00,
19:25:57,80,3.1,0.0,3.1,0.00,
19:25:58,80,3.1,0.0,3.1,0.00,
19:25:59,80,3.1,0.0,3.1,0.00,
19:26:00,80,3.1,0.0,3.1,0.00,
19:26:01,80,3.1,0.0,3.1,0.00,
19:26:02,80,3.1,0.0,3.1,0.00,
19:26:03,80,3.1,0.0,3.1,0.00,
19:26:04,80,3.1,0.0,3.1,0.00,
19:26:05,80,3.1,0.0,3.1,0.00,
19:26:06,80,3.1,0.0,3.1,0.00,
19:26:07,80,3.1,0.0,3.1,0.00,
19:26:08,80,3.1,0.0,3.1,0.00,
19:26:09,80,3.1,0.0,3.1,0.00,
19:26:10,80,3.1,0.0,3.1,0.00,
19:26:11,80,3.1,0.0,3.1,0.00,
19:26:12,80,3.1,0.0,3.1,0.00,
19:26:13,80,3.1,0.0,3.1,0.00,
19:26:14,80,3.1,0.0,3.1,0.00,
19:26:15,80,3.1,0.0,3.1,0.00,
19:26:16,80,3.1,0.0,3.1,0.00,
19:26:17,80,3.1,0.0,3.1,0.00,
19:26:18,80,3.1,0.0,3.1,0.00,
19:26:20,80,3.1,0.0,3.1,0.00,
19:26:21,80,3.1,0.0,3.1,0.00,
19:26:22,80,3.1,0.0,3.1,0.00,
19:26:23,80,3.1,0.0,3.1,0.00,
19:26:24,80,3.1,0.0,3.1,0.00,
19:26:25,80,3.1,0.0,3.1,0.00,
19:26:26,80,3.1,0.0,3.1,0.00,
19:26:27,80,3.1,0.0,3.1,0.00,
19:26:28,80,3.1,0.0,3.1,0.00,
19:26:29,80,3.1,0.0,3.1,0.00,
19:26:30,80,3.1,0.0,3.1,0.00,
19:26:31,80,3.1,0.0,3.1,0.00,
19:26:32,80,3.1,0.0,3.1,0.00,
19:26:33,80,3.1,0.0,3.1,0.00,
19:26:34,80,3.1,0.0,3.1,0.00,
19:26:35,80,3.1,0.0,3.1,0.00,
19:26:36,80,3.1,0.0,3.1,0.00,
19:26:37,80,3.1,0.0,3.1,0.00,
19:26:38,80,3.1,0.0,3.1,0.00,
19:26:39,80,3.1,0.0,3.1,0.00,
19:26:40,80,3.1,0.0,3.1,0.00,
19:26:41,80,3.1,0.0,3.1,0.00,
19:26:43,80,3.1,0.0,3.1,0.00,
19:26:44,80,3.1,0.0,3.1,0.00,
19:26:45,80,3.1,0.0,3.1,0.00,
19:26:46,80,3.1,0.0,3.1,0.00,
19:26:47,80,3.1,0.0,3.1,0.00,
19:26:48,80,3.1,0.0,3.1,0.00,
19:26:49,80,3.1,0.0,3.1,0.00,
19:26:50,80,3.1,0.0,3.1,0.00,
19:26:51,80,3.2,0.0,3.2,0.00,
19:26:52,80,3.2,0.0,3.2,0.00,
19:26:53,80,3.2,0.0,3.2,0.00,
19:26:54,80,3.2,0.0,3.2,0.00,
19:26:55,80,3.2,0.0,3.2,0.00,
19:26:56,80,3.2,0.0,3.2,0.00,
19:26:57,80,3.2,0.0,3.2,0.00,
19:26:58,80,3.2,0.0,3.2,0.00,
19:26:59,80,3.2,0.0,3.2,0.00,
19:27:00,80,3.2,0.0,3.2,0.00,
19:27:01,80,3.2,0.0,3.2,0.00,
19:27:02,80,3.2,0.0,3.2,0.00,
19:27:03,80,3.2,0.0,3.2,0.00,
19:27:04,80,3.2,0.0,3.2,0.00,
19:27:05,80,3.2,0.0,3.2,0.00,
19:27:07,80,3.2,0.0,3.2,0.00,
19:27:08,80,3.2,0.0,3.2,0.00,
19:27:09,80,3.2,0.0,3.2,0.00,
19:27:10,80,3.2,0.0,3.2,0.00,
19:27:11,80,3.2,0.0,3.2,0.00,
19:27:12,80,3.2,0.0,3.2,0.00,
19:27:13,80,3.2,0.0,3.2,0.00,
19:27:14,80,3.2,0.0,3.2,0.00,
19:27:15,80,3.2,0.0,3.2,0.00,
19:27:16,80,3.2,0.0,3.2,0.00,
19:27:17,80,3.2,0.0,3.2,0.00,
19:27:18,80,3.2,0.0,3.2,0.00,
19:27:19,80,3.2,0.0,3.2,0.00,
19:27:20,80,3.2,0.0,3.2,0.00,
19:27:21,80,3.2,0.0,3.2,0.00,
19:27:22,80,3.2,0.0,3.2,0.00,
19:27:23,80,3.2,0.0,3.2,0.00,
19:27:24,80,3.2,0.0,3.2,0.00,
19:27:25,80,3.2,0.0,3.2,0.00,
19:27:26,80,3.2,0.0,3.2,0.00,
19:27:27,80,3.2,0.0,3.2,0.00,
19:27:28,80,3.2,0.0,3.2,0.00,
19:27:30,80,3.2,0.0,3.2,0.00,
19:27:31,80,3.2,0.0,3.2,0.00,
19:27:32,80,3.2,0.0,3.2,0.00,
19:27:33,80,3.2,0.0,3.2,0.00,
19:27:34,80,3.2,0.0,3.2,0.00,
19:27:35,80,3.2,0.0,3.2,0.00,
19:27:36,80,3.2,0.0,3.2,0.00,
19:27:37,80,3.2,0.0,3.2,0.00,
19:27:38,80,3.2,0.0,3.2,0.00,
19:27:39,80,3.2,0.0,3.2,0.00,
19:27:40,80,3.2,0.0,3.2,0.00,
19:27:41,80,3.2,0.0,3.2,0.00,
19:27:42,80,3.2,0.0,3.2,0.00,
19:27:43,80,3.2,0.0,3.2,0.00,
19:27:44,80,3.2,0.0,3.2,0.00,
19:27:45,80,3.2,0.0,3.2,0.00,
19:27:46,80,3.2,0.0,3.2,0.00,
19:27:47,80,3.2,0.0,3.2,0.00,
19:27:48,80,3.2,0.0,3.2,0.00,
19:27:49,80,3.2,0.0,3.2,0.00,
19:27:50,80,3.2,0.0,3.2,0.00,
19:27:51,80,3.0,0.0,3.0,0.00,
19:27:52,80,3.0,0.0,3.0,0.00,
19:27:54,80,3.0,0.0,3.0,0.00,
19:27:55,80,3.0,0.0,3.0,0.00,
19:27:56,80,3.0,0.0,3.0,0.00,
19:27:57,80,3.0,0.0,3.0,0.00,
19:27:58,80,3.0,0.0,3.0,0.00,
19:27:59,80,3.0,0.0,3.0,0.00,
19:28:00,80,3.0,0.0,3.0,0.00,
19:28:01,80,3.0,0.0,3.0,0.00,
19:28:02,80,3.0,0.0,3.0,0.00,
19:28:03,80,3.0,0.0,3.0,0.00,
19:28:04,80,3.0,0.0,3.0,0.00,
19:28:05,80,3.0,0.0,3.0,0.00,
19:28:06,80,3.0,0.0,3.0,0.00,
19:28:07,80,3.0,0.0,3.0,0.00,
19:28:08,80,3.0,0.0,3.0,0.00,
19:28:09,80,3.0,0.0,3.0,0.00,
19:28:10,80,3.0,0.0,3.0,0.00,
19:28:11,80,3.0,0.0,3.0,0.00,
19:28:12,80,3.0,0.0,3.0,0.00,
19:28:13,80,3.0,0.0,3.0,0.00,
19:28:14,80,3.0,0.0,3.0,0.00,
19:28:16,80,3.0,0.0,3.0,0.00,
19:28:17,80,3.0,0.0,3.0,0.00,
19:28:18,80,3.0,0.0,3.0,0.00,
19:28:19,80,3.0,0.0,3.0,0.00,
19:28:20,80,3.0,0.0,3.0,0.00,
19:28:21,80,3.0,0.0,3.0,0.00,
19:28:22,80,3.0,0.0,3.0,0.00,
19:28:23,80,3.0,0.0,3.0,0.00,
19:28:24,80,3.0,0.0,3.0,0.00,
19:28:25,80,3.0,0.0,3.0,0.00,
19:28:26,80,3.0,0.0,3.0,0.00,
19:28:27,80,3.0,0.0,3.0,0.00,
19:28:28,80,3.0,0.0,3.0,0.00,
19:28:29,80,3.0,0.0,3.0,0.00,
19:28:30,80,3.0,0.0,3.0,0.00,
19:28:31,80,3.0,0.0,3.0,0.00,
19:28:32,80,3.0,0.0,3.0,0.00,
19:28:33,80,3.0,0.0,3.0,0.00,
19:28:34,80,3.0,0.0,3.0,0.00,
19:28:35,80,3.0,0.0,3.0,0.00,
19:28:36,80,3.0,0.0,3.0,0.00,
19:28:37,80,3.0,0.0,3.0,0.00,
19:28:38,80,3.0,0.0,3.0,0.00,
19:28:40,80,3.0,0.0,3.0,0.00,
19:28:41,80,3.0,0.0,3.0,0.00,
19:28:42,80,3.0,0.0,3.0,0.00,
19:28:43,80,3.0,0.0,3.0,0.00,
19:28:44,80,3.0,0.0,3.0,0.00,
19:28:45,80,3.0,0.0,3.0,0.00,
19:28:46,80,3.0,0.0,3.0,0.00,
19:28:47,80,3.0,0.0,3.0,0.00,
19:28:48,80,3.0,0.0,3.0,0.00,
19:28:49,80,3.0,0.0,3.0,0.00,
19:28:50,80,3.0,0.0,3.0,0.00,
19:28:51,80,3.1,0.0,3.1,0.00,
19:28:52,80,3.1,0.0,3.1,0.00,
19:28:53,80,3.1,0.0,3.1,0.00,
19:28:54,80,3.1,0.0,3.1,0.00,
19:28:55,80,3.1,0.0,3.1,0.00,
19:28:56,80,3.1,0.0,3.1,0.00,
19:28:57,80,3.1,0.0,3.1,0.00,
19:28:58,80,3.1,0.0,3.1,0.00,
19:28:59,80,3.1,0.0,3.1,0.00,
19:29:00,80,3.1,0.0,3.1,0.00,
19:29:01,80,3.1,0.0,3.1,0.00,
19:29:03,80,3.1,0.0,3.1,0.00,
19:29:04,80,3.1,0.0,3.1,0.00,
19:29:05,80,3.1,0.0,3.1,0.00,
19:29:06,80,3.1,0.0,3.1,0.00,
19:29:07,80,3.1,0.0,3.1,0.00,
19:29:08,80,3.1,0.0,3.1,0.00,
19:29:09,80,3.1,0.0,3.1,0.00,
19:29:10,80,3.1,0.0,3.1,0.00,
19:29:11,80,3.1,0.0,3.1,0.00,
19:29:12,80,3.1,0.0,3.1,0.00,
19:29:13,80,3.1,0.0,3.1,0.00,
19:29:14,80,3.1,0.0,3.1,0.00,
19:29:15,80,3.1,0.0,3.1,0.00,
19:29:16,80,3.1,0.0,3.1,0.00,
19:29:17,80,3.1,0.0,3.1,0.00,
19:29:18,80,3.1,0.0,3.1,0.00,
19:29:19,80,3.1,0.0,3.1,0.00,
19:29:20,80,3.1,0.0,3.1,0.00,
19:29:21,80,3.1,0.0,3.1,0.00,
19:29:22,80,3.1,0.0,3.1,0.00,
19:29:23,80,3.1,0.0,3.1,0.00,
19:29:24,80,3.1,0.0,3.1,0.00,
19:29:25,80,3.1,0.0,3.1,0.00,
19:29:26,80,3.1,0.0,3.1,0.00,
19:29:27,80,3.1,0.0,3.1,0.00,
19:29:29,80,3.1,0.0,3.1,0.00,
19:29:30,80,3.1,0.0,3.1,0.00,
19:29:31,80,3.1,0.0,3.1,0.00,
19:29:32,80,3.1,0.0,3.1,0.00,
19:29:33,80,3.1,0.0,3.1,0.00,
19:29:34,80,3.1,0.0,3.1,0.00,
19:29:35,80,3.1,0.0,3.1,0.00,
19:29:36,80,3.1,0.0,3.1,0.00,
19:29:37,80,3.1,0.0,3.1,0.00,
19:29:38,80,3.1,0.0,3.1,0.00,
19:29:39,80,3.1,0.0,3.1,0.00,
19:29:40,80,3.1,0.0,3.1,0.00,
19:29:41,80,3.1,0.0,3.1,0.00,
19:29:42,80,3.1,0.0,3.1,0.00,
19:29:43,80,3.1,0.0,3.1,0.00,
19:29:44,80,3.1,0.0,3.1,0.00,
19:29:45,80,3.1,0.0,3.1,0.00,
19:29:46,80,3.1,0.0,3.1,0.00,
19:29:47,80,3.1,0.0,3.1,0.00,
19:29:48,80,3.1,0.0,3.1,0.00,
19:29:49,80,3.1,0.0,3.1,0.00,
19:29:50,80,3.1,0.0,3.1,0.00,
19:29:52,80,3.1,0.0,3.1,0.00,
19:29:53,80,3.1,0.0,3.1,0.00,
19:29:54,80,3.1,0.0,3.1,0.00,
19:29:55,80,3.1,0.0,3.1,0.00,
19:29:56,80,3.1,0.0,3.1,0.00,
19:29:57,80,3.1,0.0,3.1,0.00,
19:29:58,80,3.1,0.0,3.1,0.00,
19:29:59,80,3.1,0.0,3.1,0.00,
19:30:00,80,3.1,0.0,3.1,0.00,
19:30:01,80,3.1,0.0,3.1,0.00,
19:30:02,80,3.1,0.0,3.1,0.00,
19:30:03,80,3.1,0.0,3.1,0.00,
19:30:04,80,3.1,0.0,3.1,0.00,
19:30:05,80,3.1,0.0,3.1,0.00,
19:30:06,80,3.1,0.0,3.1,0.00,
19:30:07,80,3.1,0.0,3.1,0.00,
19:30:08,80,3.1,0.0,3.1,0.00,
19:30:09,80,3.1,0.0,3.1,0.00,
19:30:10,80,3.1,0.0,3.1,0.00,
19:30:11,80,3.1,0.0,3.1,0.00,
19:30:12,80,3.1,0.0,3.1,0.00,
19:30:13,80,3.1,0.0,3.1,0.00,
19:30:15,80,3.1,0.0,3.1,0.00,
19:30:16,80,3.1,0.0,3.1,0.00,
19:30:17,80,3.1,0.0,3.1,0.00,
19:30:18,80,3.1,0.0,3.1,0.00,
19:30:19,80,3.1,0.0,3.1,0.00,
19:30:20,80,3.1,0.0,3.1,0.00,
19:30:21,80,3.1,0.0,3.1,0.00,
19:30:22,80,3.1,0.0,3.1,0.00,
19:30:23,80,3.1,0.0,3.1,0.00,
19:30:24,80,3.1,0.0,3.1,0.00,
19:30:25,80,3.1,0.0,3.1,0.00,
19:30:26,80,3.1,0.0,3.1,0.00,
19:30:27,80,3.1,0.0,3.1,0.00,
19:30:28,80,3.1,0.0,3.1,0.00,
19:30:29,80,3.1,0.0,3.1,0.00,
19:30:30,80,3.1,0.0,3.1,0.00,
19:30:31,80,3.1,0.0,3.1,0.00,
19:30:32,80,3.1,0.0,3.1,0.00,
19:30:33,80,3.1,0.0,3.1,0.00,
19:30:34,80,3.1,0.0,3.1,0.00,
19:30:35,80,3.1,0.0,3.1,0.00,
19:30:36,80,3.1,0.0,3.1,0.00,
19:30:37,80,3.1,0.0,3.1,0.00,
19:30:39,80,3.1,0.0,3.1,0.00,
19:30:40,80,3.1,0.0,3.1,0.00,
19:30:41,80,3.1,0.0,3.1,0.00,
19:30:42,80,3.1,0.0,3.1,0.00,
19:30:43,80,3.1,0.0,3.1,0.00,
19:30:44,80,3.1,0.0,3.1,0.00,
19:30:45,80,3.1,0.0,3.1,0.00,
19:30:46,80,3.1,0.0,3.1,0.00,
19:30:47,80,3.1,0.0,3.1,0.00,
19:30:48,80,3.1,0.0,3.1,0.00,
19:30:49,80,3.1,0.0,3.1,0.00,
19:30:50,80,3.1,0.0,3.1,0.00,
19:30:51,80,3.2,0.0,3.2,0.00,
19:30:52,80,3.2,0.0,3.2,0.00,
19:30:53,80,3.2,0.0,3.2,0.00,
19:30:54,80,3.2,0.0,3.2,0.00,
19:30:55,80,3.2,0.0,3.2,0.00,
19:30:56,80,3.2,0.0,3.2,0.00,
19:30:57,80,3.2,0.0,3.2,0.00,
19:30:58,80,3.2,0.0,3.2,0.00,
19:30:59,80,3.2,0.0,3.2,0.00,
19:31:00,80,3.2,0.0,3.2,0.00,
19:31:02,80,3.2,0.0,3.2,0.00,
19:31:03,80,3.2,0.0,3.2,0.00,
19:31:04,80,3.2,0.0,3.2,0.00,
19:31:05,80,3.2,0.0,3.2,0.00,
19:31:06,80,3.2,0.0,3.2,0.00,
19:31:07,80,3.2,0.0,3.2,0.00,
19:31:08,80,3.2,0.0,3.2,0.00,
19:31:09,80,3.2,0.0,3.2,0.00,
19:31:10,80,3.2,0.0,3.2,0.00,
19:31:11,80,3.2,0.0,3.2,0.00,
19:31:12,80,3.2,0.0,3.2,0.00,
19:31:13,80,3.2,0.0,3.2,0.00,
19:31:14,80,3.2,0.0,3.2,0.00,
19:31:15,80,3.2,0.0,3.2,0.00,
19:31:16,80,3.2,0.0,3.2,0.00,
19:31:17,80,3.2,0.0,3.2,0.00,
19:31:18,80,3.2,0.0,3.2,0.00,
19:31:19,80,3.2,0.0,3.2,0.00,
19:31:20,80,3.2,0.0,3.2,0.00,
19:31:21,80,3.2,0.0,3.2,0.00,
19:31:22,80,3.2,0.0,3.2,0.00,
19:31:23,80,3.2,0.0,3.2,0.00,
19:31:24,80,3.2,0.0,3.2,0.00,
19:31:26,80,3.2,0.0,3.2,0.00,
19:31:27,80,3.2,0.0,3.2,0.00,
19:31:28,80,3.2,0.0,3.2,0.00,
19:31:29,80,3.2,0.0,3.2,0.00,
19:31:30,80,3.2,0.0,3.2,0.00,
19:31:31,80,3.2,0.0,3.2,0.00,
19:31:32,80,3.2,0.0,3.2,0.00,
19:31:33,80,3.2,0.0,3.2,0.00,
19:31:34,80,3.2,0.0,3.2,0.00,
19:31:35,80,3.2,0.0,3.2,0.00,
19:31:36,80,3.2,0.0,3.2,0.00,
19:31:37,80,3.2,0.0,3.2,0.00,
19:31:38,80,3.2,0.0,3.2,0.00,
19:31:39,80,3.2,0.0,3.2,0.00,
19:31:40,80,3.2,0.0,3.2,0.00,
19:31:41,80,3.2,0.0,3.2,0.00,
19:31:42,80,3.2,0.0,3.2,0.00,
19:31:43,80,3.2,0.0,3.2,0.00,
19:31:44,80,3.2,0.0,3.2,0.00,
19:31:45,80,3.2,0.0,3.2,0.00,
19:31:46,80,3.2,0.0,3.2,0.00,
19:31:47,80,3.2,0.0,3.2,0.00,
19:31:48,80,3.2,0.0,3.2,0.00,
19:31:50,80,3.2,0.0,3.2,0.00,
19:31:51,80,3.2,0.0,3.2,0.00,
19:31:52,80,3.2,0.0,3.2,0.00,
19:31:53,80,3.2,0.0,3.2,0.00,
19:31:54,80,3.2,0.0,3.2,0.00,
19:31:55,80,3.2,0.0,3.2,0.00,
19:31:56,80,3.2,0.0,3.2,0.00,
19:31:57,80,3.2,0.0,3.2,0.00,
19:31:58,80,3.2,0.0,3.2,0.00,
19:31:59,80,3.2,0.0,3.2,0.00,
19:32:00,80,3.2,0.0,3.2,0.00,
19:32:01,80,3.2,0.0,3.2,0.00,
19:32:02,80,3.2,0.0,3.2,0.00,
19:32:03,80,3.2,0.0,3.2,0.00,
19:32:04,80,3.2,0.0,3.2,0.00,
19:32:05,80,3.2,0.0,3.2,0.00,
19:32:06,80,3.2,0.0,3.2,0.00,
19:32:07,80,3.2,0.0,3.2,0.00,
19:32:08,80,3.2,0.0,3.2,0.00,
19:32:09,80,3.2,0.0,3.2,0.00,
19:32:10,80,3.2,0.0,3.2,0.00,
19:32:11,80,3.2,0.0,3.2,0.00,
19:32:12,80,3.2,0.0,3.2,0.00,
19:32:14,80,3.2,0.0,3.2,0.00,
19:32:15,80,3.2,0.0,3.2,0.00,
19:32:16,80,3.2,0.0,3.2,0.00,
19:32:17,80,3.2,0.0,3.2,0.00,
19:32:18,80,3.2,0.0,3.2,0.00,
19:32:19,80,3.2,0.0,3.2,0.00,
19:32:20,80,3.2,0.0,3.2,0.00,
19:32:21,80,3.2,0.0,3.2,0.00,
19:32:22,80,3.2,0.0,3.2,0.00,
19:32:23,80,3.2,0.0,3.2,0.00,
19:32:24,80,3.2,0.0,3.2,0.00,
19:32:25,80,3.2,0.0,3.2,0.00,
19:32:26,80,3.2,0.0,3.2,0.00,
19:32:27,80,3.2,0.0,3.2,0.00,
19:32:28,80,3.2,0.0,3.2,0.00,
19:32:29,80,3.2,0.0,3.2,0.00,
19:32:30,80,3.2,0.0,3.2,0.00,
19:32:31,80,3.2,0.0,3.2,0.00,
19:32:32,80,3.2,0.0,3.2,0.00,
19:32:33,80,3.2,0.0,3.2,0.00,
19:32:34,80,3.2,0.0,3.2,0.00,
19:32:35,80,3.2,0.0,3.2,0.00,
19:32:36,80,3.2,0.0,3.2,0.00,
19:32:38,80,3.2,0.0,3.2,0.00,
19:32:39,80,3.2,0.0,3.2,0.00,
19:32:40,80,3.2,0.0,3.2,0.00,
19:32:41,80,3.2,0.0,3.2,0.00,
19:32:42,80,3.2,0.0,3.2,0.00,
19:32:43,80,3.2,0.0,3.2,0.00,
19:32:44,80,3.2,0.0,3.2,0.00,
19:32:45,80,3.2,0.0,3.2,0.00,
19:32:46,80,3.2,0.0,3.2,0.00,
19:32:47,80,3.2,0.0,3.2,0.00,
19:32:48,80,3.2,0.0,3.2,0.00,
19:32:49,80,3.2,0.0,3.2,0.00,
19:32:50,80,3.2,0.0,3.2,0.00,
19:32:51,80,3.2,0.0,3.2,0.00,
19:32:52,80,3.2,0.0,3.2,0.00,
19:32:53,80,3.2,0.0,3.2,0.00,
19:32:54,80,3.2,0.0,3.2,0.00,
19:32:55,80,3.2,0.0,3.2,0.00,
19:32:56,80,3.2,0.0,3.2,0.00,
19:32:57,80,3.2,0.0,3.2,0.00,
19:32:58,80,3.2,0.0,3.2,0.00,
19:32:59,80,3.2,0.0,3.2,0.00,
19:33:01,80,3.2,0.0,3.2,0.00,
19:33:02,80,3.2,0.0,3.2,0.00,
19:33:03,80,3.2,0.0,3.2,0.00,
19:33:04,80,3.2,0.0,3.2,0.00,
19:33:05,80,3.2,0.0,3.2,0.00,
19:33:06,80,3.2,0.0,3.2,0.00,
19:33:07,80,3.2,0.0,3.2,0.00,
19:33:08,80,3.2,0.0,3.2,0.00,
19:33:09,80,3.2,0.0,3.2,0.00,
19:33:10,80,3.2,0.0,3.2,0.00,
19:33:11,80,3.2,0.0,3.2,0.00,
19:33:12,80,3.2,0.0,3.2,0.00,
19:33:13,80,3.2,0.0,3.2,0.00,
19:33:14,80,3.2,0.0,3.2,0.00,
19:33:15,80,3.2,0.0,3.2,0.00,
19:33:16,80,3.2,0.0,3.2,0.00,
19:33:17,80,3.2,0.0,3.2,0.00,
19:33:18,80,3.2,0.0,3.2,0.00,
19:33:19,80,3.2,0.0,3.2,0.00,
19:33:20,80,3.2,0.0,3.2,0.00,
19:33:21,80,3.2,0.0,3.2,0.00,
19:33:22,80,3.2,0.0,3.2,0.00,
19:33:23,80,3.2,0.0,3.2,0.00,
19:33:25,80,3.2,0.0,3.2,0.00,
19:33:26,80,3.2,0.0,3.2,0.00,
19:33:27,80,3.2,0.0,3.2,0.00,
19:33:28,80,3.2,0.0,3.2,0.00,
19:33:29,80,3.2,0.0,3.2,0.00,
19:33:30,80,3.2,0.0,3.2,0.00,
19:33:31,80,3.2,0.0,3.2,0.00,
19:33:32,80,3.2,0.0,3.2,0.00,
19:33:33,80,3.2,0.0,3.2,0.00,
19:33:34,80,3.2,0.0,3.2,0.00,
19:33:35,80,3.2,0.0,3.2,0.00,
19:33:36,80,3.2,0.0,3.2,0.00,
19:33:37,80,3.2,0.0,3.2,0.00,
19:33:38,80,3.2,0.0,3.2,0.00,
19:33:39,80,3.2,0.0,3.2,0.00,
19:33:40,80,3.2,0.0,3.2,0.00,
19:33:41,80,3.2,0.0,3.2,0.00,
19:33:42,80,3.2,0.0,3.2,0.00,
19:33:43,80,3.2,0.0,3.2,0.00,
19:33:44,80,3.2,0.0,3.2,0.00,
19:33:45,80,3.2,0.0,3.2,0.00,
19:33:46,80,3.2,0.0,3.2,0.00,
19:33:48,80,3.2,0.0,3.2,0.00,
19:33:49,80,3.2,0.0,3.2,0.00,
19:33:50,80,3.2,0.0,3.2,0.00,
19:33:51,80,3.1,0.0,3.1,0.00,
19:33:52,80,3.1,0.0,3.1,0.00,
19:33:53,80,3.1,0.0,3.1,0.00,
19:33:54,80,3.1,0.0,3.1,0.00,
19:33:55,80,3.1,0.0,3.1,0.00,
19:33:56,80,3.1,0.0,3.1,0.00,
19:33:57,80,3.1,0.0,3.1,0.00,
19:33:58,80,3.1,0.0,3.1,0.00,
19:33:59,80,3.1,0.0,3.1,0.00,
19:34:00,80,3.1,0.0,3.1,0.00,
19:34:01,80,3.1,0.0,3.1,0.00,
19:34:02,80,3.1,0.0,3.1,0.00,
19:34:03,80,3.1,0.0,3.1,0.00,
19:34:04,80,3.1,0.0,3.1,0.00,
19:34:05,80,3.1,0.0,3.1,0.00,
19:34:06,80,3.1,0.0,3.1,0.00,
19:34:07,80,3.1,0.0,3.1,0.00,
19:34:08,80,3.1,0.0,3.1,0.00,
19:34:09,80,3.1,0.0,3.1,0.00,
19:34:11,80,3.1,0.0,3.1,0.00,
19:34:12,80,3.1,0.0,3.1,0.00,
19:34:13,80,3.1,0.0,3.1,0.00,
19:34:14,80,3.1,0.0,3.1,0.00,
19:34:15,80,3.1,0.0,3.1,0.00,
19:34:16,80,3.1,0.0,3.1,0.00,
19:34:17,80,3.1,0.0,3.1,0.00,
19:34:18,80,3.1,0.0,3.1,0.00,
19:34:19,80,3.1,0.0,3.1,0.00,
19:34:20,80,3.1,0.0,3.1,0.00,
19:34:21,80,3.1,0.0,3.1,0.00,
19:34:22,80,3.1,0.0,3.1,0.00,
19:34:23,80,3.1,0.0,3.1,0.00,
19:34:24,80,3.1,0.0,3.1,0.00,
19:34:25,80,3.1,0.0,3.1,0.00,
19:34:26,80,3.1,0.0,3.1,0.00,
19:34:27,80,3.1,0.0,3.1,0.00,
19:34:28,80,3.1,0.0,3.1,0.00,
19:34:29,80,3.1,0.0,3.1,0.00,
19:34:30,80,3.1,0.0,3.1,0.00,
19:34:31,80,3.1,0.0,3.1,0.00,
19:34:32,80,3.1,0.0,3.1,0.00,
19:34:33,80,3.1,0.0,3.1,0.00,
19:34:35,80,3.1,0.0,3.1,0.00,
19:34:36,80,3.1,0.0,3.1,0.00,
19:34:37,80,3.1,0.0,3.1,0.00,
19:34:38,80,3.1,0.0,3.1,0.00,
19:34:39,80,3.1,0.0,3.1,0.00,
19:34:40,80,3.1,0.0,3.1,0.00,
19:34:41,80,3.1,0.0,3.1,0.00,
19:34:42,80,3.1,0.0,3.1,0.00,
19:34:43,80,3.1,0.0,3.1,0.00,
19:34:44,80,3.1,0.0,3.1,0.00,
19:34:45,80,3.1,0.0,3.1,0.00,
19:34:46,80,3.1,0.0,3.1,0.00,
19:34:47,80,3.1,0.0,3.1,0.00,
19:34:48,80,3.1,0.0,3.1,0.00,
19:34:49,80,3.1,0.0,3.1,0.00,
19:34:50,80,3.1,0.0,3.1,0.00,
19:34:51,80,3.1,0.0,3.1,0.00,
19:34:52,80,3.1,0.0,3.1,0.00,
19:34:53,80,3.1,0.0,3.1,0.00,
19:34:54,80,3.1,0.0,3.1,0.00,
19:34:55,80,3.1,0.0,3.1,0.00,
19:34:56,80,3.1,0.0,3.1,0.00,
19:34:57,80,3.1,0.0,3.1,0.00,
19:34:59,80,3.1,0.0,3.1,0.00,
19:35:00,80,3.1,0.0,3.1,0.00,
19:35:01,80,3.1,0.0,3.1,0.00,
19:35:02,80,3.1,0.0,3.1,0.00,
19:35:03,80,3.1,0.0,3.1,0.00,
19:35:04,80,3.1,0.0,3.1,0.00,
19:35:05,80,3.1,0.0,3.1,0.00,
19:35:06,80,3.1,0.0,3.1,0.00,
19:35:07,80,3.1,0.0,3.1,0.00,
19:35:08,80,3.1,0.0,3.1,0.00,
19:35:09,80,3.1,0.0,3.1,0.00,
19:35:10,80,3.1,0.0,3.1,0.00,
19:35:11,80,3.1,0.0,3.1,0.00,
19:35:12,80,3.1,0.0,3.1,0.00,
19:35:13,80,3.1,0.0,3.1,0.00,
19:35:14,80,3.1,0.0,3.1,0.00,
19:35:15,80,3.1,0.0,3.1,0.00,
19:35:16,80,3.1,0.0,3.1,0.00,
19:35:17,80,3.1,0.0,3.1,0.00,
19:35:18,80,3.1,0.0,3.1,0.00,
19:35:19,80,3.1,0.0,3.1,0.00,
19:35:20,80,3.1,0.0,3.1,0.00,
19:35:21,80,3.1,0.0,3.1,0.00,
19:35:23,80,3.1,0.0,3.1,0.00,
19:35:24,80,3.1,0.0,3.1,0.00,
19:35:25,80,3.1,0.0,3.1,0.00,
19:35:26,80,3.1,0.0,3.1,0.00,
19:35:27,80,3.1,0.0,3.1,0.00,
19:35:28,80,3.1,0.0,3.1,0.00,
19:35:29,80,3.1,0.0,3.1,0.00,
19:35:30,80,3.1,0.0,3.1,0.00,
19:35:31,80,3.1,0.0,3.1,0.00,
19:35:32,80,3.1,0.0,3.1,0.00,
19:35:33,80,3.1,0.0,3.1,0.00,
19:35:34,80,3.1,0.0,3.1,0.00,
19:35:35,80,3.1,0.0,3.1,0.00,
19:35:36,80,3.1,0.0,3.1,0.00,
19:35:37,80,3.1,0.0,3.1,0.00,
19:35:38,80,3.1,0.0,3.1,0.00,
19:35:39,80,3.1,0.0,3.1,0.00,
19:35:40,80,3.1,0.0,3.1,0.00,
19:35:41,80,3.1,0.0,3.1,0.00,
19:35:42,80,3.1,0.0,3.1,0.00,
19:35:43,80,3.1,0.0,3.1,0.00,
19:35:44,80,3.1,0.0,3.1,0.00,
19:35:46,80,3.1,0.0,3.1,0.00,
19:35:47,80,3.1,0.0,3.1,0.00,
19:35:48,80,3.1,0.0,3.1,0.00,
19:35:49,80,3.1,0.0,3.1,0.00,
19:35:50,80,3.1,0.0,3.1,0.00,
19:35:51,80,3.2,0.0,3.2,0.00,
19:35:52,80,3.2,0.0,3.2,0.00,
19:35:53,80,3.2,0.0,3.2,0.00,
19:35:54,80,3.2,0.0,3.2,0.00,
19:35:55,80,3.2,0.0,3.2,0.00,
19:35:56,80,3.2,0.0,3.2,0.00,
19:35:57,80,3.2,0.0,3.2,0.00,
19:35:58,80,3.2,0.0,3.2,0.00,
19:35:59,80,3.2,0.0,3.2,0.00,
19:36:00,80,3.2,0.0,3.2,0.00,
19:36:01,80,3.2,0.0,3.2,0.00,
19:36:02,80,3.2,0.0,3.2,0.00,
19:36:03,80,3.2,0.0,3.2,0.00,
19:36:04,80,3.2,0.0,3.2,0.00,
19:36:05,80,3.2,0.0,3.2,0.00,
19:36:06,80,3.2,0.0,3.2,0.00,
19:36:07,80,3.2,0.0,3.2,0.00,
19:36:08,80,3.2,0.0,3.2,0.00,
19:36:10,80,3.2,0.0,3.2,0.00,
19:36:11,80,3.2,0.0,3.2,0.00,
19:36:12,80,3.2,0.0,3.2,0.00,
19:36:13,80,3.2,0.0,3.2,0.00,
19:36:14,80,3.2,0.0,3.2,0.00,
19:36:15,80,3.2,0.0,3.2,0.00,
19:36:16,80,3.2,0.0,3.2,0.00,
19:36:17,80,3.2,0.0,3.2,0.00,
19:36:18,80,3.2,0.0,3.2,0.00,
19:36:19,80,3.2,0.0,3.2,0.00,
19:36:20,80,3.2,0.0,3.2,0.00,
19:36:21,80,3.2,0.0,3.2,0.00,
19:36:22,80,3.2,0.0,3.2,0.00,
19:36:23,80,3.2,0.0,3.2,0.00,
19:36:24,80,3.2,0.0,3.2,0.00,
19:36:25,80,3.2,0.0,3.2,0.00,
19:36:26,80,3.2,0.0,3.2,0.00,
19:36:27,80,3.2,0.0,3.2,0.00,
19:36:28,80,3.2,0.0,3.2,0.00,
19:36:29,80,3.2,0.0,3.2,0.00,
19:36:30,80,3.2,0.0,3.2,0.00,
19:36:31,80,3.2,0.0,3.2,0.00,
19:36:32,80,3.2,0.0,3.2,0.00,
19:36:34,80,3.2,0.0,3.2,0.00,
19:36:35,80,3.2,0.0,3.2,0.00,
19:36:36,80,3.2,0.0,3.2,0.00,
19:36:37,80,3.2,0.0,3.2,0.00,
19:36:38,80,3.2,0.0,3.2,0.00,
19:36:39,80,3.2,0.0,3.2,0.00,
19:36:40,80,3.2,0.0,3.2,0.00,
19:36:41,80,3.2,0.0,3.2,0.00,
19:36:42,80,3.2,0.0,3.2,0.00,
19:36:43,80,3.2,0.0,3.2,0.00,
19:36:44,80,3.2,0.0,3.2,0.00,
19:36:45,80,3.2,0.0,3.2,0.00,
19:36:46,80,3.2,0.0,3.2,0.00,
19:36:47,80,3.2,0.0,3.2,0.00,
19:36:48,80,3.2,0.0,3.2,0.00,
19:36:49,80,3.2,0.0,3.2,0.00,
19:36:50,80,3.2,0.0,3.2,0.00,
19:36:51,80,3.2,0.0,3.2,0.00,
19:36:52,80,3.2,0.0,3.2,0.00,
19:36:53,80,3.2,0.0,3.2,0.00,
19:36:54,80,3.2,0.0,3.2,0.00,
19:36:55,80,3.2,0.0,3.2,0.00,
19:36:57,80,3.2,0.0,3.2,0.00,
19:36:58,80,3.2,0.0,3.2,0.00,
19:36:59,80,3.2,0.0,3.2,0.00,
19:37:00,80,3.2,0.0,3.2,0.00,
19:37:01,80,3.2,0.0,3.2,0.00,
19:37:02,80,3.2,0.0,3.2,0.00,
19:37:03,80,3.2,0.0,3.2,0.00,
19:37:04,80,3.2,0.0,3.2,0.00,
19:37:05,80,3.2,0.0,3.2,0.00,
19:37:06,80,3.2,0.0,3.2,0.00,
19:37:07,80,3.2,0.0,3.2,0.00,
19:37:08,80,3.2,0.0,3.2,0.00,
19:37:09,80,3.2,0.0,3.2,0.00,
19:37:10,80,3.2,0.0,3.2,0.00,
19:37:11,80,3.2,0.0,3.2,0.00,
19:37:12,80,3.2,0.0,3.2,0.00,
19:37:13,80,3.2,0.0,3.2,0.00,
19:37:14,80,3.2,0.0,3.2,0.00,
19:37:15,80,3.2,0.0,3.2,0.00,
19:37:16,80,3.2,0.0,3.2,0.00,
19:37:17,80,3.2,0.0,3.2,0.00,
19:37:18,80,3.2,0.0,3.2,0.00,
19:37:19,80,3.2,0.0,3.2,0.00,
19:37:21,80,3.2,0.0,3.2,0.00,
19:37:22,80,3.2,0.0,3.2,0.00,
19:37:23,80,3.2,0.0,3.2,0.00,
19:37:24,80,3.2,0.0,3.2,0.00,
19:37:25,80,3.2,0.0,3.2,0.00,
19:37:26,80,3.2,0.0,3.2,0.00,
19:37:27,80,3.2,0.0,3.2,0.00,
19:37:28,80,3.2,0.0,3.2,0.00,
19:37:29,80,3.2,0.0,3.2,0.00,
19:37:30,80,3.2,0.0,3.2,0.00,
19:37:31,80,3.2,0.0,3.2,0.00,
19:37:32,80,3.2,0.0,3.2,0.00,
19:37:33,80,3.2,0.0,3.2,0.00,
19:37:34,80,3.2,0.0,3.2,0.00,
19:37:35,80,3.2,0.0,3.2,0.00,
19:37:36,80,3.2,0.0,3.2,0.00,
19:37:37,80,3.2,0.0,3.2,0.00,
19:37:38,80,3.2,0.0,3.2,0.00,
19:37:39,80,3.2,0.0,3.2,0.00,
19:37:40,80,3.2,0.0,3.2,0.00,
19:37:41,80,3.2,0.0,3.2,0.00,
19:37:42,80,3.2,0.0,3.2,0.00,
19:37:43,80,3.2,0.0,3.2,0.00,
19:37:45,80,3.2,0.0,3.2,0.00,
19:37:46,80,3.2,0.0,3.2,0.00,
19:37:47,80,3.2,0.0,3.2,0.00,
19:37:48,80,3.2,0.0,3.2,0.00,
19:37:49,80,3.2,0.0,3.2,0.00,
19:37:50,80,3.2,0.0,3.2,0.00,
19:37:51,80,5.1,0.0,5.1,0.00,
19:37:52,80,5.1,0.0,5.1,0.00,
19:37:53,80,5.1,0.0,5.1,0.00,
19:37:54,80,5.1,0.0,5.1,0.00,
19:37:55,80,5.1,0.0,5.1,0.00,
19:37:56,80,5.1,0.0,5.1,0.00,
19:37:57,80,5.1,0.0,5.1,0.00,
19:37:58,80,5.1,0.0,5.1,0.00,
19:37:59,80,5.1,0.0,5.1,0.00,
19:38:00,80,5.1,0.0,5.1,0.00,
19:38:01,80,5.1,0.0,5.1,0.00,
19:38:02,80,5.1,0.0,5.1,0.00,
19:38:03,80,5.1,0.0,5.1,0.00,
19:38:04,80,5.1,0.0,5.1,0.00,
19:38:05,80,5.1,0.0,5.1,0.00,
19:38:06,80,5.1,0.0,5.1,0.00,
19:38:07,80,5.1,0.0,5.1,0.00,
19:38:08,80,5.1,0.0,5.1,0.00,
19:38:09,80,5.1,0.0,5.1,0.00,
19:38:11,80,5.1,0.0,5.1,0.00,
19:38:12,80,5.1,0.0,5.1,0.00,
19:38:13,80,5.1,0.0,5.1,0.00,
19:38:14,80,5.1,0.0,5.1,0.00,
19:38:15,80,5.1,0.0,5.1,0.00,
19:38:16,80,5.1,0.0,5.1,0.00,
19:38:17,80,5.1,0.0,5.1,0.00,
19:38:18,80,5.1,0.0,5.1,0.00,
19:38:19,80,5.1,0.0,5.1,0.00,
19:38:20,80,5.1,0.0,5.1,0.00,
19:38:21,80,5.1,0.0,5.1,0.00,
19:38:22,80,5.1,0.0,5.1,0.00,
19:38:23,80,5.1,0.0,5.1,0.00,
19:38:24,80,5.1,0.0,5.1,0.00,
19:38:25,80,5.1,0.0,5.1,0.00,
19:38:26,80,5.1,0.0,5.1,0.00,
19:38:27,80,5.1,0.0,5.1,0.00,
19:38:28,80,5.1,0.0,5.1,0.00,
19:38:29,80,5.1,0.0,5.1,0.00,
19:38:30,80,5.1,0.0,5.1,0.00,
19:38:31,80,5.1,0.0,5.1,0.00,
19:38:32,80,5.1,0.0,5.1,0.00,
19:38:33,80,5.1,0.0,5.1,0.00,
19:38:34,80,5.1,0.0,5.1,0.00,
19:38:36,80,5.1,0.0,5.1,0.00,
19:38:37,80,5.1,0.0,5.1,0.00,
19:38:38,80,5.1,0.0,5.1,0.00,
19:38:39,80,5.1,0.0,5.1,0.00,
19:38:40,80,5.1,0.0,5.1,0.00,
19:38:41,80,5.1,0.0,5.1,0.00,
19:38:42,80,5.1,0.0,5.1,0.00,
19:38:43,80,5.1,0.0,5.1,0.00,
19:38:44,80,5.1,0.0,5.1,0.00,
19:38:45,80,5.1,0.0,5.1,0.00,
19:38:46,80,5.1,0.0,5.1,0.00,
19:38:47,80,5.1,0.0,5.1,0.00,
19:38:48,80,5.1,0.0,5.1,0.00,
19:38:49,80,5.1,0.0,5.1,0.00,
19:38:50,80,5.1,0.0,5.1,0.00,
19:38:51,80,3.2,0.0,3.2,0.00,
19:38:52,80,3.2,0.0,3.2,0.00,
19:38:53,80,3.2,0.0,3.2,0.00,
19:38:54,80,3.2,0.0,3.2,0.00,
19:38:55,80,3.2,0.0,3.2,0.00,
19:38:56,80,3.2,0.0,3.2,0.00,
19:38:57,80,3.2,0.0,3.2,0.00,
19:38:59,80,3.2,0.0,3.2,0.00,
19:39:00,80,3.2,0.0,3.2,0.00,
19:39:01,80,3.2,0.0,3.2,0.00,
19:39:02,80,3.2,0.0,3.2,0.00,
19:39:03,80,3.2,0.0,3.2,0.00,
19:39:04,80,3.2,0.0,3.2,0.00,
19:39:05,80,3.2,0.0,3.2,0.00,
19:39:06,80,3.2,0.0,3.2,0.00,
19:39:07,80,3.2,0.0,3.2,0.00,
19:39:08,80,3.2,0.0,3.2,0.00,
19:39:09,80,3.2,0.0,3.2,0.00,
19:39:10,80,3.2,0.0,3.2,0.00,
19:39:11,80,3.2,0.0,3.2,0.00,
19:39:12,80,3.2,0.0,3.2,0.00,
19:39:13,80,3.2,0.0,3.2,0.00,
19:39:14,80,3.2,0.0,3.2,0.00,
19:39:15,80,3.2,0.0,3.2,0.00,
19:39:16,80,3.2,0.0,3.2,0.00,
19:39:17,80,3.2,0.0,3.2,0.00,
19:39:18,80,3.2,0.0,3.2,0.00,
19:39:19,80,3.2,0.0,3.2,0.00,
19:39:20,80,3.2,0.0,3.2,0.00,
19:39:21,80,3.2,0.0,3.2,0.00,
19:39:23,80,3.2,0.0,3.2,0.00,
19:39:24,80,3.2,0.0,3.2,0.00,
19:39:25,80,3.2,0.0,3.2,0.00,
19:39:26,80,3.2,0.0,3.2,0.00,
19:39:27,80,3.2,0.0,3.2,0.00,
19:39:28,80,3.2,0.0,3.2,0.00,
19:39:29,80,3.2,0.0,3.2,0.00,
19:39:30,80,3.2,0.0,3.2,0.00,
19:39:31,80,3.2,0.0,3.2,0.00,
19:39:32,80,3.2,0.0,3.2,0.00,
19:39:33,80,3.2,0.0,3.2,0.00,
19:39:34,80,3.2,0.0,3.2,0.00,
19:39:35,80,3.2,0.0,3.2,0.00,
19:39:36,80,3.2,0.0,3.2,0.00,
19:39:37,80,3.2,0.0,3.2,0.00,
19:39:38,80,3.2,0.0,3.2,0.00,
19:39:39,80,3.2,0.0,3.2,0.00,
19:39:40,80,3.2,0.0,3.2,0.00,
19:39:41,80,3.2,0.0,3.2,0.00,
19:39:42,80,3.2,0.0,3.2,0.00,
19:39:43,80,3.2,0.0,3.2,0.00,
19:39:45,80,3.2,0.0,3.2,0.00,
19:39:46,80,3.2,0.0,3.2,0.00,
19:39:47,80,3.2,0.0,3.2,0.00,
19:39:48,80,3.2,0.0,3.2,0.00,
19:39:49,80,3.2,0.0,3.2,0.00,
19:39:50,80,3.2,0.0,3.2,0.00,
19:39:51,80,3.3,0.0,3.3,0.00,
19:39:52,80,3.3,0.0,3.3,0.00,
19:39:53,80,3.3,0.0,3.3,0.00,
19:39:54,80,3.3,0.0,3.3,0.00,
19:39:55,80,3.3,0.0,3.3,0.00,
19:39:56,80,3.3,0.0,3.3,0.00,
19:39:57,80,3.3,0.0,3.3,0.00,
19:39:58,80,3.3,0.0,3.3,0.00,
19:39:59,80,3.3,0.0,3.3,0.00,
19:40:00,80,3.3,0.0,3.3,0.00,
19:40:01,80,3.3,0.0,3.3,0.00,
19:40:02,80,3.3,0.0,3.3,0.00,
19:40:03,80,3.3,0.0,3.3,0.00,
19:40:04,80,3.3,0.0,3.3,0.00,
19:40:05,80,3.3,0.0,3.3,0.00,
19:40:06,80,3.3,0.0,3.3,0.00,
19:40:07,80,3.3,0.0,3.3,0.00,
19:40:09,80,3.3,0.0,3.3,0.00,
19:40:10,80,3.3,0.0,3.3,0.00,
19:40:11,80,3.3,0.0,3.3,0.00,
19:40:12,80,3.3,0.0,3.3,0.00,
19:40:13,80,3.3,0.0,3.3,0.00,
19:40:14,80,3.3,0.0,3.3,0.00,
19:40:15,80,3.3,0.0,3.3,0.00,
19:40:16,80,3.3,0.0,3.3,0.00,
19:40:17,80,3.3,0.0,3.3,0.00,
19:40:18,80,3.3,0.0,3.3,0.00,
19:40:19,80,3.3,0.0,3.3,0.00,
19:40:20,80,3.3,0.0,3.3,0.00,
19:40:21,80,3.3,0.0,3.3,0.00,
19:40:22,80,3.3,0.0,3.3,0.00,
19:40:23,80,3.3,0.0,3.3,0.00,
19:40:24,80,3.3,0.0,3.3,0.00,
19:40:25,80,3.3,0.0,3.3,0.00,
19:40:26,80,3.3,0.0,3.3,0.00,
19:40:27,80,3.3,0.0,3.3,0.00,
19:40:28,80,3.3,0.0,3.3,0.00,
19:40:29,80,3.3,0.0,3.3,0.00,
19:40:30,80,3.3,0.0,3.3,0.00,
19:40:31,80,3.3,0.0,3.3,0.00,
19:40:33,80,3.3,0.0,3.3,0.00,
19:40:34,80,3.3,0.0,3.3,0.00,
19:40:35,80,3.3,0.0,3.3,0.00,
19:40:36,80,3.3,0.0,3.3,0.00,
19:40:37,80,3.3,0.0,3.3,0.00,
19:40:38,80,3.3,0.0,3.3,0.00,
19:40:39,80,3.3,0.0,3.3,0.00,
19:40:40,80,3.3,0.0,3.3,0.00,
19:40:41,80,3.3,0.0,3.3,0.00,
19:40:42,80,3.3,0.0,3.3,0.00,
19:40:43,80,3.3,0.0,3.3,0.00,
19:40:44,80,3.3,0.0,3.3,0.00,
19:40:45,80,3.3,0.0,3.3,0.00,
19:40:46,80,3.3,0.0,3.3,0.00,
19:40:47,80,3.3,0.0,3.3,0.00,
19:40:48,80,3.3,0.0,3.3,0.00,
19:40:49,80,3.3,0.0,3.3,0.00,
19:40:50,80,3.3,0.0,3.3,0.00,
19:40:51,80,3.2,0.0,3.2,0.00,
19:40:52,80,3.2,0.0,3.2,0.00,
19:40:53,80,3.2,0.0,3.2,0.00,
19:40:54,80,3.2,0.0,3.2,0.00,
19:40:56,80,3.2,0.0,3.2,0.00,
19:40:57,80,3.2,0.0,3.2,0.00,
19:40:58,80,3.2,0.0,3.2,0.00,
19:40:59,80,3.2,0.0,3.2,0.00,
19:41:00,80,3.2,0.0,3.2,0.00,
19:41:01,80,3.2,0.0,3.2,0.00,
19:41:02,80,3.2,0.0,3.2,0.00,
19:41:03,80,3.2,0.0,3.2,0.00,
19:41:04,80,3.2,0.0,3.2,0.00,
19:41:05,80,3.2,0.0,3.2,0.00,
19:41:06,80,3.2,0.0,3.2,0.00,
19:41:07,80,3.2,0.0,3.2,0.00,
19:41:08,80,3.2,0.0,3.2,0.00,
19:41:09,80,3.2,0.0,3.2,0.00,
19:41:10,80,3.2,0.0,3.2,0.00,
19:41:11,80,3.2,0.0,3.2,0.00,
19:41:12,80,3.2,0.0,3.2,0.00,
19:41:13,80,3.2,0.0,3.2,0.00,
19:41:14,80,3.2,0.0,3.2,0.00,
19:41:15,80,3.2,0.0,3.2,0.00,
19:41:16,80,3.2,0.0,3.2,0.00,
19:41:17,80,3.2,0.0,3.2,0.00,
19:41:19,80,3.2,0.0,3.2,0.00,
19:41:20,80,3.2,0.0,3.2,0.00,
19:41:21,80,3.2,0.0,3.2,0.00,
19:41:22,80,3.2,0.0,3.2,0.00,
19:41:23,80,3.2,0.0,3.2,0.00,
19:41:24,80,3.2,0.0,3.2,0.00,
19:41:25,80,3.2,0.0,3.2,0.00,
19:41:26,80,3.2,0.0,3.2,0.00,
19:41:27,80,3.2,0.0,3.2,0.00,
19:41:28,80,3.2,0.0,3.2,0.00,
19:41:29,80,3.2,0.0,3.2,0.00,
19:41:30,80,3.2,0.0,3.2,0.00,
19:41:31,80,3.2,0.0,3.2,0.00,
19:41:32,80,3.2,0.0,3.2,0.00,
19:41:33,80,3.2,0.0,3.2,0.00,
19:41:34,80,3.2,0.0,3.2,0.00,
19:41:35,80,3.2,0.0,3.2,0.00,
19:41:36,80,3.2,0.0,3.2,0.00,
19:41:37,80,3.2,0.0,3.2,0.00,
19:41:38,80,3.2,0.0,3.2,0.00,
19:41:39,80,3.2,0.0,3.2,0.00,
19:41:40,80,3.2,0.0,3.2,0.00,
19:41:41,80,3.2,0.0,3.2,0.00,
19:41:43,80,3.2,0.0,3.2,0.00,
19:41:44,80,3.2,0.0,3.2,0.00,
19:41:45,80,3.2,0.0,3.2,0.00,
19:41:46,80,3.2,0.0,3.2,0.00,
19:41:47,80,3.2,0.0,3.2,0.00,
19:41:48,80,3.2,0.0,3.2,0.00,
19:41:49,80,3.2,0.0,3.2,0.00,
19:41:50,80,3.2,0.0,3.2,0.00,
19:41:51,80,3.1,0.0,3.1,0.00,
19:41:52,80,3.1,0.0,3.1,0.00,
19:41:53,80,3.1,0.0,3.1,0.00,
19:41:54,80,3.1,0.0,3.1,0.00,
19:41:55,80,3.1,0.0,3.1,0.00,
19:41:56,80,3.1,0.0,3.1,0.00,
19:41:57,80,3.1,0.0,3.1,0.00,
19:41:58,80,3.1,0.0,3.1,0.00,
19:41:59,80,3.1,0.0,3.1,0.00,
19:42:00,80,3.1,0.0,3.1,0.00,
19:42:01,80,3.1,0.0,3.1,0.00,
19:42:02,80,3.1,0.0,3.1,0.00,
19:42:03,80,3.1,0.0,3.1,0.00,
19:42:04,80,3.1,0.0,3.1,0.00,
19:42:06,80,3.1,0.0,3.1,0.00,
19:42:07,80,3.1,0.0,3.1,0.00,
19:42:08,80,3.1,0.0,3.1,0.00,
19:42:09,80,3.1,0.0,3.1,0.00,
19:42:10,80,3.1,0.0,3.1,0.00,
19:42:11,80,3.1,0.0,3.1,0.00,
19:42:12,80,3.1,0.0,3.1,0.00,
19:42:13,80,3.1,0.0,3.1,0.00,
19:42:14,80,3.1,0.0,3.1,0.00,
19:42:15,80,3.1,0.0,3.1,0.00,
19:42:16,80,3.1,0.0,3.1,0.00,
19:42:17,80,3.1,0.0,3.1,0.00,
19:42:18,80,3.1,0.0,3.1,0.00,
19:42:19,80,3.1,0.0,3.1,0.00,
19:42:20,80,3.1,0.0,3.1,0.00,
19:42:21,80,3.1,0.0,3.1,0.00,
19:42:22,80,3.1,0.0,3.1,0.00,
19:42:23,80,3.1,0.0,3.1,0.00,
19:42:24,80,3.1,0.0,3.1,0.00,
19:42:25,80,3.1,0.0,3.1,0.00,
19:42:26,80,3.1,0.0,3.1,0.00,
19:42:27,80,3.1,0.0,3.1,0.00,
19:42:28,80,3.1,0.0,3.1,0.00,
19:42:30,80,3.1,0.0,3.1,0.00,
19:42:31,80,3.1,0.0,3.1,0.00,
19:42:32,80,3.1,0.0,3.1,0.00,
19:42:33,80,3.1,0.0,3.1,0.00,
19:42:34,80,3.1,0.0,3.1,0.00,
19:42:35,80,3.1,0.0,3.1,0.00,
19:42:36,80,3.1,0.0,3.1,0.00,
19:42:37,80,3.1,0.0,3.1,0.00,
19:42:38,80,3.1,0.0,3.1,0.00,
19:42:39,80,3.1,0.0,3.1,0.00,
19:42:40,80,3.1,0.0,3.1,0.00,
19:42:41,80,3.1,0.0,3.1,0.00,
19:42:42,80,3.1,0.0,3.1,0.00,
19:42:43,80,3.1,0.0,3.1,0.00,
19:42:44,80,3.1,0.0,3.1,0.00,
19:42:45,80,3.1,0.0,3.1,0.00,
19:42:46,80,3.1,0.0,3.1,0.00,
19:42:47,80,3.1,0.0,3.1,0.00,
19:42:48,80,3.1,0.0,3.1,0.00,
19:42:49,80,3.1,0.0,3.1,0.00,
19:42:50,80,3.1,0.0,3.1,0.00,
19:42:51,80,3.2,0.0,3.2,0.00,
19:42:52,80,3.2,0.0,3.2,0.00,
19:42:54,80,3.2,0.0,3.2,0.00,
19:42:55,80,3.2,0.0,3.2,0.00,
19:42:56,80,3.2,0.0,3.2,0.00,
19:42:57,80,3.2,0.0,3.2,0.00,
19:42:58,80,3.2,0.0,3.2,0.00,
19:42:59,80,3.2,0.0,3.2,0.00,
19:43:00,80,3.2,0.0,3.2,0.00,
19:43:01,80,3.2,0.0,3.2,0.00,
19:43:02,80,3.2,0.0,3.2,0.00,
19:43:03,80,3.2,0.0,3.2,0.00,
19:43:04,80,3.2,0.0,3.2,0.00,
19:43:05,80,3.2,0.0,3.2,0.00,
19:43:06,80,3.2,0.0,3.2,0.00,
19:43:07,80,3.2,0.0,3.2,0.00,
19:43:08,80,3.2,0.0,3.2,0.00,
19:43:09,80,3.2,0.0,3.2,0.00,
19:43:10,80,3.2,0.0,3.2,0.00,
19:43:11,80,3.2,0.0,3.2,0.00,
19:43:12,80,3.2,0.0,3.2,0.00,
19:43:13,80,3.2,0.0,3.2,0.00,
19:43:14,80,3.2,0.0,3.2,0.00,
19:43:15,80,3.2,0.0,3.2,0.00,
19:43:17,80,3.2,0.0,3.2,0.00,
19:43:18,80,3.2,0.0,3.2,0.00,
19:43:19,80,3.2,0.0,3.2,0.00,
19:43:20,80,3.2,0.0,3.2,0.00,
19:43:21,80,3.2,0.0,3.2,0.00,
19:43:22,80,3.2,0.0,3.2,0.00,
19:43:23,80,3.2,0.0,3.2,0.00,
19:43:24,80,3.2,0.0,3.2,0.00,
19:43:25,80,3.2,0.0,3.2,0.00,
19:43:26,80,3.2,0.0,3.2,0.00,
19:43:27,80,3.2,0.0,3.2,0.00,
19:43:28,80,3.2,0.0,3.2,0.00,
19:43:29,80,3.2,0.0,3.2,0.00,
19:43:30,80,3.2,0.0,3.2,0.00,
19:43:31,80,3.2,0.0,3.2,0.00,
19:43:32,80,3.2,0.0,3.2,0.00,
19:43:33,80,3.2,0.0,3.2,0.00,
19:43:34,80,3.2,0.0,3.2,0.00,
19:43:35,80,3.2,0.0,3.2,0.00,
19:43:36,80,3.2,0.0,3.2,0.00,
19:43:37,80,3.2,0.0,3.2,0.00,
19:43:38,80,3.2,0.0,3.2,0.00,
19:43:39,80,3.2,0.0,3.2,0.00,
19:43:40,80,3.2,0.0,3.2,0.00,
19:43:42,80,3.2,0.0,3.2,0.00,
19:43:43,80,3.2,0.0,3.2,0.00,
19:43:44,80,3.2,0.0,3.2,0.00,
19:43:45,80,3.2,0.0,3.2,0.00,
19:43:46,80,3.2,0.0,3.2,0.00,
19:43:47,80,3.2,0.0,3.2,0.00,
19:43:48,80,3.2,0.0,3.2,0.00,
19:43:49,80,3.2,0.0,3.2,0.00,
19:43:50,80,3.2,0.0,3.2,0.00,
19:43:51,80,3.0,0.0,3.0,0.00,
19:43:52,80,3.0,0.0,3.0,0.00,
19:43:53,80,3.0,0.0,3.0,0.00,
19:43:54,80,3.0,0.0,3.0,0.00,
19:43:55,80,3.0,0.0,3.0,0.00,
19:43:56,80,3.0,0.0,3.0,0.00,
19:43:57,80,3.0,0.0,3.0,0.00,
19:43:58,80,3.0,0.0,3.0,0.00,
19:43:59,80,3.0,0.0,3.0,0.00,
19:44:00,80,3.0,0.0,3.0,0.00,
19:44:01,80,3.0,0.0,3.0,0.00,
19:44:02,80,3.0,0.0,3.0,0.00,
19:44:03,80,3.0,0.0,3.0,0.00,
19:44:05,80,3.0,0.0,3.0,0.00,
19:44:06,80,3.0,0.0,3.0,0.00,
19:44:07,80,3.0,0.0,3.0,0.00,
19:44:08,80,3.0,0.0,3.0,0.00,
19:44:09,80,3.0,0.0,3.0,0.00,
19:44:10,80,3.0,0.0,3.0,0.00,
19:44:11,80,3.0,0.0,3.0,0.00,
19:44:12,80,3.0,0.0,3.0,0.00,
19:44:13,80,3.0,0.0,3.0,0.00,
19:44:14,80,3.0,0.0,3.0,0.00,
19:44:15,80,3.0,0.0,3.0,0.00,
19:44:16,80,3.0,0.0,3.0,0.00,
19:44:17,80,3.0,0.0,3.0,0.00,
19:44:18,80,3.0,0.0,3.0,0.00,
19:44:19,80,3.0,0.0,3.0,0.00,
19:44:20,80,3.0,0.0,3.0,0.00,
19:44:21,80,3.0,0.0,3.0,0.00,
19:44:22,80,3.0,0.0,3.0,0.00,
19:44:23,80,3.0,0.0,3.0,0.00,
19:44:24,80,3.0,0.0,3.0,0.00,
19:44:25,80,3.0,0.0,3.0,0.00,
19:44:26,80,3.0,0.0,3.0,0.00,
19:44:27,80,3.0,0.0,3.0,0.00,
19:44:29,80,3.0,0.0,3.0,0.00,
19:44:30,80,3.0,0.0,3.0,0.00,
19:44:31,80,3.0,0.0,3.0,0.00,
19:44:32,80,3.0,0.0,3.0,0.00,
19:44:33,80,3.0,0.0,3.0,0.00,
19:44:34,80,3.0,0.0,3.0,0.00,
19:44:35,80,3.0,0.0,3.0,0.00,
19:44:36,80,3.0,0.0,3.0,0.00,
19:44:37,80,3.0,0.0,3.0,0.00,
19:44:38,80,3.0,0.0,3.0,0.00,
19:44:39,80,3.0,0.0,3.0,0.00,
19:44:40,80,3.0,0.0,3.0,0.00,
19:44:41,80,3.0,0.0,3.0,0.00,
19:44:42,80,3.0,0.0,3.0,0.00,
19:44:43,80,3.0,0.0,3.0,0.00,
19:44:44,80,3.0,0.0,3.0,0.00,
19:44:45,80,3.0,0.0,3.0,0.00,
19:44:46,80,3.0,0.0,3.0,0.00,
19:44:47,80,3.0,0.0,3.0,0.00,
19:44:48,80,3.0,0.0,3.0,0.00,
19:44:49,80,3.0,0.0,3.0,0.00,
19:44:50,80,3.0,0.0,3.0,0.00,
19:44:51,80,3.1,0.0,3.1,0.00,
19:44:53,80,3.1,0.0,3.1,0.00,
19:44:54,80,3.1,0.0,3.1,0.00,
19:44:55,80,3.1,0.0,3.1,0.00,
19:44:56,80,3.1,0.0,3.1,0.00,
19:44:57,80,3.1,0.0,3.1,0.00,
19:44:58,80,3.1,0.0,3.1,0.00,
19:44:59,80,3.1,0.0,3.1,0.00,
19:45:00,80,3.1,0.0,3.1,0.00,
19:45:01,80,3.1,0.0,3.1,0.00,
19:45:02,80,3.1,0.0,3.1,0.00,
19:45:03,80,3.1,0.0,3.1,0.00,
19:45:04,80,3.1,0.0,3.1,0.00,
19:45:05,80,3.1,0.0,3.1,0.00,
19:45:06,80,3.1,0.0,3.1,0.00,
19:45:07,80,3.1,0.0,3.1,0.00,
19:45:08,80,3.1,0.0,3.1,0.00,
19:45:09,80,3.1,0.0,3.1,0.00,
19:45:10,80,3.1,0.0,3.1,0.00,
19:45:11,80,3.1,0.0,3.1,0.00,
19:45:12,80,3.1,0.0,3.1,0.00,
19:45:13,80,3.1,0.0,3.1,0.00,
19:45:14,80,3.1,0.0,3.1,0.00,
19:45:16,80,3.1,0.0,3.1,0.00,
19:45:17,80,3.1,0.0,3.1,0.00,
19:45:18,80,3.1,0.0,3.1,0.00,
19:45:19,80,3.1,0.0,3.1,0.00,
19:45:20,80,3.1,0.0,3.1,0.00,
19:45:21,80,3.1,0.0,3.1,0.00,
19:45:22,80,3.1,0.0,3.1,0.00,
19:45:23,80,3.1,0.0,3.1,0.00,
19:45:24,80,3.1,0.0,3.1,0.00,
19:45:25,80,3.1,0.0,3.1,0.00,
19:45:26,80,3.1,0.0,3.1,0.00,
19:45:27,80,3.1,0.0,3.1,0.00,
19:45:28,80,3.1,0.0,3.1,0.00,
19:45:29,80,3.1,0.0,3.1,0.00,
19:45:30,80,3.1,0.0,3.1,0.00,
19:45:31,80,3.1,0.0,3.1,0.00,
19:45:32,80,3.1,0.0,3.1,0.00,
19:45:33,80,3.1,0.0,3.1,0.00,
19:45:34,80,3.1,0.0,3.1,0.00,
19:45:35,80,3.1,0.0,3.1,0.00,
19:45:36,80,3.1,0.0,3.1,0.00,
19:45:37,80,3.1,0.0,3.1,0.00,
19:45:39,80,3.1,0.0,3.1,0.00,
19:45:40,80,3.1,0.0,3.1,0.00,
19:45:41,80,3.1,0.0,3.1,0.00,
19:45:42,80,3.1,0.0,3.1,0.00,
19:45:43,80,3.1,0.0,3.1,0.00,
19:45:44,80,3.1,0.0,3.1,0.00,
19:45:45,80,3.1,0.0,3.1,0.00,
19:45:46,80,3.1,0.0,3.1,0.00,
19:45:47,80,3.1,0.0,3.1,0.00,
19:45:48,80,3.1,0.0,3.1,0.00,
19:45:49,80,3.1,0.0,3.1,0.00,
19:45:50,80,3.1,0.0,3.1,0.00,
19:45:51,80,3.1,0.0,3.1,0.00,
19:45:52,80,3.1,0.0,3.1,0.00,
19:45:53,80,3.1,0.0,3.1,0.00,
19:45:54,80,3.1,0.0,3.1,0.00,
19:45:55,80,3.1,0.0,3.1,0.00,
19:45:56,80,3.1,0.0,3.1,0.00,
19:45:57,80,3.1,0.0,3.1,0.00,
19:45:58,80,3.1,0.0,3.1,0.00,
19:45:59,80,3.1,0.0,3.1,0.00,
19:46:00,80,3.1,0.0,3.1,0.00,
19:46:01,80,3.1,0.0,3.1,0.00,
19:46:03,80,3.1,0.0,3.1,0.00,
19:46:04,80,3.1,0.0,3.1,0.00,
19:46:05,80,3.1,0.0,3.1,0.00,
19:46:06,80,3.1,0.0,3.1,0.00,
19:46:07,80,3.1,0.0,3.1,0.00,
19:46:08,80,3.1,0.0,3.1,0.00,
19:46:09,80,3.1,0.0,3.1,0.00,
19:46:10,80,3.1,0.0,3.1,0.00,
19:46:11,80,3.1,0.0,3.1,0.00,
19:46:12,80,3.1,0.0,3.1,0.00,
19:46:13,80,3.1,0.0,3.1,0.00,
19:46:14,80,3.1,0.0,3.1,0.00,
19:46:15,80,3.1,0.0,3.1,0.00,
19:46:16,80,3.1,0.0,3.1,0.00,
19:46:17,80,3.1,0.0,3.1,0.00,
19:46:18,80,3.1,0.0,3.1,0.00,
19:46:19,80,3.1,0.0,3.1,0.00,
19:46:20,80,3.1,0.0,3.1,0.00,
19:46:21,80,3.1,0.0,3.1,0.00,
19:46:22,80,3.1,0.0,3.1,0.00,
19:46:23,80,3.1,0.0,3.1,0.00,
19:46:24,80,3.1,0.0,3.1,0.00,
19:46:26,80,3.1,0.0,3.1,0.00,
19:46:27,80,3.1,0.0,3.1,0.00,
19:46:28,80,3.1,0.0,3.1,0.00,
19:46:29,80,3.1,0.0,3.1,0.00,
19:46:30,80,3.1,0.0,3.1,0.00,
19:46:31,80,3.1,0.0,3.1,0.00,
19:46:32,80,3.1,0.0,3.1,0.00,
19:46:33,80,3.1,0.0,3.1,0.00,
19:46:34,80,3.1,0.0,3.1,0.00,
19:46:35,80,3.1,0.0,3.1,0.00,
19:46:36,80,3.1,0.0,3.1,0.00,
19:46:37,80,3.1,0.0,3.1,0.00,
19:46:38,80,3.1,0.0,3.1,0.00,
19:46:39,80,3.1,0.0,3.1,0.00,
19:46:40,80,3.1,0.0,3.1,0.00,
19:46:41,80,3.1,0.0,3.1,0.00,
19:46:42,80,3.1,0.0,3.1,0.00,
19:46:43,80,3.1,0.0,3.1,0.00,
19:46:44,80,3.1,0.0,3.1,0.00,
19:46:45,80,3.1,0.0,3.1,0.00,
19:46:46,80,3.1,0.0,3.1,0.00,
19:46:47,80,3.1,0.0,3.1,0.00,
19:46:48,80,3.1,0.0,3.1,0.00,
19:46:50,80,3.1,0.0,3.1,0.00,
19:46:51,80,3.1,0.0,3.1,0.00,
19:46:52,80,3.1,0.0,3.1,0.00,
19:46:53,80,3.1,0.0,3.1,0.00,
19:46:54,80,3.1,0.0,3.1,0.00,
19:46:55,80,3.1,0.0,3.1,0.00,
19:46:56,80,3.1,0.0,3.1,0.00,
19:46:57,80,3.1,0.0,3.1,0.00,
19:46:58,80,3.1,0.0,3.1,0.00,
19:46:59,80,3.1,0.0,3.1,0.00,
19:47:00,80,3.1,0.0,3.1,0.00,
19:47:01,80,3.1,0.0,3.1,0.00,
19:47:02,80,3.1,0.0,3.1,0.00,
19:47:03,80,3.1,0.0,3.1,0.00,
19:47:04,80,3.1,0.0,3.1,0.00,
19:47:05,80,3.1,0.0,3.1,0.00,
19:47:06,80,3.1,0.0,3.1,0.00,
19:47:07,80,3.1,0.0,3.1,0.00,
19:47:08,80,3.1,0.0,3.1,0.00,
19:47:09,80,3.1,0.0,3.1,0.00,
19:47:10,80,3.1,0.0,3.1,0.00,
19:47:11,80,3.1,0.0,3.1,0.00,
19:47:13,80,3.1,0.0,3.1,0.00,
19:47:14,80,3.1,0.0,3.1,0.00,
19:47:15,80,3.1,0.0,3.1,0.00,
19:47:16,80,3.1,0.0,3.1,0.00,
19:47:17,80,3.1,0.0,3.1,0.00,
19:47:18,80,3.1,0.0,3.1,0.00,
19:47:19,80,3.1,0.0,3.1,0.00,
19:47:20,80,3.1,0.0,3.1,0.00,
19:47:21,80,3.1,0.0,3.1,0.00,
19:47:22,80,3.1,0.0,3.1,0.00,
19:47:23,80,3.1,0.0,3.1,0.00,
19:47:24,80,3.1,0.0,3.1,0.00,
19:47:25,80,3.1,0.0,3.1,0.00,
19:47:26,80,3.1,0.0,3.1,0.00,
19:47:27,80,3.1,0.0,3.1,0.00,
19:47:28,80,3.1,0.0,3.1,0.00,
19:47:29,80,3.1,0.0,3.1,0.00,
19:47:30,80,3.1,0.0,3.1,0.00,
19:47:31,80,3.1,0.0,3.1,0.00,
19:47:32,80,3.1,0.0,3.1,0.00,
19:47:33,80,3.1,0.0,3.1,0.00,
19:47:34,80,3.1,0.0,3.1,0.00,
19:47:36,80,3.1,0.0,3.1,0.00,
19:47:37,80,3.1,0.0,3.1,0.00,
19:47:38,80,3.1,0.0,3.1,0.00,
19:47:39,80,3.1,0.0,3.1,0.00,
19:47:40,80,3.1,0.0,3.1,0.00,
19:47:41,80,3.1,0.0,3.1,0.00,
19:47:42,80,3.1,0.0,3.1,0.00,
19:47:43,80,3.1,0.0,3.1,0.00,
19:47:44,80,3.1,0.0,3.1,0.00,
19:47:45,80,3.1,0.0,3.1,0.00,
19:47:46,80,3.1,0.0,3.1,0.00,
19:47:47,80,3.1,0.0,3.1,0.00,
19:47:48,80,3.1,0.0,3.1,0.00,
19:47:49,80,3.1,0.0,3.1,0.00,
19:47:50,80,3.1,0.0,3.1,0.00,
19:47:51,80,7.7,0.0,7.7,0.00,
19:47:52,80,7.7,0.0,7.7,0.00,
19:47:53,80,7.7,0.0,7.7,0.00,
19:47:54,80,7.7,0.0,7.7,0.00,
19:47:55,80,7.7,0.0,7.7,0.00,
19:47:56,80,7.7,0.0,7.7,0.00,
19:47:57,80,7.7,0.0,7.7,0.00,
19:47:58,80,7.7,0.0,7.7,0.00,
19:47:59,80,7.7,0.0,7.7,0.00,
19:48:01,80,7.7,0.0,7.7,0.00,
19:48:02,80,7.7,0.0,7.7,0.00,
19:48:03,80,7.7,0.0,7.7,0.00,
19:48:04,80,7.7,0.0,7.7,0.00,
19:48:05,80,7.7,0.0,7.7,0.00,
19:48:06,80,7.7,0.0,7.7,0.00,
19:48:07,80,7.7,0.0,7.7,0.00,
19:48:08,80,7.7,0.0,7.7,0.00,
19:48:09,80,7.7,0.0,7.7,0.00,
19:48:10,80,7.7,0.0,7.7,0.00,
19:48:11,80,7.7,0.0,7.7,0.00,
19:48:12,80,7.7,0.0,7.7,0.00,
19:48:13,80,7.7,0.0,7.7,0.00,
19:48:14,80,7.7,0.0,7.7,0.00,
19:48:15,80,7.7,0.0,7.7,0.00,
19:48:16,80,7.7,0.0,7.7,0.00,
19:48:17,80,7.7,0.0,7.7,0.00,
19:48:18,80,7.7,0.0,7.7,0.00,
19:48:19,80,7.7,0.0,7.7,0.00,
19:48:20,80,7.7,0.0,7.7,0.00,
19:48:21,80,7.7,0.0,7.7,0.00,
19:48:22,80,7.7,0.0,7.7,0.00,
19:48:23,80,7.7,0.0,7.7,0.00,
19:48:25,80,7.7,0.0,7.7,0.00,
19:48:26,80,7.7,0.0,7.7,0.00,
19:48:27,80,7.7,0.0,7.7,0.00,
19:48:28,80,7.7,0.0,7.7,0.00,
19:48:29,80,7.7,0.0,7.7,0.00,
19:48:30,80,7.7,0.0,7.7,0.00,
19:48:31,80,7.7,0.0,7.7,0.00,
19:48:32,80,7.7,0.0,7.7,0.00,
19:48:33,80,7.7,0.0,7.7,0.00,
19:48:34,80,7.7,0.0,7.7,0.00,
19:48:35,80,7.7,0.0,7.7,0.00,
19:48:36,80,7.7,0.0,7.7,0.00,
19:48:37,80,7.7,0.0,7.7,0.00,
19:48:38,80,7.7,0.0,7.7,0.00,
19:48:39,80,7.7,0.0,7.7,0.00,
19:48:40,80,7.7,0.0,7.7,0.00,
19:48:41,80,7.7,0.0,7.7,0.00,
19:48:42,80,7.7,0.0,7.7,0.00,
19:48:43,80,7.7,0.0,7.7,0.00,
19:48:44,80,7.7,0.0,7.7,0.00,
19:48:45,80,7.7,0.0,7.7,0.00,
19:48:46,80,7.7,0.0,7.7,0.00,
19:48:48,80,7.7,0.0,7.7,0.00,
19:48:49,80,7.7,0.0,7.7,0.00,
19:48:50,80,7.7,0.0,7.7,0.00,
19:48:51,80,3.1,0.0,3.1,0.00,
19:48:52,80,3.1,0.0,3.1,0.00,
19:48:53,80,3.1,0.0,3.1,0.00,
19:48:54,80,3.1,0.0,3.1,0.00,
19:48:55,80,3.1,0.0,3.1,0.00,
19:48:56,80,3.1,0.0,3.1,0.00,
19:48:57,80,3.1,0.0,3.1,0.00,
19:48:58,80,3.1,0.0,3.1,0.00,
19:48:59,80,3.1,0.0,3.1,0.00,
19:49:00,80,3.1,0.0,3.1,0.00,
19:49:01,80,3.1,0.0,3.1,0.00,
19:49:02,80,3.1,0.0,3.1,0.00,
19:49:03,80,3.1,0.0,3.1,0.00,
19:49:04,80,3.1,0.0,3.1,0.00,
19:49:05,80,3.1,0.0,3.1,0.00,
19:49:06,80,3.1,0.0,3.1,0.00,
19:49:07,80,3.1,0.0,3.1,0.00,
19:49:08,80,3.1,0.0,3.1,0.00,
19:49:09,80,3.1,0.0,3.1,0.00,
19:49:10,80,3.1,0.0,3.1,0.00,
19:49:12,80,3.1,0.0,3.1,0.00,
19:49:13,80,3.1,0.0,3.1,0.00,
19:49:14,80,3.1,0.0,3.1,0.00,
19:49:15,80,3.1,0.0,3.1,0.00,
19:49:16,80,3.1,0.0,3.1,0.00,
19:49:17,80,3.1,0.0,3.1,0.00,
19:49:18,80,3.1,0.0,3.1,0.00,
19:49:19,80,3.1,0.0,3.1,0.00,
19:49:20,80,3.1,0.0,3.1,0.00,
19:49:21,80,3.1,0.0,3.1,0.00,
19:49:22,80,3.1,0.0,3.1,0.00,
19:49:23,80,3.1,0.0,3.1,0.00,
19:49:24,80,3.1,0.0,3.1,0.00,
19:49:25,80,3.1,0.0,3.1,0.00,
19:49:26,80,3.1,0.0,3.1,0.00,
19:49:27,80,3.1,0.0,3.1,0.00,
19:49:28,80,3.1,0.0,3.1,0.00,
19:49:29,80,3.1,0.0,3.1,0.00,
19:49:30,80,3.1,0.0,3.1,0.00,
19:49:31,80,3.1,0.0,3.1,0.00,
19:49:32,80,3.1,0.0,3.1,0.00,
19:49:33,80,3.1,0.0,3.1,0.00,
19:49:35,80,3.1,0.0,3.1,0.00,
19:49:36,80,3.1,0.0,3.1,0.00,
19:49:37,80,3.1,0.0,3.1,0.00,
19:49:38,80,3.1,0.0,3.1,0.00,
19:49:39,80,3.1,0.0,3.1,0.00,
19:49:40,80,3.1,0.0,3.1,0.00,
19:49:41,80,3.1,0.0,3.1,0.00,
19:49:42,80,3.1,0.0,3.1,0.00,
19:49:43,80,3.1,0.0,3.1,0.00,
19:49:44,80,3.1,0.0,3.1,0.00,
19:49:45,80,3.1,0.0,3.1,0.00,
19:49:46,80,3.1,0.0,3.1,0.00,
19:49:47,80,3.1,0.0,3.1,0.00,
19:49:48,80,3.1,0.0,3.1,0.00,
19:49:49,80,3.1,0.0,3.1,0.00,
19:49:50,80,3.1,0.0,3.1,0.00,
19:49:51,80,3.2,0.0,3.2,0.00,
19:49:52,80,3.2,0.0,3.2,0.00,
19:49:53,80,3.2,0.0,3.2,0.00,
19:49:54,80,3.2,0.0,3.2,0.00,
19:49:55,80,3.2,0.0,3.2,0.00,
19:49:56,80,3.2,0.0,3.2,0.00,
19:49:57,80,3.2,0.0,3.2,0.00,
19:49:59,80,3.2,0.0,3.2,0.00,
19:50:00,80,3.2,0.0,3.2,0.00,
19:50:01,80,3.2,0.0,3.2,0.00,
19:50:02,80,3.2,0.0,3.2,0.00,
19:50:03,80,3.2,0.0,3.2,0.00,
19:50:04,80,3.2,0.0,3.2,0.00,
19:50:05,80,3.2,0.0,3.2,0.00,
19:50:06,80,3.2,0.0,3.2,0.00,
19:50:07,80,3.2,0.0,3.2,0.00,
19:50:08,80,3.2,0.0,3.2,0.00,
19:50:09,80,3.2,0.0,3.2,0.00,
19:50:10,80,3.2,0.0,3.2,0.00,
19:50:11,80,3.2,0.0,3.2,0.00,
19:50:12,80,3.2,0.0,3.2,0.00,
19:50:13,80,3.2,0.0,3.2,0.00,
19:50:14,80,3.2,0.0,3.2,0.00,
19:50:15,80,3.2,0.0,3.2,0.00,
19:50:16,80,3.2,0.0,3.2,0.00,
19:50:17,80,3.2,0.0,3.2,0.00,
19:50:18,80,3.2,0.0,3.2,0.00,
19:50:19,80,3.2,0.0,3.2,0.00,
19:50:20,80,3.2,0.0,3.2,0.00,
19:50:21,80,3.2,0.0,3.2,0.00,
19:50:22,80,3.2,0.0,3.2,0.00,
19:50:24,80,3.2,0.0,3.2,0.00,
19:50:25,80,3.2,0.0,3.2,0.00,
19:50:26,80,3.2,0.0,3.2,0.00,
19:50:27,80,3.2,0.0,3.2,0.00,
19:50:28,80,3.2,0.0,3.2,0.00,
19:50:29,80,3.2,0.0,3.2,0.00,
19:50:30,80,3.2,0.0,3.2,0.00,
19:50:31,80,3.2,0.0,3.2,0.00,
19:50:32,80,3.2,0.0,3.2,0.00,
19:50:33,80,3.2,0.0,3.2,0.00,
19:50:34,80,3.2,0.0,3.2,0.00,
19:50:35,80,3.2,0.0,3.2,0.00,
19:50:36,80,3.2,0.0,3.2,0.00,
19:50:37,80,3.2,0.0,3.2,0.00,
19:50:38,80,3.2,0.0,3.2,0.00,
19:50:39,80,3.2,0.0,3.2,0.00,
19:50:40,80,3.2,0.0,3.2,0.00,
19:50:41,80,3.2,0.0,3.2,0.00,
19:50:42,80,3.2,0.0,3.2,0.00,
19:50:43,80,3.2,0.0,3.2,0.00,
19:50:44,80,3.2,0.0,3.2,0.00,
19:50:45,80,3.2,0.0,3.2,0.00,
19:50:47,80,3.2,0.0,3.2,0.00,
19:50:48,80,3.2,0.0,3.2,0.00,
19:50:49,80,3.2,0.0,3.2,0.00,
19:50:50,80,3.2,0.0,3.2,0.00,
19:50:51,80,3.3,0.0,3.3,0.00,
19:50:52,80,3.3,0.0,3.3,0.00,
19:50:53,80,3.3,0.0,3.3,0.00,
19:50:54,80,3.3,0.0,3.3,0.00,
19:50:55,80,3.3,0.0,3.3,0.00,
19:50:56,80,3.3,0.0,3.3,0.00,
19:50:57,80,3.3,0.0,3.3,0.00,
19:50:58,80,3.3,0.0,3.3,0.00,
19:50:59,80,3.3,0.0,3.3,0.00,
19:51:00,80,3.3,0.0,3.3,0.00,
19:51:01,80,3.3,0.0,3.3,0.00,
19:51:02,80,3.3,0.0,3.3,0.00,
19:51:03,80,3.3,0.0,3.3,0.00,
19:51:04,80,3.3,0.0,3.3,0.00,
19:51:05,80,3.3,0.0,3.3,0.00,
19:51:06,80,3.3,0.0,3.3,0.00,
19:51:07,80,3.3,0.0,3.3,0.00,
19:51:08,80,3.3,0.0,3.3,0.00,
19:51:10,80,3.3,0.0,3.3,0.00,
19:51:11,80,3.3,0.0,3.3,0.00,
19:51:12,80,3.3,0.0,3.3,0.00,
19:51:13,80,3.3,0.0,3.3,0.00,
19:51:14,80,3.3,0.0,3.3,0.00,
19:51:15,80,3.3,0.0,3.3,0.00,
19:51:16,80,3.3,0.0,3.3,0.00,
19:51:17,80,3.3,0.0,3.3,0.00,
19:51:18,80,3.3,0.0,3.3,0.00,
19:51:19,80,3.3,0.0,3.3,0.00,
19:51:20,80,3.3,0.0,3.3,0.00,
19:51:21,80,3.3,0.0,3.3,0.00,
19:51:22,80,3.3,0.0,3.3,0.00,
19:51:23,80,3.3,0.0,3.3,0.00,
19:51:24,80,3.3,0.0,3.3,0.00,
19:51:25,80,3.3,0.0,3.3,0.00,
19:51:26,80,3.3,0.0,3.3,0.00,
19:51:27,80,3.3,0.0,3.3,0.00,
19:51:28,80,3.3,0.0,3.3,0.00,
19:51:29,80,3.3,0.0,3.3,0.00,
19:51:30,80,3.3,0.0,3.3,0.00,
19:51:31,80,3.3,0.0,3.3,0.00,
19:51:33,80,3.3,0.0,3.3,0.00,
19:51:34,80,3.3,0.0,3.3,0.00,
19:51:35,80,3.3,0.0,3.3,0.00,
19:51:36,80,3.3,0.0,3.3,0.00,
19:51:37,80,3.3,0.0,3.3,0.00,
19:51:38,80,3.3,0.0,3.3,0.00,
19:51:39,80,3.3,0.0,3.3,0.00,
19:51:40,80,3.3,0.0,3.3,0.00,
19:51:41,80,3.3,0.0,3.3,0.00,
19:51:42,80,3.3,0.0,3.3,0.00,
19:51:43,80,3.3,0.0,3.3,0.00,
19:51:44,80,3.3,0.0,3.3,0.00,
19:51:45,80,3.3,0.0,3.3,0.00,
19:51:46,80,3.3,0.0,3.3,0.00,
19:51:47,80,3.3,0.0,3.3,0.00,
19:51:48,80,3.3,0.0,3.3,0.00,
19:51:49,80,3.3,0.0,3.3,0.00,
19:51:50,80,3.3,0.0,3.3,0.00,
19:51:51,80,3.1,0.0,3.1,0.00,
19:51:52,80,3.1,0.0,3.1,0.00,
19:51:53,80,3.1,0.0,3.1,0.00,
19:51:54,80,3.1,0.0,3.1,0.00,
19:51:55,80,3.1,0.0,3.1,0.00,
19:51:57,80,3.1,0.0,3.1,0.00,
19:51:58,80,3.1,0.0,3.1,0.00,
19:51:59,80,3.1,0.0,3.1,0.00,
19:52:00,80,3.1,0.0,3.1,0.00,
19:52:01,80,3.1,0.0,3.1,0.00,
19:52:02,80,3.1,0.0,3.1,0.00,
19:52:03,80,3.1,0.0,3.1,0.00,
19:52:04,80,3.1,0.0,3.1,0.00,
19:52:05,80,3.1,0.0,3.1,0.00,
19:52:06,80,3.1,0.0,3.1,0.00,
19:52:07,80,3.1,0.0,3.1,0.00,
19:52:08,80,3.1,0.0,3.1,0.00,
19:52:09,80,3.1,0.0,3.1,0.00,
19:52:10,80,3.1,0.0,3.1,0.00,
19:52:11,80,3.1,0.0,3.1,0.00,
19:52:12,80,3.1,0.0,3.1,0.00,
19:52:13,80,3.1,0.0,3.1,0.00,
19:52:14,80,3.1,0.0,3.1,0.00,
19:52:15,80,3.1,0.0,3.1,0.00,
19:52:16,80,3.1,0.0,3.1,0.00,
19:52:17,80,3.1,0.0,3.1,0.00,
19:52:19,80,3.1,0.0,3.1,0.00,
19:52:20,80,3.1,0.0,3.1,0.00,
19:52:21,80,3.1,0.0,3.1,0.00,
19:52:22,80,3.1,0.0,3.1,0.00,
19:52:23,80,3.1,0.0,3.1,0.00,
19:52:24,80,3.1,0.0,3.1,0.00,
19:52:25,80,3.1,0.0,3.1,0.00,
19:52:26,80,3.1,0.0,3.1,0.00,
19:52:27,80,3.1,0.0,3.1,0.00,
19:52:28,80,3.1,0.0,3.1,0.00,
19:52:29,80,3.1,0.0,3.1,0.00,
19:52:30,80,3.1,0.0,3.1,0.00,
19:52:31,80,3.1,0.0,3.1,0.00,
19:52:32,80,3.1,0.0,3.1,0.00,
19:52:33,80,3.1,0.0,3.1,0.00,
19:52:34,80,3.1,0.0,3.1,0.00,
19:52:35,80,3.1,0.0,3.1,0.00,
19:52:36,80,3.1,0.0,3.1,0.00,
19:52:37,80,3.1,0.0,3.1,0.00,
19:52:38,80,3.1,0.0,3.1,0.00,
19:52:39,80,3.1,0.0,3.1,0.00,
19:52:40,80,3.1,0.0,3.1,0.00,
19:52:41,80,3.1,0.0,3.1,0.00,
19:52:43,80,3.1,0.0,3.1,0.00,
19:52:44,80,3.1,0.0,3.1,0.00,
19:52:45,80,3.1,0.0,3.1,0.00,
19:52:46,80,3.1,0.0,3.1,0.00,
19:52:47,80,3.1,0.0,3.1,0.00,
19:52:48,80,3.1,0.0,3.1,0.00,
19:52:49,80,3.1,0.0,3.1,0.00,
19:52:50,80,3.1,0.0,3.1,0.00,
19:52:51,80,3.1,0.0,3.1,0.00,
19:52:52,80,3.1,0.0,3.1,0.00,
19:52:53,80,3.1,0.0,3.1,0.00,
19:52:54,80,3.1,0.0,3.1,0.00,
19:52:55,80,3.1,0.0,3.1,0.00,
19:52:56,80,3.1,0.0,3.1,0.00,
19:52:57,80,3.1,0.0,3.1,0.00,
19:52:58,80,3.1,0.0,3.1,0.00,
19:52:59,80,3.1,0.0,3.1,0.00,
19:53:00,80,3.1,0.0,3.1,0.00,
19:53:01,80,3.1,0.0,3.1,0.00,
19:53:02,80,3.1,0.0,3.1,0.00,
19:53:03,80,3.1,0.0,3.1,0.00,
19:53:05,80,3.1,0.0,3.1,0.00,
19:53:06,80,3.1,0.0,3.1,0.00,
19:53:07,80,3.1,0.0,3.1,0.00,
19:53:08,80,3.1,0.0,3.1,0.00,
19:53:09,80,3.1,0.0,3.1,0.00,
19:53:10,80,3.1,0.0,3.1,0.00,
19:53:11,80,3.1,0.0,3.1,0.00,
19:53:12,80,3.1,0.0,3.1,0.00,
19:53:13,80,3.1,0.0,3.1,0.00,
19:53:14,80,3.1,0.0,3.1,0.00,
19:53:15,80,3.1,0.0,3.1,0.00,
19:53:16,80,3.1,0.0,3.1,0.00,
19:53:17,80,3.1,0.0,3.1,0.00,
19:53:18,80,3.1,0.0,3.1,0.00,
19:53:19,80,3.1,0.0,3.1,0.00,
19:53:20,80,3.1,0.0,3.1,0.00,
19:53:21,80,3.1,0.0,3.1,0.00,
19:53:22,80,3.1,0.0,3.1,0.00,
19:53:23,80,3.1,0.0,3.1,0.00,
19:53:24,80,3.1,0.0,3.1,0.00,
19:53:25,80,3.1,0.0,3.1,0.00,
19:53:26,80,3.1,0.0,3.1,0.00,
19:53:27,80,3.1,0.0,3.1,0.00,
19:53:28,80,3.1,0.0,3.1,0.00,
19:53:30,80,3.1,0.0,3.1,0.00,
19:53:31,80,3.1,0.0,3.1,0.00,
19:53:32,80,3.1,0.0,3.1,0.00,
19:53:33,80,3.1,0.0,3.1,0.00,
19:53:34,80,3.1,0.0,3.1,0.00,
19:53:35,80,3.1,0.0,3.1,0.00,
19:53:36,80,3.1,0.0,3.1,0.00,
19:53:37,80,3.1,0.0,3.1,0.00,
19:53:38,80,3.1,0.0,3.1,0.00,
19:53:39,80,3.1,0.0,3.1,0.00,
19:53:40,80,3.1,0.0,3.1,0.00,
19:53:41,80,3.1,0.0,3.1,0.00,
19:53:42,80,3.1,0.0,3.1,0.00,
19:53:43,80,3.1,0.0,3.1,0.00,
19:53:44,80,3.1,0.0,3.1,0.00,
19:53:45,80,3.1,0.0,3.1,0.00,
19:53:46,80,3.1,0.0,3.1,0.00,
19:53:47,80,3.1,0.0,3.1,0.00,
19:53:48,80,3.1,0.0,3.1,0.00,
19:53:49,80,3.1,0.0,3.1,0.00,
19:53:50,80,3.1,0.0,3.1,0.00,
19:53:51,80,3.2,0.0,3.2,0.00,
19:53:52,80,3.2,0.0,3.2,0.00,
19:53:54,80,3.2,0.0,3.2,0.00,
19:53:55,80,3.2,0.0,3.2,0.00,
19:53:56,80,3.2,0.0,3.2,0.00,
19:53:57,80,3.2,0.0,3.2,0.00,
19:53:58,80,3.2,0.0,3.2,0.00,
19:53:59,80,3.2,0.0,3.2,0.00,
19:54:00,80,3.2,0.0,3.2,0.00,
19:54:01,80,3.2,0.0,3.2,0.00,
19:54:02,80,3.2,0.0,3.2,0.00,
19:54:03,80,3.2,0.0,3.2,0.00,
19:54:04,80,3.2,0.0,3.2,0.00,
19:54:05,80,3.2,0.0,3.2,0.00,
19:54:06,80,3.2,0.0,3.2,0.00,
19:54:07,80,3.2,0.0,3.2,0.00,
19:54:08,80,3.2,0.0,3.2,0.00,
19:54:09,80,3.2,0.0,3.2,0.00,
19:54:10,80,3.2,0.0,3.2,0.00,
19:54:11,80,3.2,0.0,3.2,0.00,
19:54:12,80,3.2,0.0,3.2,0.00,
19:54:13,80,3.2,0.0,3.2,0.00,
19:54:14,80,3.2,0.0,3.2,0.00,
19:54:15,80,3.2,0.0,3.2,0.00,
19:54:17,80,3.2,0.0,3.2,0.00,
19:54:18,80,3.2,0.0,3.2,0.00,
19:54:19,80,3.2,0.0,3.2,0.00,
19:54:20,80,3.2,0.0,3.2,0.00,
19:54:21,80,3.2,0.0,3.2,0.00,
19:54:22,80,3.2,0.0,3.2,0.00,
19:54:23,80,3.2,0.0,3.2,0.00,
19:54:24,80,3.2,0.0,3.2,0.00,
19:54:25,80,3.2,0.0,3.2,0.00,
19:54:26,80,3.2,0.0,3.2,0.00,
19:54:27,80,3.2,0.0,3.2,0.00,
19:54:28,80,3.2,0.0,3.2,0.00,
19:54:29,80,3.2,0.0,3.2,0.00,
19:54:30,80,3.2,0.0,3.2,0.00,
19:54:31,80,3.2,0.0,3.2,0.00,
19:54:32,80,3.2,0.0,3.2,0.00,
19:54:33,80,3.2,0.0,3.2,0.00,
19:54:34,80,3.2,0.0,3.2,0.00,
19:54:35,80,3.2,0.0,3.2,0.00,
19:54:36,80,3.2,0.0,3.2,0.00,
19:54:37,80,3.2,0.0,3.2,0.00,
19:54:38,80,3.2,0.0,3.2,0.00,
19:54:39,80,3.2,0.0,3.2,0.00,
19:54:41,80,3.2,0.0,3.2,0.00,
19:54:42,80,3.2,0.0,3.2,0.00,
19:54:43,80,3.2,0.0,3.2,0.00,
19:54:44,80,3.2,0.0,3.2,0.00,
19:54:45,80,3.2,0.0,3.2,0.00,
19:54:46,80,3.2,0.0,3.2,0.00,
19:54:47,80,3.2,0.0,3.2,0.00,
19:54:48,80,3.2,0.0,3.2,0.00,
19:54:49,80,3.2,0.0,3.2,0.00,
19:54:50,80,3.2,0.0,3.2,0.00,
19:54:51,80,3.2,0.0,3.2,0.00,
19:54:52,80,3.2,0.0,3.2,0.00,
19:54:53,80,3.2,0.0,3.2,0.00,
19:54:54,80,3.2,0.0,3.2,0.00,
19:54:55,80,3.2,0.0,3.2,0.00,
19:54:56,80,3.2,0.0,3.2,0.00,
19:54:57,80,3.2,0.0,3.2,0.00,
19:54:58,80,3.2,0.0,3.2,0.00,
19:54:59,80,3.2,0.0,3.2,0.00,
19:55:00,80,3.2,0.0,3.2,0.00,
19:55:01,80,3.2,0.0,3.2,0.00,
19:55:02,80,3.2,0.0,3.2,0.00,
19:55:04,80,3.2,0.0,3.2,0.00,
19:55:05,80,3.2,0.0,3.2,0.00,
19:55:06,80,3.2,0.0,3.2,0.00,
19:55:07,80,3.2,0.0,3.2,0.00,
19:55:08,80,3.2,0.0,3.2,0.00,
19:55:09,80,3.2,0.0,3.2,0.00,
19:55:10,80,3.2,0.0,3.2,0.00,
19:55:11,80,3.2,0.0,3.2,0.00,
19:55:12,80,3.2,0.0,3.2,0.00,
19:55:13,80,3.2,0.0,3.2,0.00,
19:55:14,80,3.2,0.0,3.2,0.00,
19:55:15,80,3.2,0.0,3.2,0.00,
19:55:16,80,3.2,0.0,3.2,0.00,
19:55:17,80,3.2,0.0,3.2,0.00,
19:55:18,80,3.2,0.0,3.2,0.00,
19:55:19,80,3.2,0.0,3.2,0.00,
19:55:20,80,3.2,0.0,3.2,0.00,
19:55:21,80,3.2,0.0,3.2,0.00,
19:55:22,80,3.2,0.0,3.2,0.00,
19:55:23,80,3.2,0.0,3.2,0.00,
19:55:24,80,3.2,0.0,3.2,0.00,
19:55:25,80,3.2,0.0,3.2,0.00,
19:55:26,80,3.2,0.0,3.2,0.00,
19:55:28,80,3.2,0.0,3.2,0.00,
19:55:29,80,3.2,0.0,3.2,0.00,
19:55:30,80,3.2,0.0,3.2,0.00,
19:55:31,80,3.2,0.0,3.2,0.00,
19:55:32,80,3.2,0.0,3.2,0.00,
19:55:33,80,3.2,0.0,3.2,0.00,
19:55:34,80,3.2,0.0,3.2,0.00,
19:55:35,80,3.2,0.0,3.2,0.00,
19:55:36,80,3.2,0.0,3.2,0.00,
19:55:37,80,3.2,0.0,3.2,0.00,
19:55:38,80,3.2,0.0,3.2,0.00,
19:55:39,80,3.2,0.0,3.2,0.00,
19:55:40,80,3.2,0.0,3.2,0.00,
19:55:41,80,3.2,0.0,3.2,0.00,
19:55:42,80,3.2,0.0,3.2,0.00,
19:55:43,80,3.2,0.0,3.2,0.00,
19:55:44,80,3.2,0.0,3.2,0.00,
19:55:45,80,3.2,0.0,3.2,0.00,
19:55:46,80,3.2,0.0,3.2,0.00,
19:55:47,80,3.2,0.0,3.2,0.00,
19:55:48,80,3.2,0.0,3.2,0.00,
19:55:49,80,3.2,0.0,3.2,0.00,
19:55:51,80,3.2,0.0,3.2,0.00,
19:55:52,80,3.1,0.0,3.1,0.00,
19:55:53,80,3.1,0.0,3.1,0.00,
19:55:54,80,3.1,0.0,3.1,0.00,
19:55:55,80,3.1,0.0,3.1,0.00,
19:55:56,80,3.1,0.0,3.1,0.00,
19:55:57,80,3.1,0.0,3.1,0.00,
19:55:58,80,3.1,0.0,3.1,0.00,
19:55:59,80,3.1,0.0,3.1,0.00,
19:56:00,80,3.1,0.0,3.1,0.00,
19:56:01,80,3.1,0.0,3.1,0.00,
19:56:02,80,3.1,0.0,3.1,0.00,
19:56:03,80,3.1,0.0,3.1,0.00,
19:56:04,80,3.1,0.0,3.1,0.00,
19:56:05,80,3.1,0.0,3.1,0.00,
19:56:06,80,3.1,0.0,3.1,0.00,
19:56:07,80,3.1,0.0,3.1,0.00,
19:56:08,80,3.1,0.0,3.1,0.00,
19:56:09,80,3.1,0.0,3.1,0.00,
19:56:10,80,3.1,0.0,3.1,0.00,
19:56:11,80,3.1,0.0,3.1,0.00,
19:56:12,80,3.1,0.0,3.1,0.00,
19:56:14,80,3.1,0.0,3.1,0.00,
19:56:15,80,3.1,0.0,3.1,0.00,
19:56:16,80,3.1,0.0,3.1,0.00,
19:56:17,80,3.1,0.0,3.1,0.00,
19:56:18,80,3.1,0.0,3.1,0.00,
19:56:19,80,3.1,0.0,3.1,0.00,
19:56:20,80,3.1,0.0,3.1,0.00,
19:56:21,80,3.1,0.0,3.1,0.00,
19:56:22,80,3.1,0.0,3.1,0.00,
19:56:23,80,3.1,0.0,3.1,0.00,
19:56:24,80,3.1,0.0,3.1,0.00,
19:56:25,80,3.1,0.0,3.1,0.00,
19:56:26,80,3.1,0.0,3.1,0.00,
19:56:27,80,3.1,0.0,3.1,0.00,
19:56:28,80,3.1,0.0,3.1,0.00,
19:56:29,80,3.1,0.0,3.1,0.00,
19:56:30,80,3.1,0.0,3.1,0.00,
19:56:31,80,3.1,0.0,3.1,0.00,
19:56:32,80,3.1,0.0,3.1,0.00,
19:56:33,80,3.1,0.0,3.1,0.00,
19:56:34,80,3.1,0.0,3.1,0.00,
19:56:35,80,3.1,0.0,3.1,0.00,
19:56:36,80,3.1,0.0,3.1,0.00,
19:56:38,80,3.1,0.0,3.1,0.00,
19:56:39,80,3.1,0.0,3.1,0.00,
19:56:40,80,3.1,0.0,3.1,0.00,
19:56:41,80,3.1,0.0,3.1,0.00,
19:56:42,80,3.1,0.0,3.1,0.00,
19:56:43,80,3.1,0.0,3.1,0.00,
19:56:44,80,3.1,0.0,3.1,0.00,
19:56:45,80,3.1,0.0,3.1,0.00,
19:56:46,80,3.1,0.0,3.1,0.00,
19:56:47,80,3.1,0.0,3.1,0.00,
19:56:48,80,3.1,0.0,3.1,0.00,
19:56:49,80,3.1,0.0,3.1,0.00,
19:56:50,80,3.1,0.0,3.1,0.00,
19:56:51,80,3.2,0.0,3.2,0.00,
19:56:52,80,3.2,0.0,3.2,0.00,
19:56:53,80,3.2,0.0,3.2,0.00,
19:56:54,80,3.2,0.0,3.2,0.00,
19:56:55,80,3.2,0.0,3.2,0.00,
19:56:56,80,3.2,0.0,3.2,0.00,
19:56:57,80,3.2,0.0,3.2,0.00,
19:56:58,80,3.2,0.0,3.2,0.00,
19:56:59,80,3.2,0.0,3.2,0.00,
19:57:01,80,3.2,0.0,3.2,0.00,
19:57:02,80,3.2,0.0,3.2,0.00,
19:57:03,80,3.2,0.0,3.2,0.00,
19:57:04,80,3.2,0.0,3.2,0.00,
19:57:05,80,3.2,0.0,3.2,0.00,
19:57:06,80,3.2,0.0,3.2,0.00,
19:57:07,80,3.2,0.0,3.2,0.00,
19:57:08,80,3.2,0.0,3.2,0.00,
19:57:09,80,3.2,0.0,3.2,0.00,
19:57:10,80,3.2,0.0,3.2,0.00,
19:57:11,80,3.2,0.0,3.2,0.00,
19:57:12,80,3.2,0.0,3.2,0.00,
19:57:13,80,3.2,0.0,3.2,0.00,
19:57:14,80,3.2,0.0,3.2,0.00,
19:57:15,80,3.2,0.0,3.2,0.00,
19:57:16,80,3.2,0.0,3.2,0.00,
19:57:17,80,3.2,0.0,3.2,0.00,
19:57:18,80,3.2,0.0,3.2,0.00,
19:57:19,80,3.2,0.0,3.2,0.00,
19:57:20,80,3.2,0.0,3.2,0.00,
19:57:21,80,3.2,0.0,3.2,0.00,
19:57:23,80,3.2,0.0,3.2,0.00,
19:57:24,80,3.2,0.0,3.2,0.00,
19:57:25,80,3.2,0.0,3.2,0.00,
19:57:26,80,3.2,0.0,3.2,0.00,
19:57:27,80,3.2,0.0,3.2,0.00,
19:57:28,80,3.2,0.0,3.2,0.00,
19:57:29,80,3.2,0.0,3.2,0.00,
19:57:30,80,3.2,0.0,3.2,0.00,
19:57:31,80,3.2,0.0,3.2,0.00,
19:57:32,80,3.2,0.0,3.2,0.00,
19:57:33,80,3.2,0.0,3.2,0.00,
19:57:34,80,3.2,0.0,3.2,0.00,
19:57:35,80,3.2,0.0,3.2,0.00,
19:57:36,80,3.2,0.0,3.2,0.00,
19:57:37,80,3.2,0.0,3.2,0.00,
19:57:38,80,3.2,0.0,3.2,0.00,
19:57:39,80,3.2,0.0,3.2,0.00,
19:57:40,80,3.2,0.0,3.2,0.00,
19:57:41,80,3.2,0.0,3.2,0.00,
19:57:42,80,3.2,0.0,3.2,0.00,
19:57:43,80,3.2,0.0,3.2,0.00,
19:57:44,80,3.2,0.0,3.2,0.00,
19:57:45,80,3.2,0.0,3.2,0.00,
19:57:47,80,3.2,0.0,3.2,0.00,
19:57:48,80,3.2,0.0,3.2,0.00,
19:57:49,80,3.2,0.0,3.2,0.00,
19:57:50,80,3.2,0.0,3.2,0.00,
19:57:51,80,3.2,0.0,3.2,0.00,
19:57:52,80,3.2,0.0,3.2,0.00,
19:57:53,80,3.2,0.0,3.2,0.00,
19:57:54,80,3.2,0.0,3.2,0.00,
19:57:55,80,3.2,0.0,3.2,0.00,
19:57:56,80,3.2,0.0,3.2,0.00,
19:57:57,80,3.2,0.0,3.2,0.00,
19:57:58,80,3.2,0.0,3.2,0.00,
19:57:59,80,3.2,0.0,3.2,0.00,
19:58:00,80,3.2,0.0,3.2,0.00,
19:58:01,80,3.2,0.0,3.2,0.00,
19:58:02,80,3.2,0.0,3.2,0.00,
19:58:03,80,3.2,0.0,3.2,0.00,
19:58:04,80,3.2,0.0,3.2,0.00,
19:58:05,80,3.2,0.0,3.2,0.00,
19:58:06,80,3.2,0.0,3.2,0.00,
19:58:07,80,3.2,0.0,3.2,0.00,
19:58:08,80,3.2,0.0,3.2,0.00,
19:58:10,80,3.2,0.0,3.2,0.00,
19:58:11,80,3.2,0.0,3.2,0.00,
19:58:12,80,3.2,0.0,3.2,0.00,
19:58:13,80,3.2,0.0,3.2,0.00,
19:58:14,80,3.2,0.0,3.2,0.00,
19:58:15,80,3.2,0.0,3.2,0.00,
19:58:16,80,3.2,0.0,3.2,0.00,
19:58:17,80,3.2,0.0,3.2,0.00,
19:58:18,80,3.2,0.0,3.2,0.00,
19:58:19,80,3.2,0.0,3.2,0.00,
19:58:20,80,3.2,0.0,3.2,0.00,
19:58:21,80,3.2,0.0,3.2,0.00,
19:58:22,80,3.2,0.0,3.2,0.00,
19:58:23,80,3.2,0.0,3.2,0.00,
19:58:24,80,3.2,0.0,3.2,0.00,
19:58:25,80,3.2,0.0,3.2,0.00,
19:58:26,80,3.2,0.0,3.2,0.00,
19:58:27,80,3.2,0.0,3.2,0.00,
19:58:28,80,3.2,0.0,3.2,0.00,
19:58:29,80,3.2,0.0,3.2,0.00,
19:58:30,80,3.2,0.0,3.2,0.00,
19:58:31,80,3.2,0.0,3.2,0.00,
19:58:33,80,3.2,0.0,3.2,0.00,
19:58:34,80,3.2,0.0,3.2,0.00,
19:58:35,80,3.2,0.0,3.2,0.00,
19:58:36,80,3.2,0.0,3.2,0.00,
19:58:37,80,3.2,0.0,3.2,0.00,
19:58:38,80,3.2,0.0,3.2,0.00,
19:58:39,80,3.2,0.0,3.2,0.00,
19:58:40,80,3.2,0.0,3.2,0.00,
19:58:41,80,3.2,0.0,3.2,0.00,
19:58:42,80,3.2,0.0,3.2,0.00,
19:58:43,80,3.2,0.0,3.2,0.00,
19:58:44,80,3.2,0.0,3.2,0.00,
19:58:45,80,3.2,0.0,3.2,0.00,
19:58:46,80,3.2,0.0,3.2,0.00,
19:58:47,80,3.2,0.0,3.2,0.00,
19:58:48,80,3.2,0.0,3.2,0.00,
19:58:49,80,3.2,0.0,3.2,0.00,
19:58:50,80,3.2,0.0,3.2,0.00,
19:58:51,80,3.2,0.0,3.2,0.00,
19:58:52,80,3.2,0.0,3.2,0.00,
19:58:53,80,3.2,0.0,3.2,0.00,
19:58:54,80,3.2,0.0,3.2,0.00,
19:58:55,80,3.2,0.0,3.2,0.00,
19:58:57,80,3.2,0.0,3.2,0.00,
19:58:58,80,3.2,0.0,3.2,0.00,
19:58:59,80,3.2,0.0,3.2,0.00,
19:59:00,80,3.2,0.0,3.2,0.00,
19:59:01,80,3.2,0.0,3.2,0.00,
19:59:02,80,3.2,0.0,3.2,0.00,
19:59:03,80,3.2,0.0,3.2,0.00,
19:59:04,80,3.2,0.0,3.2,0.00,
19:59:05,80,3.2,0.0,3.2,0.00,
19:59:06,80,3.2,0.0,3.2,0.00,
19:59:07,80,3.2,0.0,3.2,0.00,
19:59:08,80,3.2,0.0,3.2,0.00,
19:59:09,80,3.2,0.0,3.2,0.00,
19:59:10,80,3.2,0.0,3.2,0.00,
19:59:11,80,3.2,0.0,3.2,0.00,
19:59:12,80,3.2,0.0,3.2,0.00,
19:59:13,80,3.2,0.0,3.2,0.00,
19:59:14,80,3.2,0.0,3.2,0.00,
19:59:15,80,3.2,0.0,3.2,0.00,
19:59:16,80,3.2,0.0,3.2,0.00,
19:59:17,80,3.2,0.0,3.2,0.00,
19:59:18,80,3.2,0.0,3.2,0.00,
19:59:19,80,3.2,0.0,3.2,0.00,
19:59:20,80,3.2,0.0,3.2,0.00,
19:59:22,80,3.2,0.0,3.2,0.00,
19:59:23,80,3.2,0.0,3.2,0.00,
19:59:24,80,3.2,0.0,3.2,0.00,
19:59:25,80,3.2,0.0,3.2,0.00,
19:59:26,80,3.2,0.0,3.2,0.00,
19:59:27,80,3.2,0.0,3.2,0.00,
19:59:28,80,3.2,0.0,3.2,0.00,
19:59:29,80,3.2,0.0,3.2,0.00,
19:59:30,80,3.2,0.0,3.2,0.00,
19:59:31,80,3.2,0.0,3.2,0.00,
19:59:32,80,3.2,0.0,3.2,0.00,
19:59:33,80,3.2,0.0,3.2,0.00,
19:59:34,80,3.2,0.0,3.2,0.00,
19:59:35,80,3.2,0.0,3.2,0.00,
19:59:36,80,3.2,0.0,3.2,0.00,
19:59:37,80,3.2,0.0,3.2,0.00,
19:59:38,80,3.2,0.0,3.2,0.00,
19:59:39,80,3.2,0.0,3.2,0.00,
19:59:40,80,3.2,0.0,3.2,0.00,
19:59:41,80,3.2,0.0,3.2,0.00,
19:59:42,80,3.2,0.0,3.2,0.00,
19:59:43,80,3.2,0.0,3.2,0.00,
19:59:45,80,3.2,0.0,3.2,0.00,
19:59:46,80,3.2,0.0,3.2,0.00,
19:59:47,80,3.2,0.0,3.2,0.00,
19:59:48,80,3.2,0.0,3.2,0.00,
19:59:49,80,3.2,0.0,3.2,0.00,
19:59:50,80,3.2,0.0,3.2,0.00,
19:59:51,80,3.2,0.0,3.2,0.00,
19:59:52,80,3.2,0.0,3.2,0.00,
19:59:53,80,3.2,0.0,3.2,0.00,
19:59:54,80,3.2,0.0,3.2,0.00,
19:59:55,80,3.2,0.0,3.2,0.00,
19:59:56,80,3.2,0.0,3.2,0.00,
19:59:57,80,3.2,0.0,3.2,0.00,
19:59:58,80,3.2,0.0,3.2,0.00,
19:59:59,80,3.2,0.0,3.2,0.00,
20:00:00,80,3.2,0.0,3.2,0.00,
20:00:01,80,3.2,0.0,3.2,0.00,
20:00:02,80,3.2,0.0,3.2,0.00,
20:00:03,80,3.2,0.0,3.2,0.00,
20:00:04,80,3.2,0.0,3.2,0.00,
20:00:05,80,3.2,0.0,3.2,0.00,
20:00:06,80,3.2,0.0,3.2,0.00,
20:00:07,80,3.2,0.0,3.2,0.00,
20:00:09,80,3.2,0.0,3.2,0.00,
20:00:10,80,3.2,0.0,3.2,0.00,
20:00:11,80,3.2,0.0,3.2,0.00,
20:00:12,80,3.2,0.0,3.2,0.00,
20:00:13,80,3.2,0.0,3.2,0.00,
20:00:14,80,3.2,0.0,3.2,0.00,
20:00:15,80,3.2,0.0,3.2,0.00,
20:00:16,80,3.2,0.0,3.2,0.00,
20:00:17,80,3.2,0.0,3.2,0.00,
20:00:18,80,3.2,0.0,3.2,0.00,
20:00:19,80,3.2,0.0,3.2,0.00,
20:00:20,80,3.2,0.0,3.2,0.00,
20:00:21,80,3.2,0.0,3.2,0.00,
20:00:22,80,3.2,0.0,3.2,0.00,
20:00:23,80,3.2,0.0,3.2,0.00,
20:00:24,80,3.2,0.0,3.2,0.00,
20:00:25,80,3.2,0.0,3.2,0.00,
20:00:26,80,3.2,0.0,3.2,0.00,
20:00:27,80,3.2,0.0,3.2,0.00,
20:00:28,80,3.2,0.0,3.2,0.00,
20:00:29,80,3.2,0.0,3.2,0.00,
20:00:30,80,3.2,0.0,3.2,0.00,
20:00:32,80,3.2,0.0,3.2,0.00,
20:00:33,80,3.2,0.0,3.2,0.00,
20:00:34,80,3.2,0.0,3.2,0.00,
20:00:35,80,3.2,0.0,3.2,0.00,
20:00:36,80,3.2,0.0,3.2,0.00,
20:00:37,80,3.2,0.0,3.2,0.00,
20:00:38,80,3.2,0.0,3.2,0.00,
20:00:39,80,3.2,0.0,3.2,0.00,
20:00:40,80,3.2,0.0,3.2,0.00,
20:00:41,80,3.2,0.0,3.2,0.00,
20:00:42,80,3.2,0.0,3.2,0.00,
20:00:43,80,3.2,0.0,3.2,0.00,
20:00:44,80,3.2,0.0,3.2,0.00,
20:00:45,80,3.2,0.0,3.2,0.00,
20:00:46,80,3.2,0.0,3.2,0.00,
20:00:47,80,3.2,0.0,3.2,0.00,
20:00:48,80,3.2,0.0,3.2,0.00,
20:00:49,80,3.2,0.0,3.2,0.00,
20:00:50,80,3.2,0.0,3.2,0.00,
20:00:51,80,3.2,0.0,3.2,0.00,
20:00:52,80,3.2,0.0,3.2,0.00,
20:00:53,80,3.2,0.0,3.2,0.00,
20:00:55,80,3.2,0.0,3.2,0.00,
20:00:56,80,3.2,0.0,3.2,0.00,
20:00:57,80,3.2,0.0,3.2,0.00,
20:00:58,80,3.2,0.0,3.2,0.00,
20:00:59,80,3.2,0.0,3.2,0.00,
20:01:00,80,3.2,0.0,3.2,0.00,
20:01:01,80,3.2,0.0,3.2,0.00,
20:01:02,80,3.2,0.0,3.2,0.00,
20:01:03,80,3.2,0.0,3.2,0.00,
20:01:04,80,3.2,0.0,3.2,0.00,
20:01:05,80,3.2,0.0,3.2,0.00,
20:01:06,80,3.2,0.0,3.2,0.00,
20:01:07,80,3.2,0.0,3.2,0.00,
20:01:08,80,3.2,0.0,3.2,0.00,
20:01:09,80,3.2,0.0,3.2,0.00,
20:01:10,80,3.2,0.0,3.2,0.00,
20:01:11,80,3.2,0.0,3.2,0.00,
20:01:12,80,3.2,0.0,3.2,0.00,
20:01:13,80,3.2,0.0,3.2,0.00,
20:01:14,80,3.2,0.0,3.2,0.00,
20:01:15,80,3.2,0.0,3.2,0.00,
20:01:16,80,3.2,0.0,3.2,0.00,
20:01:17,80,3.2,0.0,3.2,0.00,
20:01:19,80,3.2,0.0,3.2,0.00,
20:01:20,80,3.2,0.0,3.2,0.00,
20:01:21,80,3.2,0.0,3.2,0.00,
20:01:22,80,3.2,0.0,3.2,0.00,
20:01:23,80,3.2,0.0,3.2,0.00,
20:01:24,80,3.2,0.0,3.2,0.00,
20:01:25,80,3.2,0.0,3.2,0.00,
20:01:26,80,3.2,0.0,3.2,0.00,
20:01:27,80,3.2,0.0,3.2,0.00,
20:01:28,80,3.2,0.0,3.2,0.00,
20:01:29,80,3.2,0.0,3.2,0.00,
20:01:30,80,3.2,0.0,3.2,0.00,
20:01:31,80,3.2,0.0,3.2,0.00,
20:01:32,80,3.2,0.0,3.2,0.00,
20:01:33,80,3.2,0.0,3.2,0.00,
20:01:34,80,3.2,0.0,3.2,0.00,
20:01:35,80,3.2,0.0,3.2,0.00,
20:01:36,80,3.2,0.0,3.2,0.00,
20:01:37,80,3.2,0.0,3.2,0.00,
20:01:38,80,3.2,0.0,3.2,0.00,
20:01:39,80,3.2,0.0,3.2,0.00,
20:01:40,80,3.2,0.0,3.2,0.00,
20:01:42,80,3.2,0.0,3.2,0.00,
20:01:43,80,3.2,0.0,3.2,0.00,
20:01:44,80,3.2,0.0,3.2,0.00,
20:01:45,80,3.2,0.0,3.2,0.00,
20:01:46,80,3.2,0.0,3.2,0.00,
20:01:47,80,3.2,0.0,3.2,0.00,
20:01:48,80,3.2,0.0,3.2,0.00,
20:01:49,80,3.2,0.0,3.2,0.00,
20:01:50,80,3.2,0.0,3.2,0.00,
20:01:51,80,3.1,0.0,3.1,0.00,
20:01:52,80,3.1,0.0,3.1,0.00,
20:01:53,80,3.1,0.0,3.1,0.00,
20:01:54,80,3.1,0.0,3.1,0.00,
20:01:55,80,3.1,0.0,3.1,0.00,
20:01:56,80,3.1,0.0,3.1,0.00,
20:01:57,80,3.1,0.0,3.1,0.00,
20:01:58,80,3.1,0.0,3.1,0.00,
20:01:59,80,3.1,0.0,3.1,0.00,
20:02:00,80,3.1,0.0,3.1,0.00,
20:02:01,80,3.1,0.0,3.1,0.00,
20:02:02,80,3.1,0.0,3.1,0.00,
20:02:03,80,3.1,0.0,3.1,0.00,
20:02:05,80,3.1,0.0,3.1,0.00,
20:02:06,80,3.1,0.0,3.1,0.00,
20:02:07,80,3.1,0.0,3.1,0.00,
20:02:08,80,3.1,0.0,3.1,0.00,
20:02:09,80,3.1,0.0,3.1,0.00,
20:02:10,80,3.1,0.0,3.1,0.00,
20:02:11,80,3.1,0.0,3.1,0.00,
20:02:12,80,3.1,0.0,3.1,0.00,
20:02:13,80,3.1,0.0,3.1,0.00,
20:02:14,80,3.1,0.0,3.1,0.00,
20:02:15,80,3.1,0.0,3.1,0.00,
20:02:16,80,3.1,0.0,3.1,0.00,
20:02:17,80,3.1,0.0,3.1,0.00,
20:02:18,80,3.1,0.0,3.1,0.00,
20:02:19,80,3.1,0.0,3.1,0.00,
20:02:20,80,3.1,0.0,3.1,0.00,
20:02:21,80,3.1,0.0,3.1,0.00,
20:02:22,80,3.1,0.0,3.1,0.00,
20:02:23,80,3.1,0.0,3.1,0.00,
20:02:24,80,3.1,0.0,3.1,0.00,
20:02:25,80,3.1,0.0,3.1,0.00,
20:02:26,80,3.1,0.0,3.1,0.00,
20:02:28,80,3.1,0.0,3.1,0.00,
20:02:29,80,3.1,0.0,3.1,0.00,
20:02:30,80,3.1,0.0,3.1,0.00,
20:02:31,80,3.1,0.0,3.1,0.00,
20:02:32,80,3.1,0.0,3.1,0.00,
20:02:33,80,3.1,0.0,3.1,0.00,
20:02:34,80,3.1,0.0,3.1,0.00,
20:02:35,80,3.1,0.0,3.1,0.00,
20:02:36,80,3.1,0.0,3.1,0.00,
20:02:37,80,3.1,0.0,3.1,0.00,
20:02:38,80,3.1,0.0,3.1,0.00,
20:02:39,80,3.1,0.0,3.1,0.00,
20:02:40,80,3.1,0.0,3.1,0.00,
20:02:41,80,3.1,0.0,3.1,0.00,
20:02:42,80,3.1,0.0,3.1,0.00,
20:02:43,80,3.1,0.0,3.1,0.00,
20:02:44,80,3.1,0.0,3.1,0.00,
20:02:45,80,3.1,0.0,3.1,0.00,
20:02:46,80,3.1,0.0,3.1,0.00,
20:02:47,80,3.1,0.0,3.1,0.00,
20:02:48,80,3.1,0.0,3.1,0.00,
20:02:49,80,3.1,0.0,3.1,0.00,
20:02:50,80,3.1,0.0,3.1,0.00,
20:02:52,80,3.0,0.0,3.0,0.00,
20:02:53,80,3.0,0.0,3.0,0.00,
20:02:54,80,3.0,0.0,3.0,0.00,
20:02:55,80,3.0,0.0,3.0,0.00,
20:02:56,80,3.0,0.0,3.0,0.00,
20:02:57,80,3.0,0.0,3.0,0.00,
20:02:58,80,3.0,0.0,3.0,0.00,
20:02:59,80,3.0,0.0,3.0,0.00,
20:03:00,80,3.0,0.0,3.0,0.00,
20:03:01,80,3.0,0.0,3.0,0.00,
20:03:02,80,3.0,0.0,3.0,0.00,
20:03:03,80,3.0,0.0,3.0,0.00,
20:03:04,80,3.0,0.0,3.0,0.00,
20:03:05,80,3.0,0.0,3.0,0.00,
20:03:06,80,3.0,0.0,3.0,0.00,
20:03:07,80,3.0,0.0,3.0,0.00,
20:03:08,80,3.0,0.0,3.0,0.00,
20:03:09,80,3.0,0.0,3.0,0.00,
20:03:10,80,3.0,0.0,3.0,0.00,
20:03:11,80,3.0,0.0,3.0,0.00,
20:03:12,80,3.0,0.0,3.0,0.00,
20:03:13,80,3.0,0.0,3.0,0.00,
20:03:14,80,3.0,0.0,3.0,0.00,
20:03:16,80,3.0,0.0,3.0,0.00,
20:03:17,80,3.0,0.0,3.0,0.00,
20:03:18,80,3.0,0.0,3.0,0.00,
20:03:19,80,3.0,0.0,3.0,0.00,
20:03:20,80,3.0,0.0,3.0,0.00,
20:03:21,80,3.0,0.0,3.0,0.00,
20:03:22,80,3.0,0.0,3.0,0.00,
20:03:23,80,3.0,0.0,3.0,0.00,
20:03:24,80,3.0,0.0,3.0,0.00,
20:03:25,80,3.0,0.0,3.0,0.00,
20:03:26,80,3.0,0.0,3.0,0.00,
20:03:27,80,3.0,0.0,3.0,0.00,
20:03:28,80,3.0,0.0,3.0,0.00,
20:03:29,80,3.0,0.0,3.0,0.00,
20:03:30,80,3.0,0.0,3.0,0.00,
20:03:31,80,3.0,0.0,3.0,0.00,
20:03:32,80,3.0,0.0,3.0,0.00,
20:03:33,80,3.0,0.0,3.0,0.00,
20:03:34,80,3.0,0.0,3.0,0.00,
20:03:35,80,3.0,0.0,3.0,0.00,
20:03:36,80,3.0,0.0,3.0,0.00,
20:03:37,80,3.0,0.0,3.0,0.00,
20:03:39,80,3.0,0.0,3.0,0.00,
20:03:40,80,3.0,0.0,3.0,0.00,
20:03:41,80,3.0,0.0,3.0,0.00,
20:03:42,80,3.0,0.0,3.0,0.00,
20:03:43,80,3.0,0.0,3.0,0.00,
20:03:44,80,3.0,0.0,3.0,0.00,
20:03:45,80,3.0,0.0,3.0,0.00,
20:03:46,80,3.0,0.0,3.0,0.00,
20:03:47,80,3.0,0.0,3.0,0.00,
20:03:48,80,3.0,0.0,3.0,0.00,
20:03:49,80,3.0,0.0,3.0,0.00,
20:03:50,80,3.0,0.0,3.0,0.00,
20:03:51,80,3.2,0.0,3.2,0.00,
20:03:52,80,3.2,0.0,3.2,0.00,
20:03:53,80,3.2,0.0,3.2,0.00,
20:03:54,80,3.2,0.0,3.2,0.00,
20:03:55,80,3.2,0.0,3.2,0.00,
20:03:56,80,3.2,0.0,3.2,0.00,
20:03:57,80,3.2,0.0,3.2,0.00,
20:03:58,80,3.2,0.0,3.2,0.00,
20:03:59,80,3.2,0.0,3.2,0.00,
20:04:00,80,3.2,0.0,3.2,0.00,
20:04:02,80,3.2,0.0,3.2,0.00,
20:04:03,80,3.2,0.0,3.2,0.00,
20:04:04,80,3.2,0.0,3.2,0.00,
20:04:05,80,3.2,0.0,3.2,0.00,
20:04:06,80,3.2,0.0,3.2,0.00,
20:04:07,80,3.2,0.0,3.2,0.00,
20:04:08,80,3.2,0.0,3.2,0.00,
20:04:09,80,3.2,0.0,3.2,0.00,
20:04:10,80,3.2,0.0,3.2,0.00,
20:04:11,80,3.2,0.0,3.2,0.00,
20:04:12,80,3.2,0.0,3.2,0.00,
20:04:13,80,3.2,0.0,3.2,0.00,
20:04:14,80,3.2,0.0,3.2,0.00,
20:04:15,80,3.2,0.0,3.2,0.00,
20:04:16,80,3.2,0.0,3.2,0.00,
20:04:17,80,3.2,0.0,3.2,0.00,
20:04:18,80,3.2,0.0,3.2,0.00,
20:04:19,80,3.2,0.0,3.2,0.00,
20:04:20,80,3.2,0.0,3.2,0.00,
20:04:21,80,3.2,0.0,3.2,0.00,
20:04:22,80,3.2,0.0,3.2,0.00,
20:04:23,80,3.2,0.0,3.2,0.00,
20:04:24,80,3.2,0.0,3.2,0.00,
20:04:25,80,3.2,0.0,3.2,0.00,
20:04:27,80,3.2,0.0,3.2,0.00,
20:04:28,80,3.2,0.0,3.2,0.00,
20:04:29,80,3.2,0.0,3.2,0.00,
20:04:30,80,3.2,0.0,3.2,0.00,
20:04:31,80,3.2,0.0,3.2,0.00,
20:04:32,80,3.2,0.0,3.2,0.00,
20:04:33,80,3.2,0.0,3.2,0.00,
20:04:34,80,3.2,0.0,3.2,0.00,
20:04:35,80,3.2,0.0,3.2,0.00,
20:04:36,80,3.2,0.0,3.2,0.00,
20:04:37,80,3.2,0.0,3.2,0.00,
20:04:38,80,3.2,0.0,3.2,0.00,
20:04:39,80,3.2,0.0,3.2,0.00,
20:04:40,80,3.2,0.0,3.2,0.00,
20:04:41,80,3.2,0.0,3.2,0.00,
20:04:42,80,3.2,0.0,3.2,0.00,
20:04:43,80,3.2,0.0,3.2,0.00,
20:04:44,80,3.2,0.0,3.2,0.00,
20:04:45,80,3.2,0.0,3.2,0.00,
20:04:46,80,3.2,0.0,3.2,0.00,
20:04:47,80,3.2,0.0,3.2,0.00,
20:04:48,80,3.2,0.0,3.2,0.00,
20:04:50,80,3.2,0.0,3.2,0.00,
20:04:51,80,3.1,0.0,3.1,0.00,
20:04:52,80,3.1,0.0,3.1,0.00,
20:04:53,80,3.1,0.0,3.1,0.00,
20:04:54,80,3.1,0.0,3.1,0.00,
20:04:55,80,3.1,0.0,3.1,0.00,
20:04:56,80,3.1,0.0,3.1,0.00,
20:04:57,80,3.1,0.0,3.1,0.00,
20:04:58,80,3.1,0.0,3.1,0.00,
20:04:59,80,3.1,0.0,3.1,0.00,
20:05:00,80,3.1,0.0,3.1,0.00,
20:05:01,80,3.1,0.0,3.1,0.00,
20:05:02,80,3.1,0.0,3.1,0.00,
20:05:03,80,3.1,0.0,3.1,0.00,
20:05:04,80,3.1,0.0,3.1,0.00,
20:05:05,80,3.1,0.0,3.1,0.00,
20:05:06,80,3.1,0.0,3.1,0.00,
20:05:07,80,3.1,0.0,3.1,0.00,
20:05:08,80,3.1,0.0,3.1,0.00,
20:05:09,80,3.1,0.0,3.1,0.00,
20:05:10,80,3.1,0.0,3.1,0.00,
20:05:11,80,3.1,0.0,3.1,0.00,
20:05:13,80,3.1,0.0,3.1,0.00,
20:05:14,80,3.1,0.0,3.1,0.00,
20:05:15,80,3.1,0.0,3.1,0.00,
20:05:16,80,3.1,0.0,3.1,0.00,
20:05:17,80,3.1,0.0,3.1,0.00,
20:05:18,80,3.1,0.0,3.1,0.00,
20:05:19,80,3.1,0.0,3.1,0.00,
20:05:20,80,3.1,0.0,3.1,0.00,
20:05:21,80,3.1,0.0,3.1,0.00,
20:05:22,80,3.1,0.0,3.1,0.00,
20:05:23,80,3.1,0.0,3.1,0.00,
20:05:24,80,3.1,0.0,3.1,0.00,
20:05:25,80,3.1,0.0,3.1,0.00,
20:05:26,80,3.1,0.0,3.1,0.00,
20:05:27,80,3.1,0.0,3.1,0.00,
20:05:28,80,3.1,0.0,3.1,0.00,
20:05:29,80,3.1,0.0,3.1,0.00,
20:05:30,80,3.1,0.0,3.1,0.00,
20:05:31,80,3.1,0.0,3.1,0.00,
20:05:32,80,3.1,0.0,3.1,0.00,
20:05:33,80,3.1,0.0,3.1,0.00,
20:05:35,80,3.1,0.0,3.1,0.00,
20:05:36,80,3.1,0.0,3.1,0.00,
20:05:37,80,3.1,0.0,3.1,0.00,
20:05:38,80,3.1,0.0,3.1,0.00,
20:05:39,80,3.1,0.0,3.1,0.00,
20:05:40,80,3.1,0.0,3.1,0.00,
20:05:41,80,3.1,0.0,3.1,0.00,
20:05:42,80,3.1,0.0,3.1,0.00,
20:05:43,80,3.1,0.0,3.1,0.00,
20:05:44,80,3.1,0.0,3.1,0.00,
20:05:45,80,3.1,0.0,3.1,0.00,
20:05:46,80,3.1,0.0,3.1,0.00,
20:05:47,80,3.1,0.0,3.1,0.00,
20:05:48,80,3.1,0.0,3.1,0.00,
20:05:49,80,3.1,0.0,3.1,0.00,
20:05:50,80,3.1,0.0,3.1,0.00,
20:05:51,80,3.2,0.0,3.2,0.00,
20:05:52,80,3.2,0.0,3.2,0.00,
20:05:53,80,3.2,0.0,3.2,0.00,
20:05:54,80,3.2,0.0,3.2,0.00,
20:05:55,80,3.2,0.0,3.2,0.00,
20:05:56,80,3.2,0.0,3.2,0.00,
20:05:58,80,3.2,0.0,3.2,0.00,
20:05:59,80,3.2,0.0,3.2,0.00,
20:06:00,80,3.2,0.0,3.2,0.00,
20:06:01,80,3.2,0.0,3.2,0.00,
20:06:02,80,3.2,0.0,3.2,0.00,
20:06:03,80,3.2,0.0,3.2,0.00,
20:06:04,80,3.2,0.0,3.2,0.00,
20:06:05,80,3.2,0.0,3.2,0.00,
20:06:06,80,3.2,0.0,3.2,0.00,
20:06:07,80,3.2,0.0,3.2,0.00,
20:06:08,80,3.2,0.0,3.2,0.00,
20:06:09,80,3.2,0.0,3.2,0.00,
20:06:10,80,3.2,0.0,3.2,0.00,
20:06:11,80,3.2,0.0,3.2,0.00,
20:06:12,80,3.2,0.0,3.2,0.00,
20:06:13,80,3.2,0.0,3.2,0.00,
20:06:14,80,3.2,0.0,3.2,0.00,
20:06:15,80,3.2,0.0,3.2,0.00,
20:06:16,80,3.2,0.0,3.2,0.00,
20:06:17,80,3.2,0.0,3.2,0.00,
20:06:18,80,3.2,0.0,3.2,0.00,
20:06:19,80,3.2,0.0,3.2,0.00,
20:06:21,80,3.2,0.0,3.2,0.00,
20:06:22,80,3.2,0.0,3.2,0.00,
20:06:23,80,3.2,0.0,3.2,0.00,
20:06:24,80,3.2,0.0,3.2,0.00,
20:06:25,80,3.2,0.0,3.2,0.00,
20:06:26,80,3.2,0.0,3.2,0.00,
20:06:27,80,3.2,0.0,3.2,0.00,
20:06:28,80,3.2,0.0,3.2,0.00,
20:06:29,80,3.2,0.0,3.2,0.00,
20:06:30,80,3.2,0.0,3.2,0.00,
20:06:31,80,3.2,0.0,3.2,0.00,
20:06:32,80,3.2,0.0,3.2,0.00,
20:06:33,80,3.2,0.0,3.2,0.00,
20:06:34,80,3.2,0.0,3.2,0.00,
20:06:35,80,3.2,0.0,3.2,0.00,
20:06:36,80,3.2,0.0,3.2,0.00,
20:06:37,80,3.2,0.0,3.2,0.00,
20:06:38,80,3.2,0.0,3.2,0.00,
20:06:39,80,3.2,0.0,3.2,0.00,
20:06:40,80,3.2,0.0,3.2,0.00,
20:06:41,80,3.2,0.0,3.2,0.00,
20:06:42,80,3.2,0.0,3.2,0.00,
20:06:44,80,3.2,0.0,3.2,0.00,
20:06:45,80,3.2,0.0,3.2,0.00,
20:06:46,80,3.2,0.0,3.2,0.00,
20:06:47,80,3.2,0.0,3.2,0.00,
20:06:48,80,3.2,0.0,3.2,0.00,
20:06:49,80,3.2,0.0,3.2,0.00,
20:06:50,80,3.2,0.0,3.2,0.00,
20:06:51,80,3.4,0.0,3.4,0.00,
20:06:52,80,3.4,0.0,3.4,0.00,
20:06:53,80,3.4,0.0,3.4,0.00,
20:06:54,80,3.4,0.0,3.4,0.00,
20:06:55,80,3.4,0.0,3.4,0.00,
20:06:56,80,3.4,0.0,3.4,0.00,
20:06:57,80,3.4,0.0,3.4,0.00,
20:06:58,80,3.4,0.0,3.4,0.00,
20:06:59,80,3.4,0.0,3.4,0.00,
20:07:00,80,3.4,0.0,3.4,0.00,
20:07:01,80,3.4,0.0,3.4,0.00,
20:07:02,80,3.4,0.0,3.4,0.00,
20:07:03,80,3.4,0.0,3.4,0.00,
20:07:04,80,3.4,0.0,3.4,0.00,
20:07:05,80,3.4,0.0,3.4,0.00,
20:07:07,80,3.4,0.0,3.4,0.00,
20:07:08,80,3.4,0.0,3.4,0.00,
20:07:09,80,3.4,0.0,3.4,0.00,
20:07:10,80,3.4,0.0,3.4,0.00,
20:07:11,80,3.4,0.0,3.4,0.00,
20:07:12,80,3.4,0.0,3.4,0.00,
20:07:13,80,3.4,0.0,3.4,0.00,
20:07:14,80,3.4,0.0,3.4,0.00,
20:07:15,80,3.4,0.0,3.4,0.00,
20:07:16,80,3.4,0.0,3.4,0.00,
20:07:17,80,3.4,0.0,3.4,0.00,
20:07:18,80,3.4,0.0,3.4,0.00,
20:07:19,80,3.4,0.0,3.4,0.00,
20:07:20,80,3.4,0.0,3.4,0.00,
20:07:21,80,3.4,0.0,3.4,0.00,
20:07:22,80,3.4,0.0,3.4,0.00,
20:07:23,80,3.4,0.0,3.4,0.00,
20:07:24,80,3.4,0.0,3.4,0.00,
20:07:25,80,3.4,0.0,3.4,0.00,
20:07:26,80,3.4,0.0,3.4,0.00,
20:07:27,80,3.4,0.0,3.4,0.00,
20:07:28,80,3.4,0.0,3.4,0.00,
20:07:29,80,3.4,0.0,3.4,0.00,
20:07:31,80,3.4,0.0,3.4,0.00,
20:07:32,80,3.4,0.0,3.4,0.00,
20:07:33,80,3.4,0.0,3.4,0.00,
20:07:34,80,3.4,0.0,3.4,0.00,
20:07:35,80,3.4,0.0,3.4,0.00,
20:07:36,80,3.4,0.0,3.4,0.00,
20:07:37,80,3.4,0.0,3.4,0.00,
20:07:38,80,3.4,0.0,3.4,0.00,
20:07:39,80,3.4,0.0,3.4,0.00,
20:07:40,80,3.4,0.0,3.4,0.00,
20:07:41,80,3.4,0.0,3.4,0.00,
20:07:42,80,3.4,0.0,3.4,0.00,
20:07:43,80,3.4,0.0,3.4,0.00,
20:07:44,80,3.4,0.0,3.4,0.00,
20:07:45,80,3.4,0.0,3.4,0.00,
20:07:46,80,3.4,0.0,3.4,0.00,
20:07:47,80,3.4,0.0,3.4,0.00,
20:07:48,80,3.4,0.0,3.4,0.00,
20:07:49,80,3.4,0.0,3.4,0.00,
20:07:50,80,3.4,0.0,3.4,0.00,
20:07:51,80,3.0,0.0,3.0,0.00,
20:07:52,80,3.0,0.0,3.0,0.00,
20:07:54,80,3.0,0.0,3.0,0.00,
20:07:55,80,3.0,0.0,3.0,0.00,
20:07:56,80,3.0,0.0,3.0,0.00,
20:07:57,80,3.0,0.0,3.0,0.00,
20:07:58,80,3.0,0.0,3.0,0.00,
20:07:59,80,3.0,0.0,3.0,0.00,
20:08:00,80,3.0,0.0,3.0,0.00,
20:08:01,80,3.0,0.0,3.0,0.00,
20:08:02,80,3.0,0.0,3.0,0.00,
20:08:03,80,3.0,0.0,3.0,0.00,
20:08:04,80,3.0,0.0,3.0,0.00,
20:08:05,80,3.0,0.0,3.0,0.00,
20:08:06,80,3.0,0.0,3.0,0.00,
20:08:07,80,3.0,0.0,3.0,0.00,
20:08:08,80,3.0,0.0,3.0,0.00,
20:08:09,80,3.0,0.0,3.0,0.00,
20:08:10,80,3.0,0.0,3.0,0.00,
20:08:11,80,3.0,0.0,3.0,0.00,
20:08:12,80,3.0,0.0,3.0,0.00,
20:08:13,80,3.0,0.0,3.0,0.00,
20:08:14,80,3.0,0.0,3.0,0.00,
20:08:15,80,3.0,0.0,3.0,0.00,
20:08:17,80,3.0,0.0,3.0,0.00,
20:08:18,80,3.0,0.0,3.0,0.00,
20:08:19,80,3.0,0.0,3.0,0.00,
20:08:20,80,3.0,0.0,3.0,0.00,
20:08:21,80,3.0,0.0,3.0,0.00,
20:08:22,80,3.0,0.0,3.0,0.00,
20:08:23,80,3.0,0.0,3.0,0.00,
20:08:24,80,3.0,0.0,3.0,0.00,
20:08:25,80,3.0,0.0,3.0,0.00,
20:08:26,80,3.0,0.0,3.0,0.00,
20:08:27,80,3.0,0.0,3.0,0.00,
20:08:28,80,3.0,0.0,3.0,0.00,
20:08:29,80,3.0,0.0,3.0,0.00,
20:08:30,80,3.0,0.0,3.0,0.00,
20:08:31,80,3.0,0.0,3.0,0.00,
20:08:32,80,3.0,0.0,3.0,0.00,
20:08:33,80,3.0,0.0,3.0,0.00,
20:08:34,80,3.0,0.0,3.0,0.00,
20:08:35,80,3.0,0.0,3.0,0.00,
20:08:36,80,3.0,0.0,3.0,0.00,
20:08:37,80,3.0,0.0,3.0,0.00,
20:08:38,80,3.0,0.0,3.0,0.00,
20:08:40,80,3.0,0.0,3.0,0.00,
20:08:41,80,3.0,0.0,3.0,0.00,
20:08:42,80,3.0,0.0,3.0,0.00,
20:08:43,80,3.0,0.0,3.0,0.00,
20:08:44,80,3.0,0.0,3.0,0.00,
20:08:45,80,3.0,0.0,3.0,0.00,
20:08:46,80,3.0,0.0,3.0,0.00,
20:08:47,80,3.0,0.0,3.0,0.00,
20:08:48,80,3.0,0.0,3.0,0.00,
20:08:49,80,3.0,0.0,3.0,0.00,
20:08:50,80,3.0,0.0,3.0,0.00,
20:08:51,80,3.1,0.0,3.1,0.00,
20:08:52,80,3.1,0.0,3.1,0.00,
20:08:53,80,3.1,0.0,3.1,0.00,
20:08:54,80,3.1,0.0,3.1,0.00,
20:08:55,80,3.1,0.0,3.1,0.00,
20:08:56,80,3.1,0.0,3.1,0.00,
20:08:57,80,3.1,0.0,3.1,0.00,
20:08:58,80,3.1,0.0,3.1,0.00,
20:08:59,80,3.1,0.0,3.1,0.00,
20:09:00,80,3.1,0.0,3.1,0.00,
20:09:01,80,3.1,0.0,3.1,0.00,
20:09:03,80,3.1,0.0,3.1,0.00,
20:09:04,80,3.1,0.0,3.1,0.00,
20:09:05,80,3.1,0.0,3.1,0.00,
20:09:06,80,3.1,0.0,3.1,0.00,
20:09:07,80,3.1,0.0,3.1,0.00,
20:09:08,80,3.1,0.0,3.1,0.00,
20:09:09,80,3.1,0.0,3.1,0.00,
20:09:10,80,3.1,0.0,3.1,0.00,
20:09:11,80,3.1,0.0,3.1,0.00,
20:09:12,80,3.1,0.0,3.1,0.00,
20:09:13,80,3.1,0.0,3.1,0.00,
20:09:14,80,3.1,0.0,3.1,0.00,
20:09:15,80,3.1,0.0,3.1,0.00,
20:09:16,80,3.1,0.0,3.1,0.00,
20:09:17,80,3.1,0.0,3.1,0.00,
20:09:18,80,3.1,0.0,3.1,0.00,
20:09:19,80,3.1,0.0,3.1,0.00,
20:09:20,80,3.1,0.0,3.1,0.00,
20:09:21,80,3.1,0.0,3.1,0.00,
20:09:22,80,3.1,0.0,3.1,0.00,
20:09:23,80,3.1,0.0,3.1,0.00,
20:09:24,80,3.1,0.0,3.1,0.00,
20:09:25,80,3.1,0.0,3.1,0.00,
20:09:27,80,3.1,0.0,3.1,0.00,
20:09:28,80,3.1,0.0,3.1,0.00,
20:09:29,80,3.1,0.0,3.1,0.00,
20:09:30,80,3.1,0.0,3.1,0.00,
20:09:31,80,3.1,0.0,3.1,0.00,
20:09:32,80,3.1,0.0,3.1,0.00,
20:09:33,80,3.1,0.0,3.1,0.00,
20:09:34,80,3.1,0.0,3.1,0.00,
20:09:35,80,3.1,0.0,3.1,0.00,
20:09:36,80,3.1,0.0,3.1,0.00,
20:09:37,80,3.1,0.0,3.1,0.00,
20:09:38,80,3.1,0.0,3.1,0.00,
20:09:39,80,3.1,0.0,3.1,0.00,
20:09:40,80,3.1,0.0,3.1,0.00,
20:09:41,80,3.1,0.0,3.1,0.00,
20:09:42,80,3.1,0.0,3.1,0.00,
20:09:43,80,3.1,0.0,3.1,0.00,
20:09:44,80,3.1,0.0,3.1,0.00,
20:09:45,80,3.1,0.0,3.1,0.00,
20:09:46,80,3.1,0.0,3.1,0.00,
20:09:47,80,3.1,0.0,3.1,0.00,
20:09:48,80,3.1,0.0,3.1,0.00,
20:09:49,80,3.1,0.0,3.1,0.00,
20:09:51,80,3.1,0.0,3.1,0.00,
20:09:52,80,4.5,0.0,4.5,0.00,
20:09:53,80,4.5,0.0,4.5,0.00,
20:09:54,80,4.5,0.0,4.5,0.00,
20:09:55,80,4.5,0.0,4.5,0.00,
20:09:56,80,4.5,0.0,4.5,0.00,
20:09:57,80,4.5,0.0,4.5,0.00,
20:09:58,80,4.5,0.0,4.5,0.00,
20:09:59,80,4.5,0.0,4.5,0.00,
20:10:00,80,4.5,0.0,4.5,0.00,
20:10:01,80,4.5,0.0,4.5,0.00,
20:10:02,80,4.5,0.0,4.5,0.00,
20:10:03,80,4.5,0.0,4.5,0.00,
20:10:04,80,4.5,0.0,4.5,0.00,
20:10:05,80,4.5,0.0,4.5,0.00,
20:10:06,80,4.5,0.0,4.5,0.00,
20:10:07,80,4.5,0.0,4.5,0.00,
20:10:08,80,4.5,0.0,4.5,0.00,
20:10:09,80,4.5,0.0,4.5,0.00,
20:10:10,80,4.5,0.0,4.5,0.00,
20:10:11,80,4.5,0.0,4.5,0.00,
20:10:12,80,4.5,0.0,4.5,0.00,
20:10:13,80,4.5,0.0,4.5,0.00,
20:10:15,80,4.5,0.0,4.5,0.00,
20:10:16,80,4.5,0.0,4.5,0.00,
20:10:17,80,4.5,0.0,4.5,0.00,
20:10:18,80,4.5,0.0,4.5,0.00,
20:10:19,80,4.5,0.0,4.5,0.00,
20:10:20,80,4.5,0.0,4.5,0.00,
20:10:21,80,4.5,0.0,4.5,0.00,
20:10:22,80,4.5,0.0,4.5,0.00,
20:10:23,80,4.5,0.0,4.5,0.00,
20:10:24,80,4.5,0.0,4.5,0.00,
20:10:25,80,4.5,0.0,4.5,0.00,
20:10:26,80,4.5,0.0,4.5,0.00,
20:10:27,80,4.5,0.0,4.5,0.00,
20:10:28,80,4.5,0.0,4.5,0.00,
20:10:29,80,4.5,0.0,4.5,0.00,
20:10:30,80,4.5,0.0,4.5,0.00,
20:10:31,80,4.5,0.0,4.5,0.00,
20:10:32,80,4.5,0.0,4.5,0.00,
20:10:33,80,4.5,0.0,4.5,0.00,
20:10:34,80,4.5,0.0,4.5,0.00,
20:10:35,80,4.5,0.0,4.5,0.00,
20:10:36,80,4.5,0.0,4.5,0.00,
20:10:38,80,4.5,0.0,4.5,0.00,
20:10:39,80,4.5,0.0,4.5,0.00,
20:10:40,80,4.5,0.0,4.5,0.00,
20:10:41,80,4.5,0.0,4.5,0.00,
20:10:42,80,4.5,0.0,4.5,0.00,
20:10:43,80,4.5,0.0,4.5,0.00,
20:10:44,80,4.5,0.0,4.5,0.00,
20:10:45,80,4.5,0.0,4.5,0.00,
20:10:46,80,4.5,0.0,4.5,0.00,
20:10:47,80,4.5,0.0,4.5,0.00,
20:10:48,80,4.5,0.0,4.5,0.00,
20:10:49,80,4.5,0.0,4.5,0.00,
20:10:50,80,4.5,0.0,4.5,0.00,
20:10:51,80,3.0,0.0,3.0,0.00,
20:10:52,80,3.0,0.0,3.0,0.00,
20:10:53,80,3.0,0.0,3.0,0.00,
20:10:54,80,3.0,0.0,3.0,0.00,
20:10:55,80,3.0,0.0,3.0,0.00,
20:10:56,80,3.0,0.0,3.0,0.00,
20:10:57,80,3.0,0.0,3.0,0.00,
20:10:58,80,3.0,0.0,3.0,0.00,
20:10:59,80,3.0,0.0,3.0,0.00,
20:11:01,80,3.0,0.0,3.0,0.00,
20:11:02,80,3.0,0.0,3.0,0.00,
20:11:03,80,3.0,0.0,3.0,0.00,
20:11:04,80,3.0,0.0,3.0,0.00,
20:11:05,80,3.0,0.0,3.0,0.00,
20:11:06,80,3.0,0.0,3.0,0.00,
20:11:07,80,3.0,0.0,3.0,0.00,
20:11:08,80,3.0,0.0,3.0,0.00,
20:11:09,80,3.0,0.0,3.0,0.00,
20:11:10,80,3.0,0.0,3.0,0.00,
20:11:11,80,3.0,0.0,3.0,0.00,
20:11:12,80,3.0,0.0,3.0,0.00,
20:11:13,80,3.0,0.0,3.0,0.00,
20:11:14,80,3.0,0.0,3.0,0.00,
20:11:15,80,3.0,0.0,3.0,0.00,
20:11:16,80,3.0,0.0,3.0,0.00,
20:11:17,80,3.0,0.0,3.0,0.00,
20:11:18,80,3.0,0.0,3.0,0.00,
20:11:19,80,3.0,0.0,3.0,0.00,
20:11:20,80,3.0,0.0,3.0,0.00,
20:11:21,80,3.0,0.0,3.0,0.00,
20:11:22,80,3.0,0.0,3.0,0.00,
20:11:24,80,3.0,0.0,3.0,0.00,
20:11:25,80,3.0,0.0,3.0,0.00,
20:11:26,80,3.0,0.0,3.0,0.00,
20:11:27,80,3.0,0.0,3.0,0.00,
20:11:28,80,3.0,0.0,3.0,0.00,
20:11:29,80,3.0,0.0,3.0,0.00,
20:11:30,80,3.0,0.0,3.0,0.00,
20:11:31,80,3.0,0.0,3.0,0.00,
20:11:32,80,3.0,0.0,3.0,0.00,
20:11:33,80,3.0,0.0,3.0,0.00,
20:11:34,80,3.0,0.0,3.0,0.00,
20:11:35,80,3.0,0.0,3.0,0.00,
20:11:36,80,3.0,0.0,3.0,0.00,
20:11:37,80,3.0,0.0,3.0,0.00,
20:11:38,80,3.0,0.0,3.0,0.00,
20:11:39,80,3.0,0.0,3.0,0.00,
20:11:40,80,3.0,0.0,3.0,0.00,
20:11:41,80,3.0,0.0,3.0,0.00,
20:11:42,80,3.0,0.0,3.0,0.00,
20:11:43,80,3.0,0.0,3.0,0.00,
20:11:44,80,3.0,0.0,3.0,0.00,
20:11:45,80,3.0,0.0,3.0,0.00,
20:11:46,80,3.0,0.0,3.0,0.00,
20:11:48,80,3.0,0.0,3.0,0.00,
20:11:49,80,3.0,0.0,3.0,0.00,
20:11:50,80,3.0,0.0,3.0,0.00,
20:11:51,80,3.1,0.0,3.1,0.00,
20:11:52,80,3.1,0.0,3.1,0.00,
20:11:53,80,3.1,0.0,3.1,0.00,
20:11:54,80,3.1,0.0,3.1,0.00,
20:11:55,80,3.1,0.0,3.1,0.00,
20:11:56,80,3.1,0.0,3.1,0.00,
20:11:57,80,3.1,0.0,3.1,0.00,
20:11:58,80,3.1,0.0,3.1,0.00,
20:11:59,80,3.1,0.0,3.1,0.00,
20:12:00,80,3.1,0.0,3.1,0.00,
20:12:01,80,3.1,0.0,3.1,0.00,
20:12:02,80,3.1,0.0,3.1,0.00,
20:12:03,80,3.1,0.0,3.1,0.00,
20:12:04,80,3.1,0.0,3.1,0.00,
20:12:05,80,3.1,0.0,3.1,0.00,
20:12:06,80,3.1,0.0,3.1,0.00,
20:12:07,80,3.1,0.0,3.1,0.00,
20:12:08,80,3.1,0.0,3.1,0.00,
20:12:09,80,3.1,0.0,3.1,0.00,
20:12:11,80,3.1,0.0,3.1,0.00,
20:12:12,80,3.1,0.0,3.1,0.00,
20:12:13,80,3.1,0.0,3.1,0.00,
20:12:14,80,3.1,0.0,3.1,0.00,
20:12:15,80,3.1,0.0,3.1,0.00,
20:12:16,80,3.1,0.0,3.1,0.00,
20:12:17,80,3.1,0.0,3.1,0.00,
20:12:18,80,3.1,0.0,3.1,0.00,
20:12:19,80,3.1,0.0,3.1,0.00,
20:12:20,80,3.1,0.0,3.1,0.00,
20:12:21,80,3.1,0.0,3.1,0.00,
20:12:22,80,3.1,0.0,3.1,0.00,
20:12:23,80,3.1,0.0,3.1,0.00,
20:12:24,80,3.1,0.0,3.1,0.00,
20:12:25,80,3.1,0.0,3.1,0.00,
20:12:26,80,3.1,0.0,3.1,0.00,
20:12:27,80,3.1,0.0,3.1,0.00,
20:12:28,80,3.1,0.0,3.1,0.00,
20:12:29,80,3.1,0.0,3.1,0.00,
20:12:30,80,3.1,0.0,3.1,0.00,
20:12:31,80,3.1,0.0,3.1,0.00,
20:12:32,80,3.1,0.0,3.1,0.00,
20:12:34,80,3.1,0.0,3.1,0.00,
20:12:35,80,3.1,0.0,3.1,0.00,
20:12:36,80,3.1,0.0,3.1,0.00,
20:12:37,80,3.1,0.0,3.1,0.00,
20:12:38,80,3.1,0.0,3.1,0.00,
20:12:39,80,3.1,0.0,3.1,0.00,
20:12:40,80,3.1,0.0,3.1,0.00,
20:12:41,80,3.1,0.0,3.1,0.00,
20:12:42,80,3.1,0.0,3.1,0.00,
20:12:43,80,3.1,0.0,3.1,0.00,
20:12:44,80,3.1,0.0,3.1,0.00,
20:12:45,80,3.1,0.0,3.1,0.00,
20:12:46,80,3.1,0.0,3.1,0.00,
20:12:47,80,3.1,0.0,3.1,0.00,
20:12:48,80,3.1,0.0,3.1,0.00,
20:12:49,80,3.1,0.0,3.1,0.00,
20:12:50,80,3.1,0.0,3.1,0.00,
20:12:51,80,3.1,0.0,3.1,0.00,
20:12:52,80,3.1,0.0,3.1,0.00,
20:12:53,80,3.1,0.0,3.1,0.00,
20:12:54,80,3.1,0.0,3.1,0.00,
20:12:55,80,3.1,0.0,3.1,0.00,
20:12:57,80,3.1,0.0,3.1,0.00,
20:12:58,80,3.1,0.0,3.1,0.00,
20:12:59,80,3.1,0.0,3.1,0.00,
20:13:00,80,3.1,0.0,3.1,0.00,
20:13:01,80,3.1,0.0,3.1,0.00,
20:13:02,80,3.1,0.0,3.1,0.00,
20:13:03,80,3.1,0.0,3.1,0.00,
20:13:04,80,3.1,0.0,3.1,0.00,
20:13:05,80,3.1,0.0,3.1,0.00,
20:13:06,80,3.1,0.0,3.1,0.00,
20:13:07,80,3.1,0.0,3.1,0.00,
20:13:08,80,3.1,0.0,3.1,0.00,
20:13:09,80,3.1,0.0,3.1,0.00,
20:13:10,80,3.1,0.0,3.1,0.00,
20:13:11,80,3.1,0.0,3.1,0.00,
20:13:12,80,3.1,0.0,3.1,0.00,
20:13:13,80,3.1,0.0,3.1,0.00,
20:13:14,80,3.1,0.0,3.1,0.00,
20:13:15,80,3.1,0.0,3.1,0.00,
20:13:16,80,3.1,0.0,3.1,0.00,
20:13:17,80,3.1,0.0,3.1,0.00,
20:13:18,80,3.1,0.0,3.1,0.00,
20:13:20,80,3.1,0.0,3.1,0.00,
20:13:21,80,3.1,0.0,3.1,0.00,
20:13:22,80,3.1,0.0,3.1,0.00,
20:13:23,80,3.1,0.0,3.1,0.00,
20:13:24,80,3.1,0.0,3.1,0.00,
20:13:25,80,3.1,0.0,3.1,0.00,
20:13:26,80,3.1,0.0,3.1,0.00,
20:13:27,80,3.1,0.0,3.1,0.00,
20:13:28,80,3.1,0.0,3.1,0.00,
20:13:29,80,3.1,0.0,3.1,0.00,
20:13:30,80,3.1,0.0,3.1,0.00,
20:13:31,80,3.1,0.0,3.1,0.00,
20:13:32,80,3.1,0.0,3.1,0.00,
20:13:33,80,3.1,0.0,3.1,0.00,
20:13:34,80,3.1,0.0,3.1,0.00,
20:13:35,80,3.1,0.0,3.1,0.00,
20:13:36,80,3.1,0.0,3.1,0.00,
20:13:37,80,3.1,0.0,3.1,0.00,
20:13:38,80,3.1,0.0,3.1,0.00,
20:13:39,80,3.1,0.0,3.1,0.00,
20:13:40,80,3.1,0.0,3.1,0.00,
20:13:41,80,3.1,0.0,3.1,0.00,
20:13:42,80,3.1,0.0,3.1,0.00,
20:13:44,80,3.1,0.0,3.1,0.00,
20:13:45,80,3.1,0.0,3.1,0.00,
20:13:46,80,3.1,0.0,3.1,0.00,
20:13:47,80,3.1,0.0,3.1,0.00,
20:13:48,80,3.1,0.0,3.1,0.00,
20:13:49,80,3.1,0.0,3.1,0.00,
20:13:50,80,3.1,0.0,3.1,0.00,
20:13:51,80,3.1,0.0,3.1,0.00,
20:13:52,80,3.1,0.0,3.1,0.00,
20:13:53,80,3.1,0.0,3.1,0.00,
20:13:54,80,3.1,0.0,3.1,0.00,
20:13:55,80,3.1,0.0,3.1,0.00,
20:13:56,80,3.1,0.0,3.1,0.00,
20:13:57,80,3.1,0.0,3.1,0.00,
20:13:58,80,3.1,0.0,3.1,0.00,
20:13:59,80,3.1,0.0,3.1,0.00,
20:14:00,80,3.1,0.0,3.1,0.00,
20:14:01,80,3.1,0.0,3.1,0.00,
20:14:02,80,3.1,0.0,3.1,0.00,
20:14:03,80,3.1,0.0,3.1,0.00,
20:14:04,80,3.1,0.0,3.1,0.00,
20:14:05,80,3.1,0.0,3.1,0.00,
20:14:06,80,3.1,0.0,3.1,0.00,
20:14:08,80,3.1,0.0,3.1,0.00,
20:14:09,80,3.1,0.0,3.1,0.00,
20:14:10,80,3.1,0.0,3.1,0.00,
20:14:11,80,3.1,0.0,3.1,0.00,
20:14:12,80,3.1,0.0,3.1,0.00,
20:14:13,80,3.1,0.0,3.1,0.00,
20:14:14,80,3.1,0.0,3.1,0.00,
20:14:15,80,3.1,0.0,3.1,0.00,
20:14:16,80,3.1,0.0,3.1,0.00,
20:14:17,80,3.1,0.0,3.1,0.00,
20:14:18,80,3.1,0.0,3.1,0.00,
20:14:19,80,3.1,0.0,3.1,0.00,
20:14:20,80,3.1,0.0,3.1,0.00,
20:14:21,80,3.1,0.0,3.1,0.00,
20:14:22,80,3.1,0.0,3.1,0.00,
20:14:23,80,3.1,0.0,3.1,0.00,
20:14:24,80,3.1,0.0,3.1,0.00,
20:14:25,80,3.1,0.0,3.1,0.00,
20:14:26,80,3.1,0.0,3.1,0.00,
20:14:27,80,3.1,0.0,3.1,0.00,
20:14:28,80,3.1,0.0,3.1,0.00,
20:14:29,80,3.1,0.0,3.1,0.00,
20:14:31,80,3.1,0.0,3.1,0.00,
20:14:32,80,3.1,0.0,3.1,0.00,
20:14:33,80,3.1,0.0,3.1,0.00,
20:14:34,80,3.1,0.0,3.1,0.00,
20:14:35,80,3.1,0.0,3.1,0.00,
20:14:36,80,3.1,0.0,3.1,0.00,
20:14:37,80,3.1,0.0,3.1,0.00,
20:14:38,80,3.1,0.0,3.1,0.00,
20:14:39,80,3.1,0.0,3.1,0.00,
20:14:40,80,3.1,0.0,3.1,0.00,
20:14:41,80,3.1,0.0,3.1,0.00,
20:14:42,80,3.1,0.0,3.1,0.00,
20:14:43,80,3.1,0.0,3.1,0.00,
20:14:44,80,3.1,0.0,3.1,0.00,
20:14:45,80,3.1,0.0,3.1,0.00,
20:14:46,80,3.1,0.0,3.1,0.00,
20:14:47,80,3.1,0.0,3.1,0.00,
20:14:48,80,3.1,0.0,3.1,0.00,
20:14:49,80,3.1,0.0,3.1,0.00,
20:14:50,80,3.1,0.0,3.1,0.00,
20:14:51,80,5.6,0.0,5.6,0.00,
20:14:52,80,5.6,0.0,5.6,0.00,
20:14:53,80,5.6,0.0,5.6,0.00,
20:14:55,80,5.6,0.0,5.6,0.00,
20:14:56,80,5.6,0.0,5.6,0.00,
20:14:57,80,5.6,0.0,5.6,0.00,
20:14:58,80,5.6,0.0,5.6,0.00,
20:14:59,80,5.6,0.0,5.6,0.00,
20:15:00,80,5.6,0.0,5.6,0.00,
20:15:01,80,5.6,0.0,5.6,0.00,
20:15:02,80,5.6,0.0,5.6,0.00,
20:15:03,80,5.6,0.0,5.6,0.00,
20:15:04,80,5.6,0.0,5.6,0.00,
20:15:05,80,5.6,0.0,5.6,0.00,
20:15:06,80,5.6,0.0,5.6,0.00,
20:15:07,80,5.6,0.0,5.6,0.00,
20:15:08,80,5.6,0.0,5.6,0.00,
20:15:09,80,5.6,0.0,5.6,0.00,
20:15:10,80,5.6,0.0,5.6,0.00,
20:15:11,80,5.6,0.0,5.6,0.00,
20:15:12,80,5.6,0.0,5.6,0.00,
20:15:13,80,5.6,0.0,5.6,0.00,
20:15:14,80,5.6,0.0,5.6,0.00,
20:15:15,80,5.6,0.0,5.6,0.00,
20:15:16,80,5.6,0.0,5.6,0.00,
20:15:18,80,5.6,0.0,5.6,0.00,
20:15:19,80,5.6,0.0,5.6,0.00,
20:15:20,80,5.6,0.0,5.6,0.00,
20:15:21,80,5.6,0.0,5.6,0.00,
20:15:22,80,5.6,0.0,5.6,0.00,
20:15:23,80,5.6,0.0,5.6,0.00,
20:15:24,80,5.6,0.0,5.6,0.00,
20:15:25,80,5.6,0.0,5.6,0.00,
20:15:26,80,5.6,0.0,5.6,0.00,
20:15:27,80,5.6,0.0,5.6,0.00,
20:15:28,80,5.6,0.0,5.6,0.00,
20:15:29,80,5.6,0.0,5.6,0.00,
20:15:30,80,5.6,0.0,5.6,0.00,
20:15:31,80,5.6,0.0,5.6,0.00,
20:15:32,80,5.6,0.0,5.6,0.00,
20:15:33,80,5.6,0.0,5.6,0.00,
20:15:34,80,5.6,0.0,5.6,0.00,
20:15:35,80,5.6,0.0,5.6,0.00,
20:15:36,80,5.6,0.0,5.6,0.00,
20:15:37,80,5.6,0.0,5.6,0.00,
20:15:38,80,5.6,0.0,5.6,0.00,
20:15:39,80,5.6,0.0,5.6,0.00,
20:15:40,80,5.6,0.0,5.6,0.00,
20:15:42,80,5.6,0.0,5.6,0.00,
20:15:43,80,5.6,0.0,5.6,0.00,
20:15:44,80,5.6,0.0,5.6,0.00,
20:15:45,80,5.6,0.0,5.6,0.00,
20:15:46,80,5.6,0.0,5.6,0.00,
20:15:47,80,5.6,0.0,5.6,0.00,
20:15:48,80,5.6,0.0,5.6,0.00,
20:15:49,80,5.6,0.0,5.6,0.00,
20:15:50,80,5.6,0.0,5.6,0.00,
20:15:51,80,3.2,0.0,3.2,0.00,
20:15:52,80,3.2,0.0,3.2,0.00,
20:15:53,80,3.2,0.0,3.2,0.00,
20:15:54,80,3.2,0.0,3.2,0.00,
20:15:55,80,3.2,0.0,3.2,0.00,
20:15:56,80,3.2,0.0,3.2,0.00,
20:15:57,80,3.2,0.0,3.2,0.00,
20:15:58,80,3.2,0.0,3.2,0.00,
20:15:59,80,3.2,0.0,3.2,0.00,
20:16:00,80,3.2,0.0,3.2,0.00,
20:16:01,80,3.2,0.0,3.2,0.00,
20:16:02,80,3.2,0.0,3.2,0.00,
20:16:03,80,3.2,0.0,3.2,0.00,
20:16:05,80,3.2,0.0,3.2,0.00,
20:16:06,80,3.2,0.0,3.2,0.00,
20:16:07,80,3.2,0.0,3.2,0.00,
20:16:08,80,3.2,0.0,3.2,0.00,
20:16:09,80,3.2,0.0,3.2,0.00,
20:16:10,80,3.2,0.0,3.2,0.00,
20:16:11,80,3.2,0.0,3.2,0.00,
20:16:12,80,3.2,0.0,3.2,0.00,
20:16:13,80,3.2,0.0,3.2,0.00,
20:16:14,80,3.2,0.0,3.2,0.00,
20:16:15,80,3.2,0.0,3.2,0.00,
20:16:16,80,3.2,0.0,3.2,0.00,
20:16:17,80,3.2,0.0,3.2,0.00,
20:16:18,80,3.2,0.0,3.2,0.00,
20:16:19,80,3.2,0.0,3.2,0.00,
20:16:20,80,3.2,0.0,3.2,0.00,
20:16:21,80,3.2,0.0,3.2,0.00,
20:16:22,80,3.2,0.0,3.2,0.00,
20:16:23,80,3.2,0.0,3.2,0.00,
20:16:24,80,3.2,0.0,3.2,0.00,
20:16:25,80,3.2,0.0,3.2,0.00,
20:16:26,80,3.2,0.0,3.2,0.00,
20:16:28,80,3.2,0.0,3.2,0.00,
20:16:29,80,3.2,0.0,3.2,0.00,
20:16:30,80,3.2,0.0,3.2,0.00,
20:16:31,80,3.2,0.0,3.2,0.00,
20:16:32,80,3.2,0.0,3.2,0.00,
20:16:33,80,3.2,0.0,3.2,0.00,
20:16:34,80,3.2,0.0,3.2,0.00,
20:16:35,80,3.2,0.0,3.2,0.00,
20:16:36,80,3.2,0.0,3.2,0.00,
20:16:37,80,3.2,0.0,3.2,0.00,
20:16:38,80,3.2,0.0,3.2,0.00,
20:16:39,80,3.2,0.0,3.2,0.00,
20:16:40,80,3.2,0.0,3.2,0.00,
20:16:41,80,3.2,0.0,3.2,0.00,
20:16:42,80,3.2,0.0,3.2,0.00,
20:16:43,80,3.2,0.0,3.2,0.00,
20:16:44,80,3.2,0.0,3.2,0.00,
20:16:45,80,3.2,0.0,3.2,0.00,
20:16:46,80,3.2,0.0,3.2,0.00,
20:16:47,80,3.2,0.0,3.2,0.00,
20:16:48,80,3.2,0.0,3.2,0.00,
20:16:49,80,3.2,0.0,3.2,0.00,
20:16:50,80,3.2,0.0,3.2,0.00,
20:16:52,80,3.0,0.0,3.0,0.00,
20:16:53,80,3.0,0.0,3.0,0.00,
20:16:54,80,3.0,0.0,3.0,0.00,
20:16:55,80,3.0,0.0,3.0,0.00,
20:16:56,80,3.0,0.0,3.0,0.00,
20:16:57,80,3.0,0.0,3.0,0.00,
20:16:58,80,3.0,0.0,3.0,0.00,
20:16:59,80,3.0,0.0,3.0,0.00,
20:17:00,80,3.0,0.0,3.0,0.00,
20:17:01,80,3.0,0.0,3.0,0.00,
20:17:02,80,3.0,0.0,3.0,0.00,
20:17:03,80,3.0,0.0,3.0,0.00,
20:17:04,80,3.0,0.0,3.0,0.00,
20:17:05,80,3.0,0.0,3.0,0.00,
20:17:06,80,3.0,0.0,3.0,0.00,
20:17:07,80,3.0,0.0,3.0,0.00,
20:17:08,80,3.0,0.0,3.0,0.00,
20:17:09,80,3.0,0.0,3.0,0.00,
20:17:10,80,3.0,0.0,3.0,0.00,
20:17:11,80,3.0,0.0,3.0,0.00,
20:17:12,80,3.0,0.0,3.0,0.00,
20:17:14,80,3.0,0.0,3.0,0.00,
20:17:15,80,3.0,0.0,3.0,0.00,
20:17:16,80,3.0,0.0,3.0,0.00,
20:17:17,80,3.0,0.0,3.0,0.00,
20:17:18,80,3.0,0.0,3.0,0.00,
20:17:19,80,3.0,0.0,3.0,0.00,
20:17:20,80,3.0,0.0,3.0,0.00,
20:17:21,80,3.0,0.0,3.0,0.00,
20:17:22,80,3.0,0.0,3.0,0.00,
20:17:23,80,3.0,0.0,3.0,0.00,
20:17:24,80,3.0,0.0,3.0,0.00,
20:17:25,80,3.0,0.0,3.0,0.00,
20:17:26,80,3.0,0.0,3.0,0.00,
20:17:27,80,3.0,0.0,3.0,0.00,
20:17:28,80,3.0,0.0,3.0,0.00,
20:17:29,80,3.0,0.0,3.0,0.00,
20:17:30,80,3.0,0.0,3.0,0.00,
20:17:31,80,3.0,0.0,3.0,0.00,
20:17:32,80,3.0,0.0,3.0,0.00,
20:17:33,80,3.0,0.0,3.0,0.00,
20:17:34,80,3.0,0.0,3.0,0.00,
20:17:35,80,3.0,0.0,3.0,0.00,
20:17:37,80,3.0,0.0,3.0,0.00,
20:17:38,80,3.0,0.0,3.0,0.00,
20:17:39,80,3.0,0.0,3.0,0.00,
20:17:40,80,3.0,0.0,3.0,0.00,
20:17:41,80,3.0,0.0,3.0,0.00,
20:17:42,80,3.0,0.0,3.0,0.00,
20:17:43,80,3.0,0.0,3.0,0.00,
20:17:44,80,3.0,0.0,3.0,0.00,
20:17:45,80,3.0,0.0,3.0,0.00,
20:17:46,80,3.0,0.0,3.0,0.00,
20:17:47,80,3.0,0.0,3.0,0.00,
20:17:48,80,3.0,0.0,3.0,0.00,
20:17:49,80,3.0,0.0,3.0,0.00,
20:17:50,80,3.0,0.0,3.0,0.00,
20:17:51,80,3.2,0.0,3.2,0.00,
20:17:52,80,3.2,0.0,3.2,0.00,
20:17:53,80,3.2,0.0,3.2,0.00,
20:17:54,80,3.2,0.0,3.2,0.00,
20:17:55,80,3.2,0.0,3.2,0.00,
20:17:56,80,3.2,0.0,3.2,0.00,
20:17:57,80,3.2,0.0,3.2,0.00,
20:17:58,80,3.2,0.0,3.2,0.00,
20:17:59,80,3.2,0.0,3.2,0.00,
20:18:01,80,3.2,0.0,3.2,0.00,
20:18:02,80,3.2,0.0,3.2,0.00,
20:18:03,80,3.2,0.0,3.2,0.00,
20:18:04,80,3.2,0.0,3.2,0.00,
20:18:05,80,3.2,0.0,3.2,0.00,
20:18:06,80,3.2,0.0,3.2,0.00,
20:18:07,80,3.2,0.0,3.2,0.00,
20:18:08,80,3.2,0.0,3.2,0.00,
20:18:09,80,3.2,0.0,3.2,0.00,
20:18:10,80,3.2,0.0,3.2,0.00,
20:18:11,80,3.2,0.0,3.2,0.00,
20:18:12,80,3.2,0.0,3.2,0.00,
20:18:13,80,3.2,0.0,3.2,0.00,
20:18:14,80,3.2,0.0,3.2,0.00,
20:18:15,80,3.2,0.0,3.2,0.00,
20:18:16,80,3.2,0.0,3.2,0.00,
20:18:17,80,3.2,0.0,3.2,0.00,
20:18:18,80,3.2,0.0,3.2,0.00,
20:18:19,80,3.2,0.0,3.2,0.00,
20:18:20,80,3.2,0.0,3.2,0.00,
20:18:21,80,3.2,0.0,3.2,0.00,
20:18:22,80,3.2,0.0,3.2,0.00,
20:18:24,80,3.2,0.0,3.2,0.00,
20:18:25,80,3.2,0.0,3.2,0.00,
20:18:26,80,3.2,0.0,3.2,0.00,
20:18:27,80,3.2,0.0,3.2,0.00,
20:18:28,80,3.2,0.0,3.2,0.00,
20:18:29,80,3.2,0.0,3.2,0.00,
20:18:30,80,3.2,0.0,3.2,0.00,
20:18:31,80,3.2,0.0,3.2,0.00,
20:18:32,80,3.2,0.0,3.2,0.00,
20:18:33,80,3.2,0.0,3.2,0.00,
20:18:34,80,3.2,0.0,3.2,0.00,
20:18:35,80,3.2,0.0,3.2,0.00,
20:18:36,80,3.2,0.0,3.2,0.00,
20:18:37,80,3.2,0.0,3.2,0.00,
20:18:38,80,3.2,0.0,3.2,0.00,
20:18:39,80,3.2,0.0,3.2,0.00,
20:18:40,80,3.2,0.0,3.2,0.00,
20:18:41,80,3.2,0.0,3.2,0.00,
20:18:42,80,3.2,0.0,3.2,0.00,
20:18:43,80,3.2,0.0,3.2,0.00,
20:18:44,80,3.2,0.0,3.2,0.00,
20:18:45,80,3.2,0.0,3.2,0.00,
20:18:47,80,3.2,0.0,3.2,0.00,
20:18:48,80,3.2,0.0,3.2,0.00,
20:18:49,80,3.2,0.0,3.2,0.00,
20:18:50,80,3.2,0.0,3.2,0.00,
20:18:51,80,3.0,0.0,3.0,0.00,
20:18:52,80,3.0,0.0,3.0,0.00,
20:18:53,80,3.0,0.0,3.0,0.00,
20:18:54,80,3.0,0.0,3.0,0.00,
20:18:55,80,3.0,0.0,3.0,0.00,
20:18:56,80,3.0,0.0,3.0,0.00,
20:18:57,80,3.0,0.0,3.0,0.00,
20:18:58,80,3.0,0.0,3.0,0.00,
20:18:59,80,3.0,0.0,3.0,0.00,
20:19:00,80,3.0,0.0,3.0,0.00,
20:19:01,80,3.0,0.0,3.0,0.00,
20:19:02,80,3.0,0.0,3.0,0.00,
20:19:03,80,3.0,0.0,3.0,0.00,
20:19:04,80,3.0,0.0,3.0,0.00,
20:19:05,80,3.0,0.0,3.0,0.00,
20:19:06,80,3.0,0.0,3.0,0.00,
20:19:07,80,3.0,0.0,3.0,0.00,
20:19:08,80,3.0,0.0,3.0,0.00,
20:19:10,80,3.0,0.0,3.0,0.00,
20:19:11,80,3.0,0.0,3.0,0.00,
20:19:12,80,3.0,0.0,3.0,0.00,
20:19:13,80,3.0,0.0,3.0,0.00,
20:19:14,80,3.0,0.0,3.0,0.00,
20:19:15,80,3.0,0.0,3.0,0.00,
20:19:16,80,3.0,0.0,3.0,0.00,
20:19:17,80,3.0,0.0,3.0,0.00,
20:19:18,80,3.0,0.0,3.0,0.00,
20:19:19,80,3.0,0.0,3.0,0.00,
20:19:20,80,3.0,0.0,3.0,0.00,
20:19:21,80,3.0,0.0,3.0,0.00,
20:19:22,80,3.0,0.0,3.0,0.00,
20:19:23,80,3.0,0.0,3.0,0.00,
20:19:24,80,3.0,0.0,3.0,0.00,
20:19:25,80,3.0,0.0,3.0,0.00,
20:19:26,80,3.0,0.0,3.0,0.00,
20:19:27,80,3.0,0.0,3.0,0.00,
20:19:28,80,3.0,0.0,3.0,0.00,
20:19:29,80,3.0,0.0,3.0,0.00,
20:19:30,80,3.0,0.0,3.0,0.00,
20:19:31,80,3.0,0.0,3.0,0.00,
20:19:32,80,3.0,0.0,3.0,0.00,
20:19:34,80,3.0,0.0,3.0,0.00,
20:19:35,80,3.0,0.0,3.0,0.00,
20:19:36,80,3.0,0.0,3.0,0.00,
20:19:37,80,3.0,0.0,3.0,0.00,
20:19:38,80,3.0,0.0,3.0,0.00,
20:19:39,80,3.0,0.0,3.0,0.00,
20:19:40,80,3.0,0.0,3.0,0.00,
20:19:41,80,3.0,0.0,3.0,0.00,
20:19:42,80,3.0,0.0,3.0,0.00,
20:19:43,80,3.0,0.0,3.0,0.00,
20:19:44,80,3.0,0.0,3.0,0.00,
20:19:45,80,3.0,0.0,3.0,0.00,
20:19:46,80,3.0,0.0,3.0,0.00,
20:19:47,80,3.0,0.0,3.0,0.00,
20:19:48,80,3.0,0.0,3.0,0.00,
20:19:49,80,3.0,0.0,3.0,0.00,
20:19:50,80,3.0,0.0,3.0,0.00,
20:19:51,80,3.1,0.0,3.1,0.00,
20:19:52,80,3.1,0.0,3.1,0.00,
20:19:53,80,3.1,0.0,3.1,0.00,
20:19:54,80,3.1,0.0,3.1,0.00,
20:19:55,80,3.1,0.0,3.1,0.00,
20:19:57,80,3.1,0.0,3.1,0.00,
20:19:58,80,3.1,0.0,3.1,0.00,
20:19:59,80,3.1,0.0,3.1,0.00,
20:20:00,80,3.1,0.0,3.1,0.00,
20:20:01,80,3.1,0.0,3.1,0.00,
20:20:02,80,3.1,0.0,3.1,0.00,
20:20:03,80,3.1,0.0,3.1,0.00,
20:20:04,80,3.1,0.0,3.1,0.00,
20:20:05,80,3.1,0.0,3.1,0.00,
20:20:06,80,3.1,0.0,3.1,0.00,
20:20:07,80,3.1,0.0,3.1,0.00,
20:20:08,80,3.1,0.0,3.1,0.00,
20:20:09,80,3.1,0.0,3.1,0.00,
20:20:10,80,3.1,0.0,3.1,0.00,
20:20:11,80,3.1,0.0,3.1,0.00,
20:20:12,80,3.1,0.0,3.1,0.00,
20:20:13,80,3.1,0.0,3.1,0.00,
20:20:14,80,3.1,0.0,3.1,0.00,
20:20:15,80,3.1,0.0,3.1,0.00,
20:20:16,80,3.1,0.0,3.1,0.00,
20:20:17,80,3.1,0.0,3.1,0.00,
20:20:18,80,3.1,0.0,3.1,0.00,
20:20:19,80,3.1,0.0,3.1,0.00,
20:20:21,80,3.1,0.0,3.1,0.00,
20:20:22,80,3.1,0.0,3.1,0.00,
20:20:23,80,3.1,0.0,3.1,0.00,
20:20:24,80,3.1,0.0,3.1,0.00,
20:20:25,80,3.1,0.0,3.1,0.00,
20:20:26,80,3.1,0.0,3.1,0.00,
20:20:27,80,3.1,0.0,3.1,0.00,
20:20:28,80,3.1,0.0,3.1,0.00,
20:20:29,80,3.1,0.0,3.1,0.00,
20:20:30,80,3.1,0.0,3.1,0.00,
20:20:31,80,3.1,0.0,3.1,0.00,
20:20:32,80,3.1,0.0,3.1,0.00,
20:20:33,80,3.1,0.0,3.1,0.00,
20:20:34,80,3.1,0.0,3.1,0.00,
20:20:35,80,3.1,0.0,3.1,0.00,
20:20:36,80,3.1,0.0,3.1,0.00,
20:20:37,80,3.1,0.0,3.1,0.00,
20:20:38,80,3.1,0.0,3.1,0.00,
20:20:39,80,3.1,0.0,3.1,0.00,
20:20:40,80,3.1,0.0,3.1,0.00,
20:20:41,80,3.1,0.0,3.1,0.00,
20:20:42,80,3.1,0.0,3.1,0.00,
20:20:43,80,3.1,0.0,3.1,0.00,
20:20:45,80,3.1,0.0,3.1,0.00,
20:20:46,80,3.1,0.0,3.1,0.00,
20:20:47,80,3.1,0.0,3.1,0.00,
20:20:48,80,3.1,0.0,3.1,0.00,
20:20:49,80,3.1,0.0,3.1,0.00,
20:20:50,80,3.1,0.0,3.1,0.00,
20:20:51,80,3.0,0.0,3.0,0.00,
20:20:52,80,3.0,0.0,3.0,0.00,
20:20:53,80,3.0,0.0,3.0,0.00,
20:20:54,80,3.0,0.0,3.0,0.00,
20:20:55,80,3.0,0.0,3.0,0.00,
20:20:56,80,3.0,0.0,3.0,0.00,
20:20:57,80,3.0,0.0,3.0,0.00,
20:20:58,80,3.0,0.0,3.0,0.00,
20:20:59,80,3.0,0.0,3.0,0.00,
20:21:00,80,3.0,0.0,3.0,0.00,
20:21:01,80,3.0,0.0,3.0,0.00,
20:21:02,80,3.0,0.0,3.0,0.00,
20:21:03,80,3.0,0.0,3.0,0.00,
20:21:04,80,3.0,0.0,3.0,0.00,
20:21:05,80,3.0,0.0,3.0,0.00,
20:21:06,80,3.0,0.0,3.0,0.00,
20:21:08,80,3.0,0.0,3.0,0.00,
20:21:09,80,3.0,0.0,3.0,0.00,
20:21:10,80,3.0,0.0,3.0,0.00,
20:21:11,80,3.0,0.0,3.0,0.00,
20:21:12,80,3.0,0.0,3.0,0.00,
20:21:13,80,3.0,0.0,3.0,0.00,
20:21:14,80,3.0,0.0,3.0,0.00,
20:21:15,80,3.0,0.0,3.0,0.00,
20:21:16,80,3.0,0.0,3.0,0.00,
20:21:17,80,3.0,0.0,3.0,0.00,
20:21:18,80,3.0,0.0,3.0,0.00,
20:21:19,80,3.0,0.0,3.0,0.00,
20:21:20,80,3.0,0.0,3.0,0.00,
20:21:21,80,3.0,0.0,3.0,0.00,
20:21:22,80,3.0,0.0,3.0,0.00,
20:21:23,80,3.0,0.0,3.0,0.00,
20:21:24,80,3.0,0.0,3.0,0.00,
20:21:25,80,3.0,0.0,3.0,0.00,
20:21:26,80,3.0,0.0,3.0,0.00,
20:21:27,80,3.0,0.0,3.0,0.00,
20:21:28,80,3.0,0.0,3.0,0.00,
20:21:29,80,3.0,0.0,3.0,0.00,
20:21:31,80,3.0,0.0,3.0,0.00,
20:21:32,80,3.0,0.0,3.0,0.00,
20:21:33,80,3.0,0.0,3.0,0.00,
20:21:34,80,3.0,0.0,3.0,0.00,
20:21:35,80,3.0,0.0,3.0,0.00,
20:21:36,80,3.0,0.0,3.0,0.00,
20:21:37,80,3.0,0.0,3.0,0.00,
20:21:38,80,3.0,0.0,3.0,0.00,
20:21:39,80,3.0,0.0,3.0,0.00,
20:21:40,80,3.0,0.0,3.0,0.00,
20:21:41,80,3.0,0.0,3.0,0.00,
20:21:42,80,3.0,0.0,3.0,0.00,
20:21:43,80,3.0,0.0,3.0,0.00,
20:21:44,80,3.0,0.0,3.0,0.00,
20:21:45,80,3.0,0.0,3.0,0.00,
20:21:46,80,3.0,0.0,3.0,0.00,
20:21:47,80,3.0,0.0,3.0,0.00,
20:21:48,80,3.0,0.0,3.0,0.00,
20:21:49,80,3.0,0.0,3.0,0.00,
20:21:50,80,3.0,0.0,3.0,0.00,
20:21:51,80,3.1,0.0,3.1,0.00,
20:21:52,80,3.1,0.0,3.1,0.00,
20:21:53,80,3.1,0.0,3.1,0.00,
20:21:55,80,3.1,0.0,3.1,0.00,
20:21:56,80,3.1,0.0,3.1,0.00,
20:21:57,80,3.1,0.0,3.1,0.00,
20:21:58,80,3.1,0.0,3.1,0.00,
20:21:59,80,3.1,0.0,3.1,0.00,
20:22:00,80,3.1,0.0,3.1,0.00,
20:22:01,80,3.1,0.0,3.1,0.00,
20:22:02,80,3.1,0.0,3.1,0.00,
20:22:03,80,3.1,0.0,3.1,0.00,
20:22:04,80,3.1,0.0,3.1,0.00,
20:22:05,80,3.1,0.0,3.1,0.00,
20:22:06,80,3.1,0.0,3.1,0.00,
20:22:07,80,3.1,0.0,3.1,0.00,
20:22:08,80,3.1,0.0,3.1,0.00,
20:22:09,80,3.1,0.0,3.1,0.00,
20:22:10,80,3.1,0.0,3.1,0.00,
20:22:11,80,3.1,0.0,3.1,0.00,
20:22:12,80,3.1,0.0,3.1,0.00,
20:22:13,80,3.1,0.0,3.1,0.00,
20:22:14,80,3.1,0.0,3.1,0.00,
20:22:15,80,3.1,0.0,3.1,0.00,
20:22:16,80,3.1,0.0,3.1,0.00,
20:22:18,80,3.1,0.0,3.1,0.00,
20:22:19,80,3.1,0.0,3.1,0.00,
20:22:20,80,3.1,0.0,3.1,0.00,
20:22:21,80,3.1,0.0,3.1,0.00,
20:22:22,80,3.1,0.0,3.1,0.00,
20:22:23,80,3.1,0.0,3.1,0.00,
20:22:24,80,3.1,0.0,3.1,0.00,
20:22:25,80,3.1,0.0,3.1,0.00,
20:22:26,80,3.1,0.0,3.1,0.00,
20:22:27,80,3.1,0.0,3.1,0.00,
20:22:28,80,3.1,0.0,3.1,0.00,
20:22:29,80,3.1,0.0,3.1,0.00,
20:22:30,80,3.1,0.0,3.1,0.00,
20:22:31,80,3.1,0.0,3.1,0.00,
20:22:32,80,3.1,0.0,3.1,0.00,
20:22:33,80,3.1,0.0,3.1,0.00,
20:22:34,80,3.1,0.0,3.1,0.00,
20:22:35,80,3.1,0.0,3.1,0.00,
20:22:36,80,3.1,0.0,3.1,0.00,
20:22:37,80,3.1,0.0,3.1,0.00,
20:22:38,80,3.1,0.0,3.1,0.00,
20:22:39,80,3.1,0.0,3.1,0.00,
20:22:41,80,3.1,0.0,3.1,0.00,
20:22:42,80,3.1,0.0,3.1,0.00,
20:22:43,80,3.1,0.0,3.1,0.00,
20:22:44,80,3.1,0.0,3.1,0.00,
20:22:45,80,3.1,0.0,3.1,0.00,
20:22:46,80,3.1,0.0,3.1,0.00,
20:22:47,80,3.1,0.0,3.1,0.00,
20:22:48,80,3.1,0.0,3.1,0.00,
20:22:49,80,3.1,0.0,3.1,0.00,
20:22:50,80,3.1,0.0,3.1,0.00,
20:22:51,80,3.3,0.0,3.3,0.00,
20:22:52,80,3.3,0.0,3.3,0.00,
20:22:53,80,3.3,0.0,3.3,0.00,
20:22:54,80,3.3,0.0,3.3,0.00,
20:22:55,80,3.3,0.0,3.3,0.00,
20:22:56,80,3.3,0.0,3.3,0.00,
20:22:57,80,3.3,0.0,3.3,0.00,
20:22:58,80,3.3,0.0,3.3,0.00,
20:22:59,80,3.3,0.0,3.3,0.00,
20:23:00,80,3.3,0.0,3.3,0.00,
20:23:01,80,3.3,0.0,3.3,0.00,
20:23:02,80,3.3,0.0,3.3,0.00,
20:23:03,80,3.3,0.0,3.3,0.00,
20:23:05,80,3.3,0.0,3.3,0.00,
20:23:06,80,3.3,0.0,3.3,0.00,
20:23:07,80,3.3,0.0,3.3,0.00,
20:23:08,80,3.3,0.0,3.3,0.00,
20:23:09,80,3.3,0.0,3.3,0.00,
20:23:10,80,3.3,0.0,3.3,0.00,
20:23:11,80,3.3,0.0,3.3,0.00,
20:23:12,80,3.3,0.0,3.3,0.00,
20:23:13,80,3.3,0.0,3.3,0.00,
20:23:14,80,3.3,0.0,3.3,0.00,
20:23:15,80,3.3,0.0,3.3,0.00,
20:23:16,80,3.3,0.0,3.3,0.00,
20:23:17,80,3.3,0.0,3.3,0.00,
20:23:18,80,3.3,0.0,3.3,0.00,
20:23:19,80,3.3,0.0,3.3,0.00,
20:23:20,80,3.3,0.0,3.3,0.00,
20:23:21,80,3.3,0.0,3.3,0.00,
20:23:22,80,3.3,0.0,3.3,0.00,
20:23:23,80,3.3,0.0,3.3,0.00,
20:23:24,80,3.3,0.0,3.3,0.00,
20:23:25,80,3.3,0.0,3.3,0.00,
20:23:26,80,3.3,0.0,3.3,0.00,
20:23:28,80,3.3,0.0,3.3,0.00,
20:23:29,80,3.3,0.0,3.3,0.00,
20:23:30,80,3.3,0.0,3.3,0.00,
20:23:31,80,3.3,0.0,3.3,0.00,
20:23:32,80,3.3,0.0,3.3,0.00,
20:23:33,80,3.3,0.0,3.3,0.00,
20:23:34,80,3.3,0.0,3.3,0.00,
20:23:35,80,3.3,0.0,3.3,0.00,
20:23:36,80,3.3,0.0,3.3,0.00,
20:23:37,80,3.3,0.0,3.3,0.00,
20:23:38,80,3.3,0.0,3.3,0.00,
20:23:39,80,3.3,0.0,3.3,0.00,
20:23:40,80,3.3,0.0,3.3,0.00,
20:23:41,80,3.3,0.0,3.3,0.00,
20:23:42,80,3.3,0.0,3.3,0.00,
20:23:43,80,3.3,0.0,3.3,0.00,
20:23:44,80,3.3,0.0,3.3,0.00,
20:23:45,80,3.3,0.0,3.3,0.00,
20:23:46,80,3.3,0.0,3.3,0.00,
20:23:47,80,3.3,0.0,3.3,0.00,
20:23:48,80,3.3,0.0,3.3,0.00,
20:23:49,80,3.3,0.0,3.3,0.00,
20:23:50,80,3.3,0.0,3.3,0.00,
20:23:52,80,3.0,0.0,3.0,0.00,
20:23:53,80,3.0,0.0,3.0,0.00,
20:23:54,80,3.0,0.0,3.0,0.00,
20:23:55,80,3.0,0.0,3.0,0.00,
20:23:56,80,3.0,0.0,3.0,0.00,
20:23:57,80,3.0,0.0,3.0,0.00,
20:23:58,80,3.0,0.0,3.0,0.00,
20:23:59,80,3.0,0.0,3.0,0.00,
20:24:00,80,3.0,0.0,3.0,0.00,
20:24:01,80,3.0,0.0,3.0,0.00,
20:24:02,80,3.0,0.0,3.0,0.00,
20:24:03,80,3.0,0.0,3.0,0.00,
20:24:04,80,3.0,0.0,3.0,0.00,
20:24:05,80,3.0,0.0,3.0,0.00,
20:24:06,80,3.0,0.0,3.0,0.00,
20:24:07,80,3.0,0.0,3.0,0.00,
20:24:08,80,3.0,0.0,3.0,0.00,
20:24:09,80,3.0,0.0,3.0,0.00,
20:24:10,80,3.0,0.0,3.0,0.00,
20:24:11,80,3.0,0.0,3.0,0.00,
20:24:12,80,3.0,0.0,3.0,0.00,
20:24:13,80,3.0,0.0,3.0,0.00,
20:24:15,80,3.0,0.0,3.0,0.00,
20:24:16,80,3.0,0.0,3.0,0.00,
20:24:17,80,3.0,0.0,3.0,0.00,
20:24:18,80,3.0,0.0,3.0,0.00,
20:24:19,80,3.0,0.0,3.0,0.00,
20:24:20,80,3.0,0.0,3.0,0.00,
20:24:21,80,3.0,0.0,3.0,0.00,
20:24:22,80,3.0,0.0,3.0,0.00,
20:24:23,80,3.0,0.0,3.0,0.00,
20:24:24,80,3.0,0.0,3.0,0.00,
20:24:25,80,3.0,0.0,3.0,0.00,
20:24:26,80,3.0,0.0,3.0,0.00,
20:24:27,80,3.0,0.0,3.0,0.00,
20:24:28,80,3.0,0.0,3.0,0.00,
20:24:29,80,3.0,0.0,3.0,0.00,
20:24:30,80,3.0,0.0,3.0,0.00,
20:24:31,80,3.0,0.0,3.0,0.00,
20:24:32,80,3.0,0.0,3.0,0.00,
20:24:33,80,3.0,0.0,3.0,0.00,
20:24:34,80,3.0,0.0,3.0,0.00,
20:24:35,80,3.0,0.0,3.0,0.00,
20:24:36,80,3.0,0.0,3.0,0.00,
20:24:37,80,3.0,0.0,3.0,0.00,
20:24:39,80,3.0,0.0,3.0,0.00,
20:24:40,80,3.0,0.0,3.0,0.00,
20:24:41,80,3.0,0.0,3.0,0.00,
20:24:42,80,3.0,0.0,3.0,0.00,
20:24:43,80,3.0,0.0,3.0,0.00,
20:24:44,80,3.0,0.0,3.0,0.00,
20:24:45,80,3.0,0.0,3.0,0.00,
20:24:46,80,3.0,0.0,3.0,0.00,
20:24:47,80,3.0,0.0,3.0,0.00,
20:24:48,80,3.0,0.0,3.0,0.00,
20:24:49,80,3.0,0.0,3.0,0.00,
20:24:50,80,3.0,0.0,3.0,0.00,
20:24:51,80,5.3,0.0,5.3,0.00,
20:24:52,80,5.3,0.0,5.3,0.00,
20:24:53,80,5.3,0.0,5.3,0.00,
20:24:54,80,5.3,0.0,5.3,0.00,
20:24:55,80,5.3,0.0,5.3,0.00,
20:24:56,80,5.3,0.0,5.3,0.00,
20:24:57,80,5.3,0.0,5.3,0.00,
20:24:58,80,5.3,0.0,5.3,0.00,
20:24:59,80,5.3,0.0,5.3,0.00,
20:25:00,80,5.3,0.0,5.3,0.00,
20:25:01,80,5.3,0.0,5.3,0.00,
20:25:02,80,5.3,0.0,5.3,0.00,
20:25:04,80,5.3,0.0,5.3,0.00,
20:25:05,80,5.3,0.0,5.3,0.00,
20:25:06,80,5.3,0.0,5.3,0.00,
20:25:07,80,5.3,0.0,5.3,0.00,
20:25:08,80,5.3,0.0,5.3,0.00,
20:25:09,80,5.3,0.0,5.3,0.00,
20:25:10,80,5.3,0.0,5.3,0.00,
20:25:11,80,5.3,0.0,5.3,0.00,
20:25:12,80,5.3,0.0,5.3,0.00,
20:25:13,80,5.3,0.0,5.3,0.00,
20:25:14,80,5.3,0.0,5.3,0.00,
20:25:15,80,5.3,0.0,5.3,0.00,
20:25:16,80,5.3,0.0,5.3,0.00,
20:25:17,80,5.3,0.0,5.3,0.00,
20:25:18,80,5.3,0.0,5.3,0.00,
20:25:19,80,5.3,0.0,5.3,0.00,
20:25:20,80,5.3,0.0,5.3,0.00,
20:25:21,80,5.3,0.0,5.3,0.00,
20:25:22,80,5.3,0.0,5.3,0.00,
20:25:23,80,5.3,0.0,5.3,0.00,
20:25:24,80,5.3,0.0,5.3,0.00,
20:25:25,80,5.3,0.0,5.3,0.00,
20:25:26,80,5.3,0.0,5.3,0.00,
20:25:28,80,5.3,0.0,5.3,0.00,
20:25:29,80,5.3,0.0,5.3,0.00,
20:25:30,80,5.3,0.0,5.3,0.00,
20:25:31,80,5.3,0.0,5.3,0.00,
20:25:32,80,5.3,0.0,5.3,0.00,
20:25:33,80,5.3,0.0,5.3,0.00,
20:25:34,80,5.3,0.0,5.3,0.00,
20:25:35,80,5.3,0.0,5.3,0.00,
20:25:36,80,5.3,0.0,5.3,0.00,
20:25:37,80,5.3,0.0,5.3,0.00,
20:25:38,80,5.3,0.0,5.3,0.00,
20:25:39,80,5.3,0.0,5.3,0.00,
20:25:40,80,5.3,0.0,5.3,0.00,
20:25:41,80,5.3,0.0,5.3,0.00,
20:25:42,80,5.3,0.0,5.3,0.00,
20:25:43,80,5.3,0.0,5.3,0.00,
20:25:44,80,5.3,0.0,5.3,0.00,
20:25:45,80,5.3,0.0,5.3,0.00,
20:25:46,80,5.3,0.0,5.3,0.00,
20:25:47,80,5.3,0.0,5.3,0.00,
20:25:48,80,5.3,0.0,5.3,0.00,
20:25:49,80,5.3,0.0,5.3,0.00,
20:25:50,80,5.3,0.0,5.3,0.00,
20:25:52,80,3.1,0.0,3.1,0.00,
20:25:53,80,3.1,0.0,3.1,0.00,
20:25:54,80,3.1,0.0,3.1,0.00,
20:25:55,80,3.1,0.0,3.1,0.00,
20:25:56,80,3.1,0.0,3.1,0.00,
20:25:57,80,3.1,0.0,3.1,0.00,
20:25:58,80,3.1,0.0,3.1,0.00,
20:25:59,80,3.1,0.0,3.1,0.00,
20:26:00,80,3.1,0.0,3.1,0.00,
20:26:01,80,3.1,0.0,3.1,0.00,
20:26:02,80,3.1,0.0,3.1,0.00,
20:26:03,80,3.1,0.0,3.1,0.00,
20:26:04,80,3.1,0.0,3.1,0.00,
20:26:05,80,3.1,0.0,3.1,0.00,
20:26:06,80,3.1,0.0,3.1,0.00,
20:26:07,80,3.1,0.0,3.1,0.00,
20:26:08,80,3.1,0.0,3.1,0.00,
20:26:09,80,3.1,0.0,3.1,0.00,
20:26:10,80,3.1,0.0,3.1,0.00,
20:26:11,80,3.1,0.0,3.1,0.00,
20:26:12,80,3.1,0.0,3.1,0.00,
20:26:13,80,3.1,0.0,3.1,0.00,
20:26:14,80,3.1,0.0,3.1,0.00,
20:26:16,80,3.1,0.0,3.1,0.00,
20:26:17,80,3.1,0.0,3.1,0.00,
20:26:18,80,3.1,0.0,3.1,0.00,
20:26:19,80,3.1,0.0,3.1,0.00,
20:26:20,80,3.1,0.0,3.1,0.00,
20:26:21,80,3.1,0.0,3.1,0.00,
20:26:22,80,3.1,0.0,3.1,0.00,
20:26:23,80,3.1,0.0,3.1,0.00,
20:26:24,80,3.1,0.0,3.1,0.00,
20:26:25,80,3.1,0.0,3.1,0.00,
20:26:26,80,3.1,0.0,3.1,0.00,
20:26:27,80,3.1,0.0,3.1,0.00,
20:26:28,80,3.1,0.0,3.1,0.00,
20:26:29,80,3.1,0.0,3.1,0.00,
20:26:30,80,3.1,0.0,3.1,0.00,
20:26:31,80,3.1,0.0,3.1,0.00,
20:26:32,80,3.1,0.0,3.1,0.00,
20:26:33,80,3.1,0.0,3.1,0.00,
20:26:34,80,3.1,0.0,3.1,0.00,
20:26:35,80,3.1,0.0,3.1,0.00,
20:26:36,80,3.1,0.0,3.1,0.00,
20:26:37,80,3.1,0.0,3.1,0.00,
20:26:39,80,3.1,0.0,3.1,0.00,
20:26:40,80,3.1,0.0,3.1,0.00,
20:26:41,80,3.1,0.0,3.1,0.00,
20:26:42,80,3.1,0.0,3.1,0.00,
20:26:43,80,3.1,0.0,3.1,0.00,
20:26:44,80,3.1,0.0,3.1,0.00,
20:26:45,80,3.1,0.0,3.1,0.00,
20:26:46,80,3.1,0.0,3.1,0.00,
20:26:47,80,3.1,0.0,3.1,0.00,
20:26:48,80,3.1,0.0,3.1,0.00,
20:26:49,80,3.1,0.0,3.1,0.00,
20:26:50,80,3.1,0.0,3.1,0.00,
20:26:51,80,3.1,0.0,3.1,0.00,
20:26:52,80,3.1,0.0,3.1,0.00,
20:26:53,80,3.1,0.0,3.1,0.00,
20:26:54,80,3.1,0.0,3.1,0.00,
20:26:55,80,3.1,0.0,3.1,0.00,
20:26:56,80,3.1,0.0,3.1,0.00,
20:26:57,80,3.1,0.0,3.1,0.00,
20:26:58,80,3.1,0.0,3.1,0.00,
20:26:59,80,3.1,0.0,3.1,0.00,
20:27:00,80,3.1,0.0,3.1,0.00,
20:27:02,80,3.1,0.0,3.1,0.00,
20:27:03,80,3.1,0.0,3.1,0.00,
20:27:04,80,3.1,0.0,3.1,0.00,
20:27:05,80,3.1,0.0,3.1,0.00,
20:27:06,80,3.1,0.0,3.1,0.00,
20:27:07,80,3.1,0.0,3.1,0.00,
20:27:08,80,3.1,0.0,3.1,0.00,
20:27:09,80,3.1,0.0,3.1,0.00,
20:27:10,80,3.1,0.0,3.1,0.00,
20:27:11,80,3.1,0.0,3.1,0.00,
20:27:12,80,3.1,0.0,3.1,0.00,
20:27:13,80,3.1,0.0,3.1,0.00,
20:27:14,80,3.1,0.0,3.1,0.00,
20:27:15,80,3.1,0.0,3.1,0.00,
20:27:16,80,3.1,0.0,3.1,0.00,
20:27:17,80,3.1,0.0,3.1,0.00,
20:27:18,80,3.1,0.0,3.1,0.00,
20:27:19,80,3.1,0.0,3.1,0.00,
20:27:20,80,3.1,0.0,3.1,0.00,
20:27:21,80,3.1,0.0,3.1,0.00,
20:27:22,80,3.1,0.0,3.1,0.00,
20:27:23,80,3.1,0.0,3.1,0.00,
20:27:24,80,3.1,0.0,3.1,0.00,
20:27:26,80,3.1,0.0,3.1,0.00,
20:27:27,80,3.1,0.0,3.1,0.00,
20:27:28,80,3.1,0.0,3.1,0.00,
20:27:29,80,3.1,0.0,3.1,0.00,
20:27:30,80,3.1,0.0,3.1,0.00,
20:27:31,80,3.1,0.0,3.1,0.00,
20:27:32,80,3.1,0.0,3.1,0.00,
20:27:33,80,3.1,0.0,3.1,0.00,
20:27:34,80,3.1,0.0,3.1,0.00,
20:27:35,80,3.1,0.0,3.1,0.00,
20:27:36,80,3.1,0.0,3.1,0.00,
20:27:37,80,3.1,0.0,3.1,0.00,
20:27:38,80,3.1,0.0,3.1,0.00,
20:27:39,80,3.1,0.0,3.1,0.00,
20:27:40,80,3.1,0.0,3.1,0.00,
20:27:41,80,3.1,0.0,3.1,0.00,
20:27:42,80,3.1,0.0,3.1,0.00,
20:27:43,80,3.1,0.0,3.1,0.00,
20:27:44,80,3.1,0.0,3.1,0.00,
20:27:45,80,3.1,0.0,3.1,0.00,
20:27:46,80,3.1,0.0,3.1,0.00,
20:27:47,80,3.1,0.0,3.1,0.00,
20:27:48,80,3.1,0.0,3.1,0.00,
20:27:49,80,3.1,0.0,3.1,0.00,
20:27:50,80,3.1,0.0,3.1,0.00,
20:27:52,80,5.2,0.0,5.2,0.00,
20:27:53,80,5.2,0.0,5.2,0.00,
20:27:54,80,5.2,0.0,5.2,0.00,
20:27:55,80,5.2,0.0,5.2,0.00,
20:27:56,80,5.2,0.0,5.2,0.00,
20:27:57,80,5.2,0.0,5.2,0.00,
20:27:58,80,5.2,0.0,5.2,0.00,
20:27:59,80,5.2,0.0,5.2,0.00,
20:28:00,80,5.2,0.0,5.2,0.00,
20:28:01,80,5.2,0.0,5.2,0.00,
20:28:02,80,5.2,0.0,5.2,0.00,
20:28:03,80,5.2,0.0,5.2,0.00,
20:28:04,80,5.2,0.0,5.2,0.00,
20:28:05,80,5.2,0.0,5.2,0.00,
20:28:06,80,5.2,0.0,5.2,0.00,
20:28:07,80,5.2,0.0,5.2,0.00,
20:28:08,80,5.2,0.0,5.2,0.00,
20:28:09,80,5.2,0.0,5.2,0.00,
20:28:10,80,5.2,0.0,5.2,0.00,
20:28:11,80,5.2,0.0,5.2,0.00,
20:28:12,80,5.2,0.0,5.2,0.00,
20:28:13,80,5.2,0.0,5.2,0.00,
20:28:15,80,5.2,0.0,5.2,0.00,
20:28:16,80,5.2,0.0,5.2,0.00,
20:28:17,80,5.2,0.0,5.2,0.00,
20:28:18,80,5.2,0.0,5.2,0.00,
20:28:19,80,5.2,0.0,5.2,0.00,
20:28:20,80,5.2,0.0,5.2,0.00,
20:28:21,80,5.2,0.0,5.2,0.00,
20:28:22,80,5.2,0.0,5.2,0.00,
20:28:23,80,5.2,0.0,5.2,0.00,
20:28:24,80,5.2,0.0,5.2,0.00,
20:28:25,80,5.2,0.0,5.2,0.00,
20:28:26,80,5.2,0.0,5.2,0.00,
20:28:27,80,5.2,0.0,5.2,0.00,
20:28:28,80,5.2,0.0,5.2,0.00,
20:28:29,80,5.2,0.0,5.2,0.00,
20:28:30,80,5.2,0.0,5.2,0.00,
20:28:31,80,5.2,0.0,5.2,0.00,
20:28:32,80,5.2,0.0,5.2,0.00,
20:28:33,80,5.2,0.0,5.2,0.00,
20:28:34,80,5.2,0.0,5.2,0.00,
20:28:35,80,5.2,0.0,5.2,0.00,
20:28:36,80,5.2,0.0,5.2,0.00,
20:28:38,80,5.2,0.0,5.2,0.00,
20:28:39,80,5.2,0.0,5.2,0.00,
20:28:40,80,5.2,0.0,5.2,0.00,
20:28:41,80,5.2,0.0,5.2,0.00,
20:28:42,80,5.2,0.0,5.2,0.00,
20:28:43,80,5.2,0.0,5.2,0.00,
20:28:44,80,5.2,0.0,5.2,0.00,
20:28:45,80,5.2,0.0,5.2,0.00,
20:28:46,80,5.2,0.0,5.2,0.00,
20:28:47,80,5.2,0.0,5.2,0.00,
20:28:48,80,5.2,0.0,5.2,0.00,
20:28:49,80,5.2,0.0,5.2,0.00,
20:28:50,80,5.2,0.0,5.2,0.00,
20:28:51,80,3.3,0.0,3.3,0.00,
20:28:52,80,3.3,0.0,3.3,0.00,
20:28:53,80,3.3,0.0,3.3,0.00,
20:28:54,80,3.3,0.0,3.3,0.00,
20:28:55,80,3.3,0.0,3.3,0.00,
20:28:56,80,3.3,0.0,3.3,0.00,
20:28:57,80,3.3,0.0,3.3,0.00,
20:28:58,80,3.3,0.0,3.3,0.00,
20:28:59,80,3.3,0.0,3.3,0.00,
20:29:00,80,3.3,0.0,3.3,0.00,
20:29:02,80,3.3,0.0,3.3,0.00,
20:29:03,80,3.3,0.0,3.3,0.00,
20:29:04,80,3.3,0.0,3.3,0.00,
20:29:05,80,3.3,0.0,3.3,0.00,
20:29:06,80,3.3,0.0,3.3,0.00,
20:29:07,80,3.3,0.0,3.3,0.00,
20:29:08,80,3.3,0.0,3.3,0.00,
20:29:09,80,3.3,0.0,3.3,0.00,
20:29:10,80,3.3,0.0,3.3,0.00,
20:29:11,80,3.3,0.0,3.3,0.00,
20:29:12,80,3.3,0.0,3.3,0.00,
20:29:13,80,3.3,0.0,3.3,0.00,
20:29:14,80,3.3,0.0,3.3,0.00,
20:29:15,80,3.3,0.0,3.3,0.00,
20:29:16,80,3.3,0.0,3.3,0.00,
20:29:17,80,3.3,0.0,3.3,0.00,
20:29:18,80,3.3,0.0,3.3,0.00,
20:29:19,80,3.3,0.0,3.3,0.00,
20:29:20,80,3.3,0.0,3.3,0.00,
20:29:21,80,3.3,0.0,3.3,0.00,
20:29:22,80,3.3,0.0,3.3,0.00,
20:29:23,80,3.3,0.0,3.3,0.00,
20:29:25,80,3.3,0.0,3.3,0.00,
20:29:26,80,3.3,0.0,3.3,0.00,
20:29:27,80,3.3,0.0,3.3,0.00,
20:29:28,80,3.3,0.0,3.3,0.00,
20:29:29,80,3.3,0.0,3.3,0.00,
20:29:30,80,3.3,0.0,3.3,0.00,
20:29:31,80,3.3,0.0,3.3,0.00,
20:29:32,80,3.3,0.0,3.3,0.00,
20:29:33,80,3.3,0.0,3.3,0.00,
20:29:34,80,3.3,0.0,3.3,0.00,
20:29:35,80,3.3,0.0,3.3,0.00,
20:29:36,80,3.3,0.0,3.3,0.00,
20:29:37,80,3.3,0.0,3.3,0.00,
20:29:38,80,3.3,0.0,3.3,0.00,
20:29:39,80,3.3,0.0,3.3,0.00,
20:29:40,80,3.3,0.0,3.3,0.00,
20:29:41,80,3.3,0.0,3.3,0.00,
20:29:42,80,3.3,0.0,3.3,0.00,
20:29:43,80,3.3,0.0,3.3,0.00,
20:29:44,80,3.3,0.0,3.3,0.00,
20:29:45,80,3.3,0.0,3.3,0.00,
20:29:46,80,3.3,0.0,3.3,0.00,
20:29:47,80,3.3,0.0,3.3,0.00,
20:29:49,80,3.3,0.0,3.3,0.00,
20:29:50,80,3.3,0.0,3.3,0.00,
20:29:51,80,3.6,0.0,3.6,0.00,
20:29:52,80,3.6,0.0,3.6,0.00,
20:29:53,80,3.6,0.0,3.6,0.00,
20:29:54,80,3.6,0.0,3.6,0.00,
20:29:55,80,3.6,0.0,3.6,0.00,
20:29:56,80,3.6,0.0,3.6,0.00,
20:29:57,80,3.6,0.0,3.6,0.00,
20:29:58,80,3.6,0.0,3.6,0.00,
20:29:59,80,3.6,0.0,3.6,0.00,
20:30:00,80,3.6,0.0,3.6,0.00,
20:30:01,80,3.6,0.0,3.6,0.00,
20:30:02,80,3.6,0.0,3.6,0.00,
20:30:03,80,3.6,0.0,3.6,0.00,
20:30:04,80,3.6,0.0,3.6,0.00,
20:30:05,80,3.6,0.0,3.6,0.00,
20:30:06,80,3.6,0.0,3.6,0.00,
20:30:07,80,3.6,0.0,3.6,0.00,
20:30:08,80,3.6,0.0,3.6,0.00,
20:30:09,80,3.6,0.0,3.6,0.00,
20:30:10,80,3.6,0.0,3.6,0.00,
20:30:12,80,3.6,0.0,3.6,0.00,
20:30:13,80,3.6,0.0,3.6,0.00,
20:30:14,80,3.6,0.0,3.6,0.00,
20:30:15,80,3.6,0.0,3.6,0.00,
20:30:16,80,3.6,0.0,3.6,0.00,
20:30:17,80,3.6,0.0,3.6,0.00,
20:30:18,80,3.6,0.0,3.6,0.00,
20:30:19,80,3.6,0.0,3.6,0.00,
20:30:20,80,3.6,0.0,3.6,0.00,
20:30:21,80,3.6,0.0,3.6,0.00,
20:30:22,80,3.6,0.0,3.6,0.00,
20:30:23,80,3.6,0.0,3.6,0.00,
20:30:24,80,3.6,0.0,3.6,0.00,
20:30:25,80,3.6,0.0,3.6,0.00,
20:30:26,80,3.6,0.0,3.6,0.00,
20:30:27,80,3.6,0.0,3.6,0.00,
20:30:28,80,3.6,0.0,3.6,0.00,
20:30:29,80,3.6,0.0,3.6,0.00,
20:30:30,80,3.6,0.0,3.6,0.00,
20:30:31,80,3.6,0.0,3.6,0.00,
20:30:32,80,3.6,0.0,3.6,0.00,
20:30:33,80,3.6,0.0,3.6,0.00,
20:30:34,80,3.6,0.0,3.6,0.00,
20:30:35,80,3.6,0.0,3.6,0.00,
20:30:37,80,3.6,0.0,3.6,0.00,
20:30:38,80,3.6,0.0,3.6,0.00,
20:30:39,80,3.6,0.0,3.6,0.00,
20:30:40,80,3.6,0.0,3.6,0.00,
20:30:41,80,3.6,0.0,3.6,0.00,
20:30:42,80,3.6,0.0,3.6,0.00,
20:30:43,80,3.6,0.0,3.6,0.00,
20:30:44,80,3.6,0.0,3.6,0.00,
20:30:45,80,3.6,0.0,3.6,0.00,
20:30:46,80,3.6,0.0,3.6,0.00,
20:30:47,80,3.6,0.0,3.6,0.00,
20:30:48,80,3.6,0.0,3.6,0.00,
20:30:49,80,3.6,0.0,3.6,0.00,
20:30:50,80,3.6,0.0,3.6,0.00,
20:30:51,80,3.1,0.0,3.1,0.00,
20:30:52,80,3.1,0.0,3.1,0.00,
20:30:53,80,3.1,0.0,3.1,0.00,
20:30:54,80,3.1,0.0,3.1,0.00,
20:30:55,80,3.1,0.0,3.1,0.00,
20:30:56,80,3.1,0.0,3.1,0.00,
20:30:57,80,3.1,0.0,3.1,0.00,
20:30:58,80,3.1,0.0,3.1,0.00,
20:31:00,80,3.1,0.0,3.1,0.00,
20:31:01,80,3.1,0.0,3.1,0.00,
20:31:02,80,3.1,0.0,3.1,0.00,
20:31:03,80,3.1,0.0,3.1,0.00,
20:31:04,80,3.1,0.0,3.1,0.00,
20:31:05,80,3.1,0.0,3.1,0.00,
20:31:06,80,3.1,0.0,3.1,0.00,
20:31:07,80,3.1,0.0,3.1,0.00,
20:31:08,80,3.1,0.0,3.1,0.00,
20:31:09,80,3.1,0.0,3.1,0.00,
20:31:10,80,3.1,0.0,3.1,0.00,
20:31:11,80,3.1,0.0,3.1,0.00,
20:31:12,80,3.1,0.0,3.1,0.00,
20:31:13,80,3.1,0.0,3.1,0.00,
20:31:14,80,3.1,0.0,3.1,0.00,
20:31:15,80,3.1,0.0,3.1,0.00,
20:31:16,80,3.1,0.0,3.1,0.00,
20:31:17,80,3.1,0.0,3.1,0.00,
20:31:18,80,3.1,0.0,3.1,0.00,
20:31:19,80,3.1,0.0,3.1,0.00,
20:31:20,80,3.1,0.0,3.1,0.00,
20:31:21,80,3.1,0.0,3.1,0.00,
20:31:22,80,3.1,0.0,3.1,0.00,
20:31:24,80,3.1,0.0,3.1,0.00,
20:31:25,80,3.1,0.0,3.1,0.00,
20:31:26,80,3.1,0.0,3.1,0.00,
20:31:27,80,3.1,0.0,3.1,0.00,
20:31:28,80,3.1,0.0,3.1,0.00,
20:31:29,80,3.1,0.0,3.1,0.00,
20:31:30,80,3.1,0.0,3.1,0.00,
20:31:31,80,3.1,0.0,3.1,0.00,
20:31:32,80,3.1,0.0,3.1,0.00,
20:31:33,80,3.1,0.0,3.1,0.00,
20:31:34,80,3.1,0.0,3.1,0.00,
20:31:35,80,3.1,0.0,3.1,0.00,
20:31:36,80,3.1,0.0,3.1,0.00,
20:31:37,80,3.1,0.0,3.1,0.00,
20:31:38,80,3.1,0.0,3.1,0.00,
20:31:39,80,3.1,0.0,3.1,0.00,
20:31:40,80,3.1,0.0,3.1,0.00,
20:31:41,80,3.1,0.0,3.1,0.00,
20:31:42,80,3.1,0.0,3.1,0.00,
20:31:43,80,3.1,0.0,3.1,0.00,
20:31:44,80,3.1,0.0,3.1,0.00,
20:31:45,80,3.1,0.0,3.1,0.00,
20:31:46,80,3.1,0.0,3.1,0.00,
20:31:48,80,3.1,0.0,3.1,0.00,
20:31:49,80,3.1,0.0,3.1,0.00,
20:31:50,80,3.1,0.0,3.1,0.00,
20:31:51,80,3.0,0.0,3.0,0.00,
20:31:52,80,3.0,0.0,3.0,0.00,
20:31:53,80,3.0,0.0,3.0,0.00,
20:31:54,80,3.0,0.0,3.0,0.00,
20:31:55,80,3.0,0.0,3.0,0.00,
20:31:56,80,3.0,0.0,3.0,0.00,
20:31:57,80,3.0,0.0,3.0,0.00,
20:31:58,80,3.0,0.0,3.0,0.00,
20:31:59,80,3.0,0.0,3.0,0.00,
20:32:00,80,3.0,0.0,3.0,0.00,
20:32:01,80,3.0,0.0,3.0,0.00,
20:32:02,80,3.0,0.0,3.0,0.00,
20:32:03,80,3.0,0.0,3.0,0.00,
20:32:04,80,3.0,0.0,3.0,0.00,
20:32:05,80,3.0,0.0,3.0,0.00,
20:32:06,80,3.0,0.0,3.0,0.00,
20:32:07,80,3.0,0.0,3.0,0.00,
20:32:08,80,3.0,0.0,3.0,0.00,
20:32:09,80,3.0,0.0,3.0,0.00,
20:32:10,80,3.0,0.0,3.0,0.00,
20:32:12,80,3.0,0.0,3.0,0.00,
20:32:13,80,3.0,0.0,3.0,0.00,
20:32:14,80,3.0,0.0,3.0,0.00,
20:32:15,80,3.0,0.0,3.0,0.00,
20:32:16,80,3.0,0.0,3.0,0.00,
20:32:17,80,3.0,0.0,3.0,0.00,
20:32:18,80,3.0,0.0,3.0,0.00,
20:32:19,80,3.0,0.0,3.0,0.00,
20:32:20,80,3.0,0.0,3.0,0.00,
20:32:21,80,3.0,0.0,3.0,0.00,
20:32:22,80,3.0,0.0,3.0,0.00,
20:32:23,80,3.0,0.0,3.0,0.00,
20:32:24,80,3.0,0.0,3.0,0.00,
20:32:25,80,3.0,0.0,3.0,0.00,
20:32:26,80,3.0,0.0,3.0,0.00,
20:32:27,80,3.0,0.0,3.0,0.00,
20:32:28,80,3.0,0.0,3.0,0.00,
20:32:29,80,3.0,0.0,3.0,0.00,
20:32:30,80,3.0,0.0,3.0,0.00,
20:32:31,80,3.0,0.0,3.0,0.00,
20:32:32,80,3.0,0.0,3.0,0.00,
20:32:33,80,3.0,0.0,3.0,0.00,
20:32:35,80,3.0,0.0,3.0,0.00,
20:32:36,80,3.0,0.0,3.0,0.00,
20:32:37,80,3.0,0.0,3.0,0.00,
20:32:38,80,3.0,0.0,3.0,0.00,
20:32:39,80,3.0,0.0,3.0,0.00,
20:32:40,80,3.0,0.0,3.0,0.00,
20:32:41,80,3.0,0.0,3.0,0.00,
20:32:42,80,3.0,0.0,3.0,0.00,
20:32:43,80,3.0,0.0,3.0,0.00,
20:32:44,80,3.0,0.0,3.0,0.00,
20:32:45,80,3.0,0.0,3.0,0.00,
20:32:46,80,3.0,0.0,3.0,0.00,
20:32:47,80,3.0,0.0,3.0,0.00,
20:32:48,80,3.0,0.0,3.0,0.00,
20:32:49,80,3.0,0.0,3.0,0.00,
20:32:50,80,3.0,0.0,3.0,0.00,
20:32:51,80,3.1,0.0,3.1,0.00,
20:32:52,80,3.1,0.0,3.1,0.00,
20:32:53,80,3.1,0.0,3.1,0.00,
20:32:54,80,3.1,0.0,3.1,0.00,
20:32:55,80,3.1,0.0,3.1,0.00,
20:32:56,80,3.1,0.0,3.1,0.00,
20:32:58,80,3.1,0.0,3.1,0.00,
20:32:59,80,3.1,0.0,3.1,0.00,
20:33:00,80,3.1,0.0,3.1,0.00,
20:33:01,80,3.1,0.0,3.1,0.00,
20:33:02,80,3.1,0.0,3.1,0.00,
20:33:03,80,3.1,0.0,3.1,0.00,
20:33:04,80,3.1,0.0,3.1,0.00,
20:33:05,80,3.1,0.0,3.1,0.00,
20:33:06,80,3.1,0.0,3.1,0.00,
20:33:07,80,3.1,0.0,3.1,0.00,
20:33:08,80,3.1,0.0,3.1,0.00,
20:33:09,80,3.1,0.0,3.1,0.00,
20:33:10,80,3.1,0.0,3.1,0.00,
20:33:11,80,3.1,0.0,3.1,0.00,
20:33:12,80,3.1,0.0,3.1,0.00,
20:33:13,80,3.1,0.0,3.1,0.00,
20:33:14,80,3.1,0.0,3.1,0.00,
20:33:15,80,3.1,0.0,3.1,0.00,
20:33:16,80,3.1,0.0,3.1,0.00,
20:33:17,80,3.1,0.0,3.1,0.00,
20:33:18,80,3.1,0.0,3.1,0.00,
20:33:19,80,3.1,0.0,3.1,0.00,
20:33:21,80,3.1,0.0,3.1,0.00,
20:33:22,80,3.1,0.0,3.1,0.00,
20:33:23,80,3.1,0.0,3.1,0.00,
20:33:24,80,3.1,0.0,3.1,0.00,
20:33:25,80,3.1,0.0,3.1,0.00,
20:33:26,80,3.1,0.0,3.1,0.00,
20:33:27,80,3.1,0.0,3.1,0.00,
20:33:28,80,3.1,0.0,3.1,0.00,
20:33:29,80,3.1,0.0,3.1,0.00,
20:33:30,80,3.1,0.0,3.1,0.00,
20:33:31,80,3.1,0.0,3.1,0.00,
20:33:32,80,3.1,0.0,3.1,0.00,
20:33:33,80,3.1,0.0,3.1,0.00,
20:33:34,80,3.1,0.0,3.1,0.00,
20:33:35,80,3.1,0.0,3.1,0.00,
20:33:36,80,3.1,0.0,3.1,0.00,
20:33:37,80,3.1,0.0,3.1,0.00,
20:33:38,80,3.1,0.0,3.1,0.00,
20:33:39,80,3.1,0.0,3.1,0.00,
20:33:40,80,3.1,0.0,3.1,0.00,
20:33:41,80,3.1,0.0,3.1,0.00,
20:33:42,80,3.1,0.0,3.1,0.00,
20:33:43,80,3.1,0.0,3.1,0.00,
20:33:44,80,3.1,0.0,3.1,0.00,
20:33:46,80,3.1,0.0,3.1,0.00,
20:33:47,80,3.1,0.0,3.1,0.00,
20:33:48,80,3.1,0.0,3.1,0.00,
20:33:49,80,3.1,0.0,3.1,0.00,
20:33:50,80,3.1,0.0,3.1,0.00,
20:33:51,80,8.8,0.0,8.8,0.00,
20:33:52,80,8.8,0.0,8.8,0.00,
20:33:53,80,8.8,0.0,8.8,0.00,
20:33:54,80,8.8,0.0,8.8,0.00,
20:33:55,80,8.8,0.0,8.8,0.00,
20:33:56,80,8.8,0.0,8.8,0.00,
20:33:57,80,8.8,0.0,8.8,0.00,
20:33:58,80,8.8,0.0,8.8,0.00,
20:33:59,80,8.8,0.0,8.8,0.00,
20:34:00,80,8.8,0.0,8.8,0.00,
20:34:01,80,8.8,0.0,8.8,0.00,
20:34:02,80,8.8,0.0,8.8,0.00,
20:34:03,80,8.8,0.0,8.8,0.00,
20:34:04,80,8.8,0.0,8.8,0.00,
20:34:05,80,8.8,0.0,8.8,0.00,
20:34:06,80,8.8,0.0,8.8,0.00,
20:34:07,80,8.8,0.0,8.8,0.00,
20:34:08,80,8.8,0.0,8.8,0.00,
20:34:09,80,8.8,0.0,8.8,0.00,
20:34:10,80,8.8,0.0,8.8,0.00,
20:34:11,80,8.8,0.0,8.8,0.00,
20:34:13,80,8.8,0.0,8.8,0.00,
20:34:14,80,8.8,0.0,8.8,0.00,
20:34:15,80,8.8,0.0,8.8,0.00,
20:34:16,80,8.8,0.0,8.8,0.00,
20:34:17,80,8.8,0.0,8.8,0.00,
20:34:18,80,8.8,0.0,8.8,0.00,
20:34:19,80,8.8,0.0,8.8,0.00,
20:34:20,80,8.8,0.0,8.8,0.00,
20:34:21,80,8.8,0.0,8.8,0.00,
20:34:22,80,8.8,0.0,8.8,0.00,
20:34:23,80,8.8,0.0,8.8,0.00,
20:34:24,80,8.8,0.0,8.8,0.00,
20:34:25,80,8.8,0.0,8.8,0.00,
20:34:26,80,8.8,0.0,8.8,0.00,
20:34:27,80,8.8,0.0,8.8,0.00,
20:34:28,80,8.8,0.0,8.8,0.00,
20:34:29,80,8.8,0.0,8.8,0.00,
20:34:30,80,8.8,0.0,8.8,0.00,
20:34:31,80,8.8,0.0,8.8,0.00,
20:34:32,80,8.8,0.0,8.8,0.00,
20:34:33,80,8.8,0.0,8.8,0.00,
20:34:34,80,8.8,0.0,8.8,0.00,
20:34:35,80,8.8,0.0,8.8,0.00,
20:34:36,80,8.8,0.0,8.8,0.00,
20:34:38,80,8.8,0.0,8.8,0.00,
20:34:39,80,8.8,0.0,8.8,0.00,
20:34:40,80,8.8,0.0,8.8,0.00,
20:34:41,80,8.8,0.0,8.8,0.00,
20:34:42,80,8.8,0.0,8.8,0.00,
20:34:43,80,8.8,0.0,8.8,0.00,
20:34:44,80,8.8,0.0,8.8,0.00,
20:34:45,80,8.8,0.0,8.8,0.00,
20:34:46,80,8.8,0.0,8.8,0.00,
20:34:47,80,8.8,0.0,8.8,0.00,
20:34:48,80,8.8,0.0,8.8,0.00,
20:34:49,80,8.8,0.0,8.8,0.00,
20:34:50,80,8.8,0.0,8.8,0.00,
20:34:51,80,8.7,0.0,8.7,0.00,
20:34:52,80,8.7,0.0,8.7,0.00,
20:34:53,80,8.7,0.0,8.7,0.00,
20:34:54,80,8.7,0.0,8.7,0.00,
20:34:55,80,8.7,0.0,8.7,0.00,
20:34:56,80,8.7,0.0,8.7,0.00,
20:34:57,80,8.7,0.0,8.7,0.00,
20:34:58,80,8.7,0.0,8.7,0.00,
20:34:59,80,8.7,0.0,8.7,0.00,
20:35:00,80,8.7,0.0,8.7,0.00,
20:35:01,80,8.7,0.0,8.7,0.00,
20:35:02,80,8.7,0.0,8.7,0.00,
20:35:04,80,8.7,0.0,8.7,0.00,
20:35:05,80,8.7,0.0,8.7,0.00,
20:35:06,80,8.7,0.0,8.7,0.00,
20:35:07,80,8.7,0.0,8.7,0.00,
20:35:08,80,8.7,0.0,8.7,0.00,
20:35:09,80,8.7,0.0,8.7,0.00,
20:35:10,80,8.7,0.0,8.7,0.00,
20:35:11,80,8.7,0.0,8.7,0.00,
20:35:12,80,8.7,0.0,8.7,0.00,
20:35:13,80,8.7,0.0,8.7,0.00,
20:35:14,80,8.7,0.0,8.7,0.00,
20:35:15,80,8.7,0.0,8.7,0.00,
20:35:16,80,8.7,0.0,8.7,0.00,
20:35:17,80,8.7,0.0,8.7,0.00,
20:35:18,80,8.7,0.0,8.7,0.00,
20:35:19,80,8.7,0.0,8.7,0.00,
20:35:20,80,8.7,0.0,8.7,0.00,
20:35:21,80,8.7,0.0,8.7,0.00,
20:35:22,80,8.7,0.0,8.7,0.00,
20:35:23,80,8.7,0.0,8.7,0.00,
20:35:24,80,8.7,0.0,8.7,0.00,
20:35:25,80,8.7,0.0,8.7,0.00,
20:35:26,80,8.7,0.0,8.7,0.00,
20:35:27,80,8.7,0.0,8.7,0.00,
20:35:28,80,8.7,0.0,8.7,0.00,
20:35:30,80,8.7,0.0,8.7,0.00,
20:35:31,80,8.7,0.0,8.7,0.00,
20:35:32,80,8.7,0.0,8.7,0.00,
20:35:33,80,8.7,0.0,8.7,0.00,
20:35:34,80,8.7,0.0,8.7,0.00,
20:35:35,80,8.7,0.0,8.7,0.00,
20:35:36,80,8.7,0.0,8.7,0.00,
20:35:37,80,8.7,0.0,8.7,0.00,
20:35:38,80,8.7,0.0,8.7,0.00,
20:35:39,80,8.7,0.0,8.7,0.00,
20:35:40,80,8.7,0.0,8.7,0.00,
20:35:41,80,8.7,0.0,8.7,0.00,
20:35:42,80,8.7,0.0,8.7,0.00,
20:35:43,80,8.7,0.0,8.7,0.00,
20:35:44,80,8.7,0.0,8.7,0.00,
20:35:45,80,8.7,0.0,8.7,0.00,
20:35:46,80,8.7,0.0,8.7,0.00,
20:35:47,80,8.7,0.0,8.7,0.00,
20:35:48,80,8.7,0.0,8.7,0.00,
20:35:49,80,8.7,0.0,8.7,0.00,
20:35:50,80,8.7,0.0,8.7,0.00,
20:35:51,80,34.2,0.0,34.2,0.00,
20:35:52,80,34.2,0.0,34.2,0.00,
20:35:53,80,34.2,0.0,34.2,0.00,
20:35:54,80,34.2,0.0,34.2,0.00,
20:35:55,80,34.2,0.0,34.2,0.00,
20:35:57,80,34.2,0.0,34.2,0.00,
20:35:58,80,34.2,0.0,34.2,0.00,
20:35:59,80,34.2,0.0,34.2,0.00,
20:36:00,80,34.2,0.0,34.2,0.00,
20:36:01,80,34.2,0.0,34.2,0.00,
20:36:02,80,34.2,0.0,34.2,0.00,
20:36:03,80,34.2,0.0,34.2,0.00,
20:36:04,80,34.2,0.0,34.2,0.00,
20:36:05,80,34.2,0.0,34.2,0.00,
20:36:06,80,34.2,0.0,34.2,0.00,
20:36:07,80,34.2,0.0,34.2,0.00,
20:36:08,80,34.2,0.0,34.2,0.00,
20:36:09,80,34.2,0.0,34.2,0.00,
20:36:10,80,34.2,0.0,34.2,0.00,
20:36:11,80,34.2,0.0,34.2,0.00,
20:36:12,80,34.2,0.0,34.2,0.00,
20:36:13,80,34.2,0.0,34.2,0.00,
20:36:14,80,34.2,0.0,34.2,0.00,
20:36:15,80,34.2,0.0,34.2,0.00,
20:36:16,80,34.2,0.0,34.2,0.00,
20:36:17,80,34.2,0.0,34.2,0.00,
20:36:18,80,34.2,0.0,34.2,0.00,
20:36:19,80,34.2,0.0,34.2,0.00,
20:36:20,80,34.2,0.0,34.2,0.00,
20:36:22,80,34.2,0.0,34.2,0.00,
20:36:23,80,34.2,0.0,34.2,0.00,
20:36:24,80,34.2,0.0,34.2,0.00,
20:36:25,80,34.2,0.0,34.2,0.00,
20:36:26,80,34.2,0.0,34.2,0.00,
20:36:27,80,34.2,0.0,34.2,0.00,
20:36:28,80,34.2,0.0,34.2,0.00,
20:36:29,80,34.2,0.0,34.2,0.00,
20:36:30,80,34.2,0.0,34.2,0.00,
20:36:31,80,34.2,0.0,34.2,0.00,
20:36:32,80,34.2,0.0,34.2,0.00,
20:36:33,80,34.2,0.0,34.2,0.00,
20:36:34,80,34.2,0.0,34.2,0.00,
20:36:35,80,34.2,0.0,34.2,0.00,
20:36:36,80,34.2,0.0,34.2,0.00,
20:36:37,80,34.2,0.0,34.2,0.00,
20:36:38,80,34.2,0.0,34.2,0.00,
20:36:39,80,34.2,0.0,34.2,0.00,
20:36:40,80,34.2,0.0,34.2,0.00,
20:36:41,80,34.2,0.0,34.2,0.00,
20:36:42,80,34.2,0.0,34.2,0.00,
20:36:43,80,34.2,0.0,34.2,0.00,
20:36:44,80,34.2,0.0,34.2,0.00,
20:36:45,80,34.2,0.0,34.2,0.00,
20:36:47,80,34.2,0.0,34.2,0.00,
20:36:48,80,34.2,0.0,34.2,0.00,
20:36:49,80,34.2,0.0,34.2,0.00,
20:36:50,80,34.2,0.0,34.2,0.00,
20:36:51,80,6.6,0.0,6.6,0.00,
20:36:52,80,6.6,0.0,6.6,0.00,
20:36:53,80,6.6,0.0,6.6,0.00,
20:36:54,80,6.6,0.0,6.6,0.00,
20:36:55,80,6.6,0.0,6.6,0.00,
20:36:56,80,6.6,0.0,6.6,0.00,
20:36:57,80,6.6,0.0,6.6,0.00,
20:36:58,80,6.6,0.0,6.6,0.00,
20:36:59,80,6.6,0.0,6.6,0.00,
20:37:00,80,6.6,0.0,6.6,0.00,
20:37:01,80,6.6,0.0,6.6,0.00,
20:37:02,80,6.6,0.0,6.6,0.00,
20:37:03,80,6.6,0.0,6.6,0.00,
20:37:04,80,6.6,0.0,6.6,0.00,
20:37:05,80,6.6,0.0,6.6,0.00,
20:37:06,80,6.6,0.0,6.6,0.00,
20:37:07,80,6.6,0.0,6.6,0.00,
20:37:08,80,6.6,0.0,6.6,0.00,
20:37:09,80,6.6,0.0,6.6,0.00,
20:37:10,80,6.6,0.0,6.6,0.00,
20:37:12,80,6.6,0.0,6.6,0.00,
20:37:13,80,6.6,0.0,6.6,0.00,
20:37:14,80,6.6,0.0,6.6,0.00,
20:37:15,80,6.6,0.0,6.6,0.00,
20:37:16,80,6.6,0.0,6.6,0.00,
20:37:17,80,6.6,0.0,6.6,0.00,
20:37:18,80,6.6,0.0,6.6,0.00,
20:37:19,80,6.6,0.0,6.6,0.00,
20:37:20,80,6.6,0.0,6.6,0.00,
20:37:21,80,6.6,0.0,6.6,0.00,
20:37:22,80,6.6,0.0,6.6,0.00,
20:37:23,80,6.6,0.0,6.6,0.00,
20:37:24,80,6.6,0.0,6.6,0.00,
20:37:25,80,6.6,0.0,6.6,0.00,
20:37:26,80,6.6,0.0,6.6,0.00,
20:37:27,80,6.6,0.0,6.6,0.00,
20:37:28,80,6.6,0.0,6.6,0.00,
20:37:29,80,6.6,0.0,6.6,0.00,
20:37:30,80,6.6,0.0,6.6,0.00,
20:37:31,80,6.6,0.0,6.6,0.00,
20:37:32,80,6.6,0.0,6.6,0.00,
20:37:33,80,6.6,0.0,6.6,0.00,
20:37:34,80,6.6,0.0,6.6,0.00,
20:37:35,80,6.6,0.0,6.6,0.00,
20:37:37,80,6.6,0.0,6.6,0.00,
20:37:38,80,6.6,0.0,6.6,0.00,
20:37:39,80,6.6,0.0,6.6,0.00,
20:37:40,80,6.6,0.0,6.6,0.00,
20:37:41,80,6.6,0.0,6.6,0.00,
20:37:42,80,6.6,0.0,6.6,0.00,
20:37:43,80,6.6,0.0,6.6,0.00,
20:37:44,80,6.6,0.0,6.6,0.00,
20:37:45,80,6.6,0.0,6.6,0.00,
20:37:46,80,6.6,0.0,6.6,0.00,
20:37:47,80,6.6,0.0,6.6,0.00,
20:37:48,80,6.6,0.0,6.6,0.00,
20:37:49,80,6.6,0.0,6.6,0.00,
20:37:50,80,6.6,0.0,6.6,0.00,
20:37:51,80,6.7,0.0,6.7,0.00,
20:37:52,80,6.7,0.0,6.7,0.00,
20:37:53,80,6.7,0.0,6.7,0.00,
20:37:54,80,6.7,0.0,6.7,0.00,
20:37:55,80,6.7,0.0,6.7,0.00,
20:37:56,80,6.7,0.0,6.7,0.00,
20:37:57,80,6.7,0.0,6.7,0.00,
20:37:58,80,6.7,0.0,6.7,0.00,
20:37:59,80,6.7,0.0,6.7,0.00,
20:38:00,80,6.7,0.0,6.7,0.00,
20:38:02,80,6.7,0.0,6.7,0.00,
20:38:03,80,6.7,0.0,6.7,0.00,
20:38:04,80,6.7,0.0,6.7,0.00,
20:38:05,80,6.7,0.0,6.7,0.00,
20:38:06,80,6.7,0.0,6.7,0.00,
20:38:07,80,6.7,0.0,6.7,0.00,
20:38:08,80,6.7,0.0,6.7,0.00,
20:38:09,80,6.7,0.0,6.7,0.00,
20:38:10,80,6.7,0.0,6.7,0.00,
20:38:11,80,6.7,0.0,6.7,0.00,
20:38:12,80,6.7,0.0,6.7,0.00,
20:38:13,80,6.7,0.0,6.7,0.00,
20:38:14,80,6.7,0.0,6.7,0.00,
20:38:15,80,6.7,0.0,6.7,0.00,
20:38:16,80,6.7,0.0,6.7,0.00,
20:38:17,80,6.7,0.0,6.7,0.00,
20:38:18,80,6.7,0.0,6.7,0.00,
20:38:19,80,6.7,0.0,6.7,0.00,
20:38:20,80,6.7,0.0,6.7,0.00,
20:38:21,80,6.7,0.0,6.7,0.00,
20:38:22,80,6.7,0.0,6.7,0.00,
20:38:23,80,6.7,0.0,6.7,0.00,
20:38:24,80,6.7,0.0,6.7,0.00,
20:38:25,80,6.7,0.0,6.7,0.00,
20:38:27,80,6.7,0.0,6.7,0.00,
20:38:28,80,6.7,0.0,6.7,0.00,
20:38:29,80,6.7,0.0,6.7,0.00,
20:38:30,80,6.7,0.0,6.7,0.00,
20:38:31,80,6.7,0.0,6.7,0.00,
20:38:32,80,6.7,0.0,6.7,0.00,
20:38:33,80,6.7,0.0,6.7,0.00,
20:38:34,80,6.7,0.0,6.7,0.00,
20:38:35,80,6.7,0.0,6.7,0.00,
20:38:36,80,6.7,0.0,6.7,0.00,
20:38:37,80,6.7,0.0,6.7,0.00,
20:38:38,80,6.7,0.0,6.7,0.00,
20:38:39,80,6.7,0.0,6.7,0.00,
20:38:40,80,6.7,0.0,6.7,0.00,
20:38:41,80,6.7,0.0,6.7,0.00,
20:38:42,80,6.7,0.0,6.7,0.00,
20:38:43,80,6.7,0.0,6.7,0.00,
20:38:44,80,6.7,0.0,6.7,0.00,
20:38:45,80,6.7,0.0,6.7,0.00,
20:38:46,80,6.7,0.0,6.7,0.00,
20:38:47,80,6.7,0.0,6.7,0.00,
20:38:48,80,6.7,0.0,6.7,0.00,
20:38:49,80,6.7,0.0,6.7,0.00,
20:38:51,80,6.7,0.0,6.7,0.00,
20:38:52,80,6.6,0.0,6.6,0.00,
20:38:53,80,6.6,0.0,6.6,0.00,
20:38:54,80,6.6,0.0,6.6,0.00,
20:38:55,80,6.6,0.0,6.6,0.00,
20:38:56,80,6.6,0.0,6.6,0.00,
20:38:57,80,6.6,0.0,6.6,0.00,
20:38:58,80,6.6,0.0,6.6,0.00,
20:38:59,80,6.6,0.0,6.6,0.00,
20:39:00,80,6.6,0.0,6.6,0.00,
20:39:01,80,6.6,0.0,6.6,0.00,
20:39:02,80,6.6,0.0,6.6,0.00,
20:39:03,80,6.6,0.0,6.6,0.00,
20:39:04,80,6.6,0.0,6.6,0.00,
20:39:05,80,6.6,0.0,6.6,0.00,
20:39:06,80,6.6,0.0,6.6,0.00,
20:39:07,80,6.6,0.0,6.6,0.00,
20:39:08,80,6.6,0.0,6.6,0.00,
20:39:09,80,6.6,0.0,6.6,0.00,
20:39:10,80,6.6,0.0,6.6,0.00,
20:39:11,80,6.6,0.0,6.6,0.00,
20:39:12,80,6.6,0.0,6.6,0.00,
20:39:13,80,6.6,0.0,6.6,0.00,
20:39:14,80,6.6,0.0,6.6,0.00,
20:39:16,80,6.6,0.0,6.6,0.00,
20:39:17,80,6.6,0.0,6.6,0.00,
20:39:18,80,6.6,0.0,6.6,0.00,
20:39:19,80,6.6,0.0,6.6,0.00,
20:39:20,80,6.6,0.0,6.6,0.00,
20:39:21,80,6.6,0.0,6.6,0.00,
20:39:22,80,6.6,0.0,6.6,0.00,
20:39:23,80,6.6,0.0,6.6,0.00,
20:39:24,80,6.6,0.0,6.6,0.00,
20:39:25,80,6.6,0.0,6.6,0.00,
20:39:26,80,6.6,0.0,6.6,0.00,
20:39:27,80,6.6,0.0,6.6,0.00,
20:39:28,80,6.6,0.0,6.6,0.00,
20:39:29,80,6.6,0.0,6.6,0.00,
20:39:30,80,6.6,0.0,6.6,0.00,
20:39:31,80,6.6,0.0,6.6,0.00,
20:39:32,80,6.6,0.0,6.6,0.00,
20:39:33,80,6.6,0.0,6.6,0.00,
20:39:34,80,6.6,0.0,6.6,0.00,
20:39:35,80,6.6,0.0,6.6,0.00,
20:39:36,80,6.6,0.0,6.6,0.00,
20:39:37,80,6.6,0.0,6.6,0.00,
20:39:38,80,6.6,0.0,6.6,0.00,
20:39:39,80,6.6,0.0,6.6,0.00,
20:39:41,80,6.6,0.0,6.6,0.00,
20:39:42,80,6.6,0.0,6.6,0.00,
20:39:43,80,6.6,0.0,6.6,0.00,
20:39:44,80,6.6,0.0,6.6,0.00,
20:39:45,80,6.6,0.0,6.6,0.00,
20:39:46,80,6.6,0.0,6.6,0.00,
20:39:47,80,6.6,0.0,6.6,0.00,
20:39:48,80,6.6,0.0,6.6,0.00,
20:39:49,80,6.6,0.0,6.6,0.00,
20:39:50,80,6.6,0.0,6.6,0.00,
20:39:51,80,6.8,0.0,6.8,0.00,
20:39:52,80,6.8,0.0,6.8,0.00,
20:39:53,80,6.8,0.0,6.8,0.00,
20:39:54,80,6.8,0.0,6.8,0.00,
20:39:55,80,6.8,0.0,6.8,0.00,
20:39:56,80,6.8,0.0,6.8,0.00,
20:39:57,80,6.8,0.0,6.8,0.00,
20:39:58,80,6.8,0.0,6.8,0.00,
20:39:59,80,6.8,0.0,6.8,0.00,
20:40:00,80,6.8,0.0,6.8,0.00,
20:40:01,80,6.8,0.0,6.8,0.00,
20:40:02,80,6.8,0.0,6.8,0.00,
20:40:03,80,6.8,0.0,6.8,0.00,
20:40:04,80,6.8,0.0,6.8,0.00,
20:40:06,80,6.8,0.0,6.8,0.00,
20:40:07,80,6.8,0.0,6.8,0.00,
20:40:08,80,6.8,0.0,6.8,0.00,
20:40:09,80,6.8,0.0,6.8,0.00,
20:40:10,80,6.8,0.0,6.8,0.00,
20:40:11,80,6.8,0.0,6.8,0.00,
20:40:12,80,6.8,0.0,6.8,0.00,
20:40:13,80,6.8,0.0,6.8,0.00,
20:40:14,80,6.8,0.0,6.8,0.00,
20:40:15,80,6.8,0.0,6.8,0.00,
20:40:16,80,6.8,0.0,6.8,0.00,
20:40:17,80,6.8,0.0,6.8,0.00,
20:40:18,80,6.8,0.0,6.8,0.00,
20:40:19,80,6.8,0.0,6.8,0.00,
20:40:20,80,6.8,0.0,6.8,0.00,
20:40:21,80,6.8,0.0,6.8,0.00,
20:40:22,80,6.8,0.0,6.8,0.00,
20:40:23,80,6.8,0.0,6.8,0.00,
20:40:24,80,6.8,0.0,6.8,0.00,
20:40:25,80,6.8,0.0,6.8,0.00,
20:40:26,80,6.8,0.0,6.8,0.00,
20:40:27,80,6.8,0.0,6.8,0.00,
20:40:28,80,6.8,0.0,6.8,0.00,
20:40:29,80,6.8,0.0,6.8,0.00,
20:40:31,80,6.8,0.0,6.8,0.00,
20:40:32,80,6.8,0.0,6.8,0.00,
20:40:33,80,6.8,0.0,6.8,0.00,
20:40:34,80,6.8,0.0,6.8,0.00,
20:40:35,80,6.8,0.0,6.8,0.00,
20:40:36,80,6.8,0.0,6.8,0.00,
20:40:37,80,6.8,0.0,6.8,0.00,
20:40:38,80,6.8,0.0,6.8,0.00,
20:40:39,80,6.8,0.0,6.8,0.00,
20:40:40,80,6.8,0.0,6.8,0.00,
20:40:41,80,6.8,0.0,6.8,0.00,
20:40:42,80,6.8,0.0,6.8,0.00,
20:40:43,80,6.8,0.0,6.8,0.00,
20:40:44,80,6.8,0.0,6.8,0.00,
20:40:45,80,6.8,0.0,6.8,0.00,
20:40:46,80,6.8,0.0,6.8,0.00,
20:40:47,80,6.8,0.0,6.8,0.00,
20:40:48,80,6.8,0.0,6.8,0.00,
20:40:49,80,6.8,0.0,6.8,0.00,
20:40:50,80,6.8,0.0,6.8,0.00,
20:40:51,80,6.6,0.0,6.6,0.00,
20:40:52,80,6.6,0.0,6.6,0.00,
20:40:53,80,6.6,0.0,6.6,0.00,
20:40:54,80,6.6,0.0,6.6,0.00,
20:40:56,80,6.6,0.0,6.6,0.00,
20:40:57,80,6.6,0.0,6.6,0.00,
20:40:58,80,6.6,0.0,6.6,0.00,
20:40:59,80,6.6,0.0,6.6,0.00,
20:41:00,80,6.6,0.0,6.6,0.00,
20:41:01,80,6.6,0.0,6.6,0.00,
20:41:02,80,6.6,0.0,6.6,0.00,
20:41:03,80,6.6,0.0,6.6,0.00,
20:41:04,80,6.6,0.0,6.6,0.00,
20:41:05,80,6.6,0.0,6.6,0.00,
20:41:06,80,6.6,0.0,6.6,0.00,
20:41:07,80,6.6,0.0,6.6,0.00,
20:41:08,80,6.6,0.0,6.6,0.00,
20:41:09,80,6.6,0.0,6.6,0.00,
20:41:10,80,6.6,0.0,6.6,0.00,
20:41:11,80,6.6,0.0,6.6,0.00,
20:41:12,80,6.6,0.0,6.6,0.00,
20:41:13,80,6.6,0.0,6.6,0.00,
20:41:14,80,6.6,0.0,6.6,0.00,
20:41:15,80,6.6,0.0,6.6,0.00,
20:41:16,80,6.6,0.0,6.6,0.00,
20:41:17,80,6.6,0.0,6.6,0.00,
20:41:18,80,6.6,0.0,6.6,0.00,
20:41:20,80,6.6,0.0,6.6,0.00,
20:41:21,80,6.6,0.0,6.6,0.00,
20:41:22,80,6.6,0.0,6.6,0.00,
20:41:23,80,6.6,0.0,6.6,0.00,
20:41:24,80,6.6,0.0,6.6,0.00,
20:41:25,80,6.6,0.0,6.6,0.00,
20:41:26,80,6.6,0.0,6.6,0.00,
20:41:27,80,6.6,0.0,6.6,0.00,
20:41:28,80,6.6,0.0,6.6,0.00,
20:41:29,80,6.6,0.0,6.6,0.00,
20:41:30,80,6.6,0.0,6.6,0.00,
20:41:31,80,6.6,0.0,6.6,0.00,
20:41:32,80,6.6,0.0,6.6,0.00,
20:41:33,80,6.6,0.0,6.6,0.00,
20:41:34,80,6.6,0.0,6.6,0.00,
20:41:35,80,6.6,0.0,6.6,0.00,
20:41:36,80,6.6,0.0,6.6,0.00,
20:41:37,80,6.6,0.0,6.6,0.00,
20:41:38,80,6.6,0.0,6.6,0.00,
20:41:39,80,6.6,0.0,6.6,0.00,
20:41:40,80,6.6,0.0,6.6,0.00,
20:41:41,80,6.6,0.0,6.6,0.00,
20:41:43,80,6.6,0.0,6.6,0.00,
20:41:44,80,6.6,0.0,6.6,0.00,
20:41:45,80,6.6,0.0,6.6,0.00,
20:41:46,80,6.6,0.0,6.6,0.00,
20:41:47,80,6.6,0.0,6.6,0.00,
20:41:48,80,6.6,0.0,6.6,0.00,
20:41:49,80,6.6,0.0,6.6,0.00,
20:41:50,80,6.6,0.0,6.6,0.00,
20:41:51,80,6.6,0.0,6.6,0.00,
20:41:52,80,6.6,0.0,6.6,0.00,
20:41:53,80,6.6,0.0,6.6,0.00,
20:41:54,80,6.6,0.0,6.6,0.00,
20:41:55,80,6.6,0.0,6.6,0.00,
20:41:56,80,6.6,0.0,6.6,0.00,
20:41:57,80,6.6,0.0,6.6,0.00,
20:41:58,80,6.6,0.0,6.6,0.00,
20:41:59,80,6.6,0.0,6.6,0.00,
20:42:00,80,6.6,0.0,6.6,0.00,
20:42:01,80,6.6,0.0,6.6,0.00,
20:42:02,80,6.6,0.0,6.6,0.00,
20:42:03,80,6.6,0.0,6.6,0.00,
20:42:04,80,6.6,0.0,6.6,0.00,
20:42:05,80,6.6,0.0,6.6,0.00,
20:42:07,80,6.6,0.0,6.6,0.00,
20:42:08,80,6.6,0.0,6.6,0.00,
20:42:09,80,6.6,0.0,6.6,0.00,
20:42:10,80,6.6,0.0,6.6,0.00,
20:42:11,80,6.6,0.0,6.6,0.00,
20:42:12,80,6.6,0.0,6.6,0.00,
20:42:13,80,6.6,0.0,6.6,0.00,
20:42:14,80,6.6,0.0,6.6,0.00,
20:42:15,80,6.6,0.0,6.6,0.00,
20:42:16,80,6.6,0.0,6.6,0.00,
20:42:17,80,6.6,0.0,6.6,0.00,
20:42:18,80,6.6,0.0,6.6,0.00,
20:42:19,80,6.6,0.0,6.6,0.00,
20:42:20,80,6.6,0.0,6.6,0.00,
20:42:21,80,6.6,0.0,6.6,0.00,
20:42:22,80,6.6,0.0,6.6,0.00,
20:42:23,80,6.6,0.0,6.6,0.00,
20:42:24,80,6.6,0.0,6.6,0.00,
20:42:25,80,6.6,0.0,6.6,0.00,
20:42:26,80,6.6,0.0,6.6,0.00,
20:42:27,80,6.6,0.0,6.6,0.00,
20:42:28,80,6.6,0.0,6.6,0.00,
20:42:30,80,6.6,0.0,6.6,0.00,
20:42:31,80,6.6,0.0,6.6,0.00,
20:42:32,80,6.6,0.0,6.6,0.00,
20:42:33,80,6.6,0.0,6.6,0.00,
20:42:34,80,6.6,0.0,6.6,0.00,
20:42:35,80,6.6,0.0,6.6,0.00,
20:42:36,80,6.6,0.0,6.6,0.00,
20:42:37,80,6.6,0.0,6.6,0.00,
20:42:38,80,6.6,0.0,6.6,0.00,
20:42:39,80,6.6,0.0,6.6,0.00,
20:42:40,80,6.6,0.0,6.6,0.00,
20:42:41,80,6.6,0.0,6.6,0.00,
20:42:42,80,6.6,0.0,6.6,0.00,
20:42:43,80,6.6,0.0,6.6,0.00,
20:42:44,80,6.6,0.0,6.6,0.00,
20:42:45,80,6.6,0.0,6.6,0.00,
20:42:46,80,6.6,0.0,6.6,0.00,
20:42:47,80,6.6,0.0,6.6,0.00,
20:42:48,80,6.6,0.0,6.6,0.00,
20:42:49,80,6.6,0.0,6.6,0.00,
20:42:50,80,6.6,0.0,6.6,0.00,
20:42:51,80,6.5,0.0,6.5,0.00,
20:42:52,80,6.5,0.0,6.5,0.00,
20:42:53,80,6.5,0.0,6.5,0.00,
20:42:55,80,6.5,0.0,6.5,0.00,
20:42:56,80,6.5,0.0,6.5,0.00,
20:42:57,80,6.5,0.0,6.5,0.00,
20:42:58,80,6.5,0.0,6.5,0.00,
20:42:59,80,6.5,0.0,6.5,0.00,
20:43:00,80,6.5,0.0,6.5,0.00,
20:43:01,80,6.5,0.0,6.5,0.00,
20:43:02,80,6.5,0.0,6.5,0.00,
20:43:03,80,6.5,0.0,6.5,0.00,
20:43:04,80,6.5,0.0,6.5,0.00,
20:43:05,80,6.5,0.0,6.5,0.00,
20:43:06,80,6.5,0.0,6.5,0.00,
20:43:07,80,6.5,0.0,6.5,0.00,
20:43:08,80,6.5,0.0,6.5,0.00,
20:43:09,80,6.5,0.0,6.5,0.00,
20:43:10,80,6.5,0.0,6.5,0.00,
20:43:11,80,6.5,0.0,6.5,0.00,
20:43:12,80,6.5,0.0,6.5,0.00,
20:43:13,80,6.5,0.0,6.5,0.00,
20:43:14,80,6.5,0.0,6.5,0.00,
20:43:15,80,6.5,0.0,6.5,0.00,
20:43:16,80,6.5,0.0,6.5,0.00,
20:43:18,80,6.5,0.0,6.5,0.00,
20:43:19,80,6.5,0.0,6.5,0.00,
20:43:20,80,6.5,0.0,6.5,0.00,
20:43:21,80,6.5,0.0,6.5,0.00,
20:43:22,80,6.5,0.0,6.5,0.00,
20:43:23,80,6.5,0.0,6.5,0.00,
20:43:24,80,6.5,0.0,6.5,0.00,
20:43:25,80,6.5,0.0,6.5,0.00,
20:43:26,80,6.5,0.0,6.5,0.00,
20:43:27,80,6.5,0.0,6.5,0.00,
20:43:28,80,6.5,0.0,6.5,0.00,
20:43:29,80,6.5,0.0,6.5,0.00,
20:43:30,80,6.5,0.0,6.5,0.00,
20:43:31,80,6.5,0.0,6.5,0.00,
20:43:32,80,6.5,0.0,6.5,0.00,
20:43:33,80,6.5,0.0,6.5,0.00,
20:43:34,80,6.5,0.0,6.5,0.00,
20:43:35,80,6.5,0.0,6.5,0.00,
20:43:36,80,6.5,0.0,6.5,0.00,
20:43:37,80,6.5,0.0,6.5,0.00,
20:43:38,80,6.5,0.0,6.5,0.00,
20:43:39,80,6.5,0.0,6.5,0.00,
20:43:41,80,6.5,0.0,6.5,0.00,
20:43:42,80,6.5,0.0,6.5,0.00,
20:43:43,80,6.5,0.0,6.5,0.00,
20:43:44,80,6.5,0.0,6.5,0.00,
20:43:45,80,6.5,0.0,6.5,0.00,
20:43:46,80,6.5,0.0,6.5,0.00,
20:43:47,80,6.5,0.0,6.5,0.00,
20:43:48,80,6.5,0.0,6.5,0.00,
20:43:49,80,6.5,0.0,6.5,0.00,
20:43:50,80,6.5,0.0,6.5,0.00,
20:43:51,80,6.5,0.0,6.5,0.00,
20:43:52,80,6.5,0.0,6.5,0.00,
20:43:53,80,6.5,0.0,6.5,0.00,
20:43:54,80,6.5,0.0,6.5,0.00,
20:43:55,80,6.5,0.0,6.5,0.00,
20:43:56,80,6.5,0.0,6.5,0.00,
20:43:57,80,6.5,0.0,6.5,0.00,
20:43:58,80,6.5,0.0,6.5,0.00,
20:43:59,80,6.5,0.0,6.5,0.00,
20:44:00,80,6.5,0.0,6.5,0.00,
20:44:01,80,6.5,0.0,6.5,0.00,
20:44:02,80,6.5,0.0,6.5,0.00,
20:44:03,80,6.5,0.0,6.5,0.00,
20:44:05,80,6.5,0.0,6.5,0.00,
20:44:06,80,6.5,0.0,6.5,0.00,
20:44:07,80,6.5,0.0,6.5,0.00,
20:44:08,80,6.5,0.0,6.5,0.00,
20:44:09,80,6.5,0.0,6.5,0.00,
20:44:10,80,6.5,0.0,6.5,0.00,
20:44:11,80,6.5,0.0,6.5,0.00,
20:44:12,80,6.5,0.0,6.5,0.00,
20:44:13,80,6.5,0.0,6.5,0.00,
20:44:14,80,6.5,0.0,6.5,0.00,
20:44:15,80,6.5,0.0,6.5,0.00,
20:44:16,80,6.5,0.0,6.5,0.00,
20:44:17,80,6.5,0.0,6.5,0.00,
20:44:18,80,6.5,0.0,6.5,0.00,
20:44:19,80,6.5,0.0,6.5,0.00,
20:44:20,80,6.5,0.0,6.5,0.00,
20:44:21,80,6.5,0.0,6.5,0.00,
20:44:22,80,6.5,0.0,6.5,0.00,
20:44:23,80,6.5,0.0,6.5,0.00,
20:44:24,80,6.5,0.0,6.5,0.00,
20:44:25,80,6.5,0.0,6.5,0.00,
20:44:26,80,6.5,0.0,6.5,0.00,
20:44:28,80,6.5,0.0,6.5,0.00,
20:44:29,80,6.5,0.0,6.5,0.00,
20:44:30,80,6.5,0.0,6.5,0.00,
20:44:31,80,6.5,0.0,6.5,0.00,
20:44:32,80,6.5,0.0,6.5,0.00,
20:44:33,80,6.5,0.0,6.5,0.00,
20:44:34,80,6.5,0.0,6.5,0.00,
20:44:35,80,6.5,0.0,6.5,0.00,
20:44:36,80,6.5,0.0,6.5,0.00,
20:44:37,80,6.5,0.0,6.5,0.00,
20:44:38,80,6.5,0.0,6.5,0.00,
20:44:39,80,6.5,0.0,6.5,0.00,
20:44:40,80,6.5,0.0,6.5,0.00,
20:44:41,80,6.5,0.0,6.5,0.00,
20:44:42,80,6.5,0.0,6.5,0.00,
20:44:43,80,6.5,0.0,6.5,0.00,
20:44:44,80,6.5,0.0,6.5,0.00,
20:44:45,80,6.5,0.0,6.5,0.00,
20:44:46,80,6.5,0.0,6.5,0.00,
20:44:47,80,6.5,0.0,6.5,0.00,
20:44:48,80,6.5,0.0,6.5,0.00,
20:44:49,80,6.5,0.0,6.5,0.00,
20:44:50,80,6.5,0.0,6.5,0.00,
20:44:52,80,6.4,0.0,6.4,0.00,
20:44:53,80,6.4,0.0,6.4,0.00,
20:44:54,80,6.4,0.0,6.4,0.00,
20:44:55,80,6.4,0.0,6.4,0.00,
20:44:56,80,6.4,0.0,6.4,0.00,
20:44:57,80,6.4,0.0,6.4,0.00,
20:44:58,80,6.4,0.0,6.4,0.00,
20:44:59,80,6.4,0.0,6.4,0.00,
20:45:00,80,6.4,0.0,6.4,0.00,
20:45:01,80,6.4,0.0,6.4,0.00,
20:45:02,80,6.4,0.0,6.4,0.00,
20:45:03,80,6.4,0.0,6.4,0.00,
20:45:04,80,6.4,0.0,6.4,0.00,
20:45:05,80,6.4,0.0,6.4,0.00,
20:45:06,80,6.4,0.0,6.4,0.00,
20:45:07,80,6.4,0.0,6.4,0.00,
20:45:08,80,6.4,0.0,6.4,0.00,
20:45:09,80,6.4,0.0,6.4,0.00,
20:45:10,80,6.4,0.0,6.4,0.00,
20:45:11,80,6.4,0.0,6.4,0.00,
20:45:12,80,6.4,0.0,6.4,0.00,
20:45:13,80,6.4,0.0,6.4,0.00,
20:45:15,80,6.4,0.0,6.4,0.00,
20:45:16,80,6.4,0.0,6.4,0.00,
20:45:17,80,6.4,0.0,6.4,0.00,
20:45:18,80,6.4,0.0,6.4,0.00,
20:45:19,80,6.4,0.0,6.4,0.00,
20:45:20,80,6.4,0.0,6.4,0.00,
20:45:21,80,6.4,0.0,6.4,0.00,
20:45:22,80,6.4,0.0,6.4,0.00,
20:45:23,80,6.4,0.0,6.4,0.00,
20:45:24,80,6.4,0.0,6.4,0.00,
20:45:25,80,6.4,0.0,6.4,0.00,
20:45:26,80,6.4,0.0,6.4,0.00,
20:45:27,80,6.4,0.0,6.4,0.00,
20:45:28,80,6.4,0.0,6.4,0.00,
20:45:29,80,6.4,0.0,6.4,0.00,
20:45:30,80,6.4,0.0,6.4,0.00,
20:45:31,80,6.4,0.0,6.4,0.00,
20:45:32,80,6.4,0.0,6.4,0.00,
20:45:33,80,6.4,0.0,6.4,0.00,
20:45:34,80,6.4,0.0,6.4,0.00,
20:45:35,80,6.4,0.0,6.4,0.00,
20:45:36,80,6.4,0.0,6.4,0.00,
20:45:37,80,6.4,0.0,6.4,0.00,
20:45:39,80,6.4,0.0,6.4,0.00,
20:45:40,80,6.4,0.0,6.4,0.00,
20:45:41,80,6.4,0.0,6.4,0.00,
20:45:42,80,6.4,0.0,6.4,0.00,
20:45:43,80,6.4,0.0,6.4,0.00,
20:45:44,80,6.4,0.0,6.4,0.00,
20:45:45,80,6.4,0.0,6.4,0.00,
20:45:46,80,6.4,0.0,6.4,0.00,
20:45:47,80,6.4,0.0,6.4,0.00,
20:45:48,80,6.4,0.0,6.4,0.00,
20:45:49,80,6.4,0.0,6.4,0.00,
20:45:50,80,6.4,0.0,6.4,0.00,
20:45:51,80,6.3,0.0,6.3,0.00,
20:45:52,80,6.3,0.0,6.3,0.00,
20:45:53,80,6.3,0.0,6.3,0.00,
20:45:54,80,6.3,0.0,6.3,0.00,
20:45:55,80,6.3,0.0,6.3,0.00,
20:45:56,80,6.3,0.0,6.3,0.00,
20:45:57,80,6.3,0.0,6.3,0.00,
20:45:58,80,6.3,0.0,6.3,0.00,
20:45:59,80,6.3,0.0,6.3,0.00,
20:46:00,80,6.3,0.0,6.3,0.00,
20:46:02,80,6.3,0.0,6.3,0.00,
20:46:03,80,6.3,0.0,6.3,0.00,
20:46:04,80,6.3,0.0,6.3,0.00,
20:46:05,80,6.3,0.0,6.3,0.00,
20:46:06,80,6.3,0.0,6.3,0.00,
20:46:07,80,6.3,0.0,6.3,0.00,
20:46:08,80,6.3,0.0,6.3,0.00,
20:46:09,80,6.3,0.0,6.3,0.00,
20:46:10,80,6.3,0.0,6.3,0.00,
20:46:11,80,6.3,0.0,6.3,0.00,
20:46:12,80,6.3,0.0,6.3,0.00,
20:46:13,80,6.3,0.0,6.3,0.00,
20:46:14,80,6.3,0.0,6.3,0.00,
20:46:15,80,6.3,0.0,6.3,0.00,
20:46:16,80,6.3,0.0,6.3,0.00,
20:46:17,80,6.3,0.0,6.3,0.00,
20:46:18,80,6.3,0.0,6.3,0.00,
20:46:19,80,6.3,0.0,6.3,0.00,
20:46:20,80,6.3,0.0,6.3,0.00,
20:46:21,80,6.3,0.0,6.3,0.00,
20:46:22,80,6.3,0.0,6.3,0.00,
20:46:23,80,6.3,0.0,6.3,0.00,
20:46:25,80,6.3,0.0,6.3,0.00,
20:46:26,80,6.3,0.0,6.3,0.00,
20:46:27,80,6.3,0.0,6.3,0.00,
20:46:28,80,6.3,0.0,6.3,0.00,
20:46:29,80,6.3,0.0,6.3,0.00,
20:46:30,80,6.3,0.0,6.3,0.00,
20:46:31,80,6.3,0.0,6.3,0.00,
20:46:32,80,6.3,0.0,6.3,0.00,
20:46:33,80,6.3,0.0,6.3,0.00,
20:46:34,80,6.3,0.0,6.3,0.00,
20:46:35,80,6.3,0.0,6.3,0.00,
20:46:36,80,6.3,0.0,6.3,0.00,
20:46:37,80,6.3,0.0,6.3,0.00,
20:46:38,80,6.3,0.0,6.3,0.00,
20:46:39,80,6.3,0.0,6.3,0.00,
20:46:40,80,6.3,0.0,6.3,0.00,
20:46:41,80,6.3,0.0,6.3,0.00,
20:46:42,80,6.3,0.0,6.3,0.00,
20:46:43,80,6.3,0.0,6.3,0.00,
20:46:44,80,6.3,0.0,6.3,0.00,
20:46:45,80,6.3,0.0,6.3,0.00,
20:46:46,80,6.3,0.0,6.3,0.00,
20:46:48,80,6.3,0.0,6.3,0.00,
20:46:49,80,6.3,0.0,6.3,0.00,
20:46:50,80,6.3,0.0,6.3,0.00,
20:46:51,80,3.1,0.0,3.1,0.00,
20:46:52,80,3.1,0.0,3.1,0.00,
20:46:53,80,3.1,0.0,3.1,0.00,
20:46:54,80,3.1,0.0,3.1,0.00,
20:46:55,80,3.1,0.0,3.1,0.00,
20:46:56,80,3.1,0.0,3.1,0.00,
20:46:57,80,3.1,0.0,3.1,0.00,
20:46:58,80,3.1,0.0,3.1,0.00,
20:46:59,80,3.1,0.0,3.1,0.00,
20:47:00,80,3.1,0.0,3.1,0.00,
20:47:01,80,3.1,0.0,3.1,0.00,
20:47:02,80,3.1,0.0,3.1,0.00,
20:47:03,80,3.1,0.0,3.1,0.00,
20:47:04,80,3.1,0.0,3.1,0.00,
20:47:05,80,3.1,0.0,3.1,0.00,
20:47:06,80,3.1,0.0,3.1,0.00,
20:47:07,80,3.1,0.0,3.1,0.00,
20:47:08,80,3.1,0.0,3.1,0.00,
20:47:09,80,3.1,0.0,3.1,0.00,
20:47:11,80,3.1,0.0,3.1,0.00,
20:47:12,80,3.1,0.0,3.1,0.00,
20:47:13,80,3.1,0.0,3.1,0.00,
20:47:14,80,3.1,0.0,3.1,0.00,
20:47:15,80,3.1,0.0,3.1,0.00,
20:47:16,80,3.1,0.0,3.1,0.00,
20:47:17,80,3.1,0.0,3.1,0.00,
20:47:18,80,3.1,0.0,3.1,0.00,
20:47:19,80,3.1,0.0,3.1,0.00,
20:47:20,80,3.1,0.0,3.1,0.00,
20:47:21,80,3.1,0.0,3.1,0.00,
20:47:22,80,3.1,0.0,3.1,0.00,
20:47:23,80,3.1,0.0,3.1,0.00,
20:47:24,80,3.1,0.0,3.1,0.00,
20:47:25,80,3.1,0.0,3.1,0.00,
20:47:26,80,3.1,0.0,3.1,0.00,
20:47:27,80,3.1,0.0,3.1,0.00,
20:47:28,80,3.1,0.0,3.1,0.00,
20:47:29,80,3.1,0.0,3.1,0.00,
20:47:30,80,3.1,0.0,3.1,0.00,
20:47:31,80,3.1,0.0,3.1,0.00,
20:47:32,80,3.1,0.0,3.1,0.00,
20:47:33,80,3.1,0.0,3.1,0.00,
20:47:35,80,3.1,0.0,3.1,0.00,
20:47:36,80,3.1,0.0,3.1,0.00,
20:47:37,80,3.1,0.0,3.1,0.00,
20:47:38,80,3.1,0.0,3.1,0.00,
20:47:39,80,3.1,0.0,3.1,0.00,
20:47:40,80,3.1,0.0,3.1,0.00,
20:47:41,80,3.1,0.0,3.1,0.00,
20:47:42,80,3.1,0.0,3.1,0.00,
20:47:43,80,3.1,0.0,3.1,0.00,
20:47:44,80,3.1,0.0,3.1,0.00,
20:47:45,80,3.1,0.0,3.1,0.00,
20:47:46,80,3.1,0.0,3.1,0.00,
20:47:47,80,3.1,0.0,3.1,0.00,
20:47:48,80,3.1,0.0,3.1,0.00,
20:47:49,80,3.1,0.0,3.1,0.00,
20:47:50,80,3.1,0.0,3.1,0.00,
20:47:51,80,3.1,0.0,3.1,0.00,
20:47:52,80,3.1,0.0,3.1,0.00,
20:47:53,80,3.1,0.0,3.1,0.00,
20:47:54,80,3.1,0.0,3.1,0.00,
20:47:55,80,3.1,0.0,3.1,0.00,
20:47:56,80,3.1,0.0,3.1,0.00,
20:47:57,80,3.1,0.0,3.1,0.00,
20:47:59,80,3.1,0.0,3.1,0.00,
20:48:00,80,3.1,0.0,3.1,0.00,
20:48:01,80,3.1,0.0,3.1,0.00,
20:48:02,80,3.1,0.0,3.1,0.00,
20:48:03,80,3.1,0.0,3.1,0.00,
20:48:04,80,3.1,0.0,3.1,0.00,
20:48:05,80,3.1,0.0,3.1,0.00,
20:48:06,80,3.1,0.0,3.1,0.00,
20:48:07,80,3.1,0.0,3.1,0.00,
20:48:08,80,3.1,0.0,3.1,0.00,
20:48:09,80,3.1,0.0,3.1,0.00,
20:48:10,80,3.1,0.0,3.1,0.00,
20:48:11,80,3.1,0.0,3.1,0.00,
20:48:12,80,3.1,0.0,3.1,0.00,
20:48:13,80,3.1,0.0,3.1,0.00,
20:48:14,80,3.1,0.0,3.1,0.00,
20:48:15,80,3.1,0.0,3.1,0.00,
20:48:16,80,3.1,0.0,3.1,0.00,
20:48:17,80,3.1,0.0,3.1,0.00,
20:48:18,80,3.1,0.0,3.1,0.00,
20:48:19,80,3.1,0.0,3.1,0.00,
20:48:21,80,3.1,0.0,3.1,0.00,
20:48:22,80,3.1,0.0,3.1,0.00,
20:48:23,80,3.1,0.0,3.1,0.00,
20:48:24,80,3.1,0.0,3.1,0.00,
20:48:25,80,3.1,0.0,3.1,0.00,
20:48:26,80,3.1,0.0,3.1,0.00,
20:48:27,80,3.1,0.0,3.1,0.00,
20:48:28,80,3.1,0.0,3.1,0.00,
20:48:29,80,3.1,0.0,3.1,0.00,
20:48:30,80,3.1,0.0,3.1,0.00,
20:48:31,80,3.1,0.0,3.1,0.00,
20:48:32,80,3.1,0.0,3.1,0.00,
20:48:33,80,3.1,0.0,3.1,0.00,
20:48:34,80,3.1,0.0,3.1,0.00,
20:48:35,80,3.1,0.0,3.1,0.00,
20:48:36,80,3.1,0.0,3.1,0.00,
20:48:37,80,3.1,0.0,3.1,0.00,
20:48:38,80,3.1,0.0,3.1,0.00,
20:48:39,80,3.1,0.0,3.1,0.00,
20:48:40,80,3.1,0.0,3.1,0.00,
20:48:41,80,3.1,0.0,3.1,0.00,
20:48:42,80,3.1,0.0,3.1,0.00,
20:48:43,80,3.1,0.0,3.1,0.00,
20:48:45,80,3.1,0.0,3.1,0.00,
20:48:46,80,3.1,0.0,3.1,0.00,
20:48:47,80,3.1,0.0,3.1,0.00,
20:48:48,80,3.1,0.0,3.1,0.00,
20:48:49,80,3.1,0.0,3.1,0.00,
20:48:50,80,3.1,0.0,3.1,0.00,
20:48:51,80,3.2,0.0,3.2,0.00,
20:48:52,80,3.2,0.0,3.2,0.00,
20:48:53,80,3.2,0.0,3.2,0.00,
20:48:54,80,3.2,0.0,3.2,0.00,
20:48:55,80,3.2,0.0,3.2,0.00,
20:48:56,80,3.2,0.0,3.2,0.00,
20:48:57,80,3.2,0.0,3.2,0.00,
20:48:58,80,3.2,0.0,3.2,0.00,
20:48:59,80,3.2,0.0,3.2,0.00,
20:49:00,80,3.2,0.0,3.2,0.00,
20:49:01,80,3.2,0.0,3.2,0.00,
20:49:02,80,3.2,0.0,3.2,0.00,
20:49:03,80,3.2,0.0,3.2,0.00,
20:49:04,80,3.2,0.0,3.2,0.00,
20:49:05,80,3.2,0.0,3.2,0.00,
20:49:06,80,3.2,0.0,3.2,0.00,
20:49:08,80,3.2,0.0,3.2,0.00,
20:49:09,80,3.2,0.0,3.2,0.00,
20:49:10,80,3.2,0.0,3.2,0.00,
20:49:11,80,3.2,0.0,3.2,0.00,
20:49:12,80,3.2,0.0,3.2,0.00,
20:49:13,80,3.2,0.0,3.2,0.00,
20:49:14,80,3.2,0.0,3.2,0.00,
20:49:15,80,3.2,0.0,3.2,0.00,
20:49:16,80,3.2,0.0,3.2,0.00,
20:49:17,80,3.2,0.0,3.2,0.00,
20:49:18,80,3.2,0.0,3.2,0.00,
20:49:19,80,3.2,0.0,3.2,0.00,
20:49:20,80,3.2,0.0,3.2,0.00,
20:49:21,80,3.2,0.0,3.2,0.00,
20:49:22,80,3.2,0.0,3.2,0.00,
20:49:23,80,3.2,0.0,3.2,0.00,
20:49:24,80,3.2,0.0,3.2,0.00,
20:49:25,80,3.2,0.0,3.2,0.00,
20:49:26,80,3.2,0.0,3.2,0.00,
20:49:27,80,3.2,0.0,3.2,0.00,
20:49:28,80,3.2,0.0,3.2,0.00,
20:49:29,80,3.2,0.0,3.2,0.00,
20:49:31,80,3.2,0.0,3.2,0.00,
20:49:32,80,3.2,0.0,3.2,0.00,
20:49:33,80,3.2,0.0,3.2,0.00,
20:49:34,80,3.2,0.0,3.2,0.00,
20:49:35,80,3.2,0.0,3.2,0.00,
20:49:36,80,3.2,0.0,3.2,0.00,
20:49:37,80,3.2,0.0,3.2,0.00,
20:49:38,80,3.2,0.0,3.2,0.00,
20:49:39,80,3.2,0.0,3.2,0.00,
20:49:40,80,3.2,0.0,3.2,0.00,
20:49:41,80,3.2,0.0,3.2,0.00,
20:49:42,80,3.2,0.0,3.2,0.00,
20:49:43,80,3.2,0.0,3.2,0.00,
20:49:44,80,3.2,0.0,3.2,0.00,
20:49:45,80,3.2,0.0,3.2,0.00,
20:49:46,80,3.2,0.0,3.2,0.00,
20:49:47,80,3.2,0.0,3.2,0.00,
20:49:48,80,3.2,0.0,3.2,0.00,
20:49:49,80,3.2,0.0,3.2,0.00,
20:49:50,80,3.2,0.0,3.2,0.00,
20:49:51,80,3.0,0.0,3.0,0.00,
20:49:52,80,3.0,0.0,3.0,0.00,
20:49:54,80,3.0,0.0,3.0,0.00,
20:49:55,80,3.0,0.0,3.0,0.00,
20:49:56,80,3.0,0.0,3.0,0.00,
20:49:57,80,3.0,0.0,3.0,0.00,
20:49:58,80,3.0,0.0,3.0,0.00,
20:49:59,80,3.0,0.0,3.0,0.00,
20:50:00,80,3.0,0.0,3.0,0.00,
20:50:01,80,3.0,0.0,3.0,0.00,
20:50:02,80,3.0,0.0,3.0,0.00,
20:50:03,80,3.0,0.0,3.0,0.00,
20:50:04,80,3.0,0.0,3.0,0.00,
20:50:05,80,3.0,0.0,3.0,0.00,
20:50:06,80,3.0,0.0,3.0,0.00,
20:50:07,80,3.0,0.0,3.0,0.00,
20:50:08,80,3.0,0.0,3.0,0.00,
20:50:09,80,3.0,0.0,3.0,0.00,
20:50:10,80,3.0,0.0,3.0,0.00,
20:50:11,80,3.0,0.0,3.0,0.00,
20:50:12,80,3.0,0.0,3.0,0.00,
20:50:13,80,3.0,0.0,3.0,0.00,
20:50:14,80,3.0,0.0,3.0,0.00,
20:50:15,80,3.0,0.0,3.0,0.00,
20:50:17,80,3.0,0.0,3.0,0.00,
20:50:18,80,3.0,0.0,3.0,0.00,
20:50:19,80,3.0,0.0,3.0,0.00,
20:50:20,80,3.0,0.0,3.0,0.00,
20:50:21,80,3.0,0.0,3.0,0.00,
20:50:22,80,3.0,0.0,3.0,0.00,
20:50:23,80,3.0,0.0,3.0,0.00,
20:50:24,80,3.0,0.0,3.0,0.00,
20:50:25,80,3.0,0.0,3.0,0.00,
20:50:26,80,3.0,0.0,3.0,0.00,
20:50:27,80,3.0,0.0,3.0,0.00,
20:50:28,80,3.0,0.0,3.0,0.00,
20:50:29,80,3.0,0.0,3.0,0.00,
20:50:30,80,3.0,0.0,3.0,0.00,
20:50:31,80,3.0,0.0,3.0,0.00,
20:50:32,80,3.0,0.0,3.0,0.00,
20:50:33,80,3.0,0.0,3.0,0.00,
20:50:34,80,3.0,0.0,3.0,0.00,
20:50:35,80,3.0,0.0,3.0,0.00,
20:50:36,80,3.0,0.0,3.0,0.00,
20:50:37,80,3.0,0.0,3.0,0.00,
20:50:38,80,3.0,0.0,3.0,0.00,
20:50:40,80,3.0,0.0,3.0,0.00,
20:50:41,80,3.0,0.0,3.0,0.00,
20:50:42,80,3.0,0.0,3.0,0.00,
20:50:43,80,3.0,0.0,3.0,0.00,
20:50:44,80,3.0,0.0,3.0,0.00,
20:50:45,80,3.0,0.0,3.0,0.00,
20:50:46,80,3.0,0.0,3.0,0.00,
20:50:47,80,3.0,0.0,3.0,0.00,
20:50:48,80,3.0,0.0,3.0,0.00,
20:50:49,80,3.0,0.0,3.0,0.00,
20:50:50,80,3.0,0.0,3.0,0.00,
20:50:51,80,3.1,0.0,3.1,0.00,
20:50:52,80,3.1,0.0,3.1,0.00,
20:50:53,80,3.1,0.0,3.1,0.00,
20:50:54,80,3.1,0.0,3.1,0.00,
20:50:55,80,3.1,0.0,3.1,0.00,
20:50:56,80,3.1,0.0,3.1,0.00,
20:50:57,80,3.1,0.0,3.1,0.00,
20:50:58,80,3.1,0.0,3.1,0.00,
20:50:59,80,3.1,0.0,3.1,0.00,
20:51:00,80,3.1,0.0,3.1,0.00,
20:51:01,80,3.1,0.0,3.1,0.00,
20:51:03,80,3.1,0.0,3.1,0.00,
20:51:04,80,3.1,0.0,3.1,0.00,
20:51:05,80,3.1,0.0,3.1,0.00,
20:51:06,80,3.1,0.0,3.1,0.00,
20:51:07,80,3.1,0.0,3.1,0.00,
20:51:08,80,3.1,0.0,3.1,0.00,
20:51:09,80,3.1,0.0,3.1,0.00,
20:51:10,80,3.1,0.0,3.1,0.00,
20:51:11,80,3.1,0.0,3.1,0.00,
20:51:12,80,3.1,0.0,3.1,0.00,
20:51:13,80,3.1,0.0,3.1,0.00,
20:51:14,80,3.1,0.0,3.1,0.00,
20:51:15,80,3.1,0.0,3.1,0.00,
20:51:16,80,3.1,0.0,3.1,0.00,
20:51:17,80,3.1,0.0,3.1,0.00,
20:51:18,80,3.1,0.0,3.1,0.00,
20:51:19,80,3.1,0.0,3.1,0.00,
20:51:20,80,3.1,0.0,3.1,0.00,
20:51:21,80,3.1,0.0,3.1,0.00,
20:51:22,80,3.1,0.0,3.1,0.00,
20:51:23,80,3.1,0.0,3.1,0.00,
20:51:24,80,3.1,0.0,3.1,0.00,
20:51:25,80,3.1,0.0,3.1,0.00,
20:51:27,80,3.1,0.0,3.1,0.00,
20:51:28,80,3.1,0.0,3.1,0.00,
20:51:29,80,3.1,0.0,3.1,0.00,
20:51:30,80,3.1,0.0,3.1,0.00,
20:51:31,80,3.1,0.0,3.1,0.00,
20:51:32,80,3.1,0.0,3.1,0.00,
20:51:33,80,3.1,0.0,3.1,0.00,
20:51:34,80,3.1,0.0,3.1,0.00,
20:51:35,80,3.1,0.0,3.1,0.00,
20:51:36,80,3.1,0.0,3.1,0.00,
20:51:37,80,3.1,0.0,3.1,0.00,
20:51:38,80,3.1,0.0,3.1,0.00,
20:51:39,80,3.1,0.0,3.1,0.00,
20:51:40,80,3.1,0.0,3.1,0.00,
20:51:41,80,3.1,0.0,3.1,0.00,
20:51:42,80,3.1,0.0,3.1,0.00,
20:51:43,80,3.1,0.0,3.1,0.00,
20:51:44,80,3.1,0.0,3.1,0.00,
20:51:45,80,3.1,0.0,3.1,0.00,
20:51:46,80,3.1,0.0,3.1,0.00,
20:51:47,80,3.1,0.0,3.1,0.00,
20:51:48,80,3.1,0.0,3.1,0.00,
20:51:50,80,3.1,0.0,3.1,0.00,
20:51:51,80,4.5,0.0,4.5,0.00,
20:51:52,80,4.5,0.0,4.5,0.00,
20:51:53,80,4.5,0.0,4.5,0.00,
20:51:54,80,4.5,0.0,4.5,0.00,
20:51:55,80,4.5,0.0,4.5,0.00,
20:51:56,80,4.5,0.0,4.5,0.00,
20:51:57,80,4.5,0.0,4.5,0.00,
20:51:58,80,4.5,0.0,4.5,0.00,
20:51:59,80,4.5,0.0,4.5,0.00,
20:52:00,80,4.5,0.0,4.5,0.00,
20:52:01,80,4.5,0.0,4.5,0.00,
20:52:02,80,4.5,0.0,4.5,0.00,
20:52:03,80,4.5,0.0,4.5,0.00,
20:52:04,80,4.5,0.0,4.5,0.00,
20:52:05,80,4.5,0.0,4.5,0.00,
20:52:06,80,4.5,0.0,4.5,0.00,
20:52:07,80,4.5,0.0,4.5,0.00,
20:52:08,80,4.5,0.0,4.5,0.00,
20:52:09,80,4.5,0.0,4.5,0.00,
20:52:10,80,4.5,0.0,4.5,0.00,
20:52:11,80,4.5,0.0,4.5,0.00,
20:52:13,80,4.5,0.0,4.5,0.00,
20:52:14,80,4.5,0.0,4.5,0.00,
20:52:15,80,4.5,0.0,4.5,0.00,
20:52:16,80,4.5,0.0,4.5,0.00,
20:52:17,80,4.5,0.0,4.5,0.00,
20:52:18,80,4.5,0.0,4.5,0.00,
20:52:19,80,4.5,0.0,4.5,0.00,
20:52:20,80,4.5,0.0,4.5,0.00,
20:52:21,80,4.5,0.0,4.5,0.00,
20:52:22,80,4.5,0.0,4.5,0.00,
20:52:23,80,4.5,0.0,4.5,0.00,
20:52:24,80,4.5,0.0,4.5,0.00,
20:52:25,80,4.5,0.0,4.5,0.00,
20:52:26,80,4.5,0.0,4.5,0.00,
20:52:27,80,4.5,0.0,4.5,0.00,
20:52:28,80,4.5,0.0,4.5,0.00,
20:52:29,80,4.5,0.0,4.5,0.00,
20:52:30,80,4.5,0.0,4.5,0.00,
20:52:31,80,4.5,0.0,4.5,0.00,
20:52:32,80,4.5,0.0,4.5,0.00,
20:52:33,80,4.5,0.0,4.5,0.00,
20:52:34,80,4.5,0.0,4.5,0.00,
20:52:35,80,4.5,0.0,4.5,0.00,
20:52:36,80,4.5,0.0,4.5,0.00,
20:52:38,80,4.5,0.0,4.5,0.00,
20:52:39,80,4.5,0.0,4.5,0.00,
20:52:40,80,4.5,0.0,4.5,0.00,
20:52:41,80,4.5,0.0,4.5,0.00,
20:52:42,80,4.5,0.0,4.5,0.00,
20:52:43,80,4.5,0.0,4.5,0.00,
20:52:44,80,4.5,0.0,4.5,0.00,
20:52:45,80,4.5,0.0,4.5,0.00,
20:52:46,80,4.5,0.0,4.5,0.00,
20:52:47,80,4.5,0.0,4.5,0.00,
20:52:48,80,4.5,0.0,4.5,0.00,
20:52:49,80,4.5,0.0,4.5,0.00,
20:52:50,80,4.5,0.0,4.5,0.00,
20:52:51,80,3.2,0.0,3.2,0.00,
20:52:52,80,3.2,0.0,3.2,0.00,
20:52:53,80,3.2,0.0,3.2,0.00,
20:52:54,80,3.2,0.0,3.2,0.00,
20:52:55,80,3.2,0.0,3.2,0.00,
20:52:56,80,3.2,0.0,3.2,0.00,
20:52:57,80,3.2,0.0,3.2,0.00,
20:52:58,80,3.2,0.0,3.2,0.00,
20:52:59,80,3.2,0.0,3.2,0.00,
20:53:01,80,3.2,0.0,3.2,0.00,
20:53:02,80,3.2,0.0,3.2,0.00,
20:53:03,80,3.2,0.0,3.2,0.00,
20:53:04,80,3.2,0.0,3.2,0.00,
20:53:05,80,3.2,0.0,3.2,0.00,
20:53:06,80,3.2,0.0,3.2,0.00,
20:53:07,80,3.2,0.0,3.2,0.00,
20:53:08,80,3.2,0.0,3.2,0.00,
20:53:09,80,3.2,0.0,3.2,0.00,
20:53:10,80,3.2,0.0,3.2,0.00,
20:53:11,80,3.2,0.0,3.2,0.00,
20:53:12,80,3.2,0.0,3.2,0.00,
20:53:13,80,3.2,0.0,3.2,0.00,
20:53:14,80,3.2,0.0,3.2,0.00,
20:53:15,80,3.2,0.0,3.2,0.00,
20:53:16,80,3.2,0.0,3.2,0.00,
20:53:17,80,3.2,0.0,3.2,0.00,
20:53:18,80,3.2,0.0,3.2,0.00,
20:53:19,80,3.2,0.0,3.2,0.00,
20:53:20,80,3.2,0.0,3.2,0.00,
20:53:21,80,3.2,0.0,3.2,0.00,
20:53:22,80,3.2,0.0,3.2,0.00,
20:53:23,80,3.2,0.0,3.2,0.00,
20:53:25,80,3.2,0.0,3.2,0.00,
20:53:26,80,3.2,0.0,3.2,0.00,
20:53:27,80,3.2,0.0,3.2,0.00,
20:53:28,80,3.2,0.0,3.2,0.00,
20:53:29,80,3.2,0.0,3.2,0.00,
20:53:30,80,3.2,0.0,3.2,0.00,
20:53:31,80,3.2,0.0,3.2,0.00,
20:53:32,80,3.2,0.0,3.2,0.00,
20:53:33,80,3.2,0.0,3.2,0.00,
20:53:34,80,3.2,0.0,3.2,0.00,
20:53:35,80,3.2,0.0,3.2,0.00,
20:53:36,80,3.2,0.0,3.2,0.00,
20:53:37,80,3.2,0.0,3.2,0.00,
20:53:38,80,3.2,0.0,3.2,0.00,
20:53:39,80,3.2,0.0,3.2,0.00,
20:53:40,80,3.2,0.0,3.2,0.00,
20:53:41,80,3.2,0.0,3.2,0.00,
20:53:42,80,3.2,0.0,3.2,0.00,
20:53:43,80,3.2,0.0,3.2,0.00,
20:53:44,80,3.2,0.0,3.2,0.00,
20:53:45,80,3.2,0.0,3.2,0.00,
20:53:46,80,3.2,0.0,3.2,0.00,
20:53:48,80,3.2,0.0,3.2,0.00,
20:53:49,80,3.2,0.0,3.2,0.00,
20:53:50,80,3.2,0.0,3.2,0.00,
20:53:51,80,3.2,0.0,3.2,0.00,
20:53:52,80,3.2,0.0,3.2,0.00,
20:53:53,80,3.2,0.0,3.2,0.00,
20:53:54,80,3.2,0.0,3.2,0.00,
20:53:55,80,3.2,0.0,3.2,0.00,
20:53:56,80,3.2,0.0,3.2,0.00,
20:53:57,80,3.2,0.0,3.2,0.00,
20:53:58,80,3.2,0.0,3.2,0.00,
20:53:59,80,3.2,0.0,3.2,0.00,
20:54:00,80,3.2,0.0,3.2,0.00,
20:54:01,80,3.2,0.0,3.2,0.00,
20:54:02,80,3.2,0.0,3.2,0.00,
20:54:03,80,3.2,0.0,3.2,0.00,
20:54:04,80,3.2,0.0,3.2,0.00,
20:54:05,80,3.2,0.0,3.2,0.00,
20:54:06,80,3.2,0.0,3.2,0.00,
20:54:07,80,3.2,0.0,3.2,0.00,
20:54:08,80,3.2,0.0,3.2,0.00,
20:54:09,80,3.2,0.0,3.2,0.00,
20:54:11,80,3.2,0.0,3.2,0.00,
20:54:12,80,3.2,0.0,3.2,0.00,
20:54:13,80,3.2,0.0,3.2,0.00,
20:54:14,80,3.2,0.0,3.2,0.00,
20:54:15,80,3.2,0.0,3.2,0.00,
20:54:16,80,3.2,0.0,3.2,0.00,
20:54:17,80,3.2,0.0,3.2,0.00,
20:54:18,80,3.2,0.0,3.2,0.00,
20:54:19,80,3.2,0.0,3.2,0.00,
20:54:20,80,3.2,0.0,3.2,0.00,
20:54:21,80,3.2,0.0,3.2,0.00,
20:54:22,80,3.2,0.0,3.2,0.00,
20:54:23,80,3.2,0.0,3.2,0.00,
20:54:24,80,3.2,0.0,3.2,0.00,
20:54:25,80,3.2,0.0,3.2,0.00,
20:54:26,80,3.2,0.0,3.2,0.00,
20:54:27,80,3.2,0.0,3.2,0.00,
20:54:28,80,3.2,0.0,3.2,0.00,
20:54:29,80,3.2,0.0,3.2,0.00,
20:54:30,80,3.2,0.0,3.2,0.00,
20:54:31,80,3.2,0.0,3.2,0.00,
20:54:32,80,3.2,0.0,3.2,0.00,
20:54:34,80,3.2,0.0,3.2,0.00,
20:54:35,80,3.2,0.0,3.2,0.00,
20:54:36,80,3.2,0.0,3.2,0.00,
20:54:37,80,3.2,0.0,3.2,0.00,
20:54:38,80,3.2,0.0,3.2,0.00,
20:54:39,80,3.2,0.0,3.2,0.00,
20:54:40,80,3.2,0.0,3.2,0.00,
20:54:41,80,3.2,0.0,3.2,0.00,
20:54:42,80,3.2,0.0,3.2,0.00,
20:54:43,80,3.2,0.0,3.2,0.00,
20:54:44,80,3.2,0.0,3.2,0.00,
20:54:45,80,3.2,0.0,3.2,0.00,
20:54:46,80,3.2,0.0,3.2,0.00,
20:54:47,80,3.2,0.0,3.2,0.00,
20:54:48,80,3.2,0.0,3.2,0.00,
20:54:49,80,3.2,0.0,3.2,0.00,
20:54:50,80,3.2,0.0,3.2,0.00,
20:54:51,80,3.2,0.0,3.2,0.00,
20:54:52,80,3.2,0.0,3.2,0.00,
20:54:53,80,3.2,0.0,3.2,0.00,
20:54:54,80,3.2,0.0,3.2,0.00,
20:54:55,80,3.2,0.0,3.2,0.00,
20:54:57,80,3.2,0.0,3.2,0.00,
20:54:58,80,3.2,0.0,3.2,0.00,
20:54:59,80,3.2,0.0,3.2,0.00,
20:55:00,80,3.2,0.0,3.2,0.00,
20:55:01,80,3.2,0.0,3.2,0.00,
20:55:02,80,3.2,0.0,3.2,0.00,
20:55:03,80,3.2,0.0,3.2,0.00,
20:55:04,80,3.2,0.0,3.2,0.00,
20:55:05,80,3.2,0.0,3.2,0.00,
20:55:06,80,3.2,0.0,3.2,0.00,
20:55:07,80,3.2,0.0,3.2,0.00,
20:55:08,80,3.2,0.0,3.2,0.00,
20:55:09,80,3.2,0.0,3.2,0.00,
20:55:10,80,3.2,0.0,3.2,0.00,
20:55:11,80,3.2,0.0,3.2,0.00,
20:55:12,80,3.2,0.0,3.2,0.00,
20:55:13,80,3.2,0.0,3.2,0.00,
20:55:14,80,3.2,0.0,3.2,0.00,
20:55:15,80,3.2,0.0,3.2,0.00,
20:55:16,80,3.2,0.0,3.2,0.00,
20:55:17,80,3.2,0.0,3.2,0.00,
20:55:18,80,3.2,0.0,3.2,0.00,
20:55:20,80,3.2,0.0,3.2,0.00,
20:55:21,80,3.2,0.0,3.2,0.00,
20:55:22,80,3.2,0.0,3.2,0.00,
20:55:23,80,3.2,0.0,3.2,0.00,
20:55:24,80,3.2,0.0,3.2,0.00,
20:55:25,80,3.2,0.0,3.2,0.00,
20:55:26,80,3.2,0.0,3.2,0.00,
20:55:27,80,3.2,0.0,3.2,0.00,
20:55:28,80,3.2,0.0,3.2,0.00,
20:55:29,80,3.2,0.0,3.2,0.00,
20:55:30,80,3.2,0.0,3.2,0.00,
20:55:31,80,3.2,0.0,3.2,0.00,
20:55:32,80,3.2,0.0,3.2,0.00,
20:55:33,80,3.2,0.0,3.2,0.00,
20:55:34,80,3.2,0.0,3.2,0.00,
20:55:35,80,3.2,0.0,3.2,0.00,
20:55:36,80,3.2,0.0,3.2,0.00,
20:55:37,80,3.2,0.0,3.2,0.00,
20:55:38,80,3.2,0.0,3.2,0.00,
20:55:39,80,3.2,0.0,3.2,0.00,
20:55:40,80,3.2,0.0,3.2,0.00,
20:55:41,80,3.2,0.0,3.2,0.00,
20:55:42,80,3.2,0.0,3.2,0.00,
20:55:44,80,3.2,0.0,3.2,0.00,
20:55:45,80,3.2,0.0,3.2,0.00,
20:55:46,80,3.2,0.0,3.2,0.00,
20:55:47,80,3.2,0.0,3.2,0.00,
20:55:48,80,3.2,0.0,3.2,0.00,
20:55:49,80,3.2,0.0,3.2,0.00,
20:55:50,80,3.2,0.0,3.2,0.00,
20:55:51,80,3.1,0.0,3.1,0.00,
20:55:52,80,3.1,0.0,3.1,0.00,
20:55:53,80,3.1,0.0,3.1,0.00,
20:55:54,80,3.1,0.0,3.1,0.00,
20:55:55,80,3.1,0.0,3.1,0.00,
20:55:56,80,3.1,0.0,3.1,0.00,
20:55:57,80,3.1,0.0,3.1,0.00,
20:55:58,80,3.1,0.0,3.1,0.00,
20:55:59,80,3.1,0.0,3.1,0.00,
20:56:00,80,3.1,0.0,3.1,0.00,
20:56:01,80,3.1,0.0,3.1,0.00,
20:56:02,80,3.1,0.0,3.1,0.00,
20:56:03,80,3.1,0.0,3.1,0.00,
20:56:04,80,3.1,0.0,3.1,0.00,
20:56:05,80,3.1,0.0,3.1,0.00,
20:56:07,80,3.1,0.0,3.1,0.00,
20:56:08,80,3.1,0.0,3.1,0.00,
20:56:09,80,3.1,0.0,3.1,0.00,
20:56:10,80,3.1,0.0,3.1,0.00,
20:56:11,80,3.1,0.0,3.1,0.00,
20:56:12,80,3.1,0.0,3.1,0.00,
20:56:13,80,3.1,0.0,3.1,0.00,
20:56:14,80,3.1,0.0,3.1,0.00,
20:56:15,80,3.1,0.0,3.1,0.00,
20:56:16,80,3.1,0.0,3.1,0.00,
20:56:17,80,3.1,0.0,3.1,0.00,
20:56:18,80,3.1,0.0,3.1,0.00,
20:56:19,80,3.1,0.0,3.1,0.00,
20:56:20,80,3.1,0.0,3.1,0.00,
20:56:21,80,3.1,0.0,3.1,0.00,
20:56:22,80,3.1,0.0,3.1,0.00,
20:56:23,80,3.1,0.0,3.1,0.00,
20:56:24,80,3.1,0.0,3.1,0.00,
20:56:25,80,3.1,0.0,3.1,0.00,
20:56:26,80,3.1,0.0,3.1,0.00,
20:56:27,80,3.1,0.0,3.1,0.00,
20:56:28,80,3.1,0.0,3.1,0.00,
20:56:29,80,3.1,0.0,3.1,0.00,
20:56:31,80,3.1,0.0,3.1,0.00,
20:56:32,80,3.1,0.0,3.1,0.00,
20:56:33,80,3.1,0.0,3.1,0.00,
20:56:34,80,3.1,0.0,3.1,0.00,
20:56:35,80,3.1,0.0,3.1,0.00,
20:56:36,80,3.1,0.0,3.1,0.00,
20:56:37,80,3.1,0.0,3.1,0.00,
20:56:38,80,3.1,0.0,3.1,0.00,
20:56:39,80,3.1,0.0,3.1,0.00,
20:56:40,80,3.1,0.0,3.1,0.00,
20:56:41,80,3.1,0.0,3.1,0.00,
20:56:42,80,3.1,0.0,3.1,0.00,
20:56:43,80,3.1,0.0,3.1,0.00,
20:56:44,80,3.1,0.0,3.1,0.00,
20:56:45,80,3.1,0.0,3.1,0.00,
20:56:46,80,3.1,0.0,3.1,0.00,
20:56:47,80,3.1,0.0,3.1,0.00,
20:56:48,80,3.1,0.0,3.1,0.00,
20:56:49,80,3.1,0.0,3.1,0.00,
20:56:50,80,3.1,0.0,3.1,0.00,
20:56:51,80,3.1,0.0,3.1,0.00,
20:56:52,80,3.1,0.0,3.1,0.00,
20:56:53,80,3.1,0.0,3.1,0.00,
20:56:55,80,3.1,0.0,3.1,0.00,
20:56:56,80,3.1,0.0,3.1,0.00,
20:56:57,80,3.1,0.0,3.1,0.00,
20:56:58,80,3.1,0.0,3.1,0.00,
20:56:59,80,3.1,0.0,3.1,0.00,
20:57:00,80,3.1,0.0,3.1,0.00,
20:57:01,80,3.1,0.0,3.1,0.00,
20:57:02,80,3.1,0.0,3.1,0.00,
20:57:03,80,3.1,0.0,3.1,0.00,
20:57:04,80,3.1,0.0,3.1,0.00,
20:57:05,80,3.1,0.0,3.1,0.00,
20:57:06,80,3.1,0.0,3.1,0.00,
20:57:07,80,3.1,0.0,3.1,0.00,
20:57:08,80,3.1,0.0,3.1,0.00,
20:57:09,80,3.1,0.0,3.1,0.00,
20:57:10,80,3.1,0.0,3.1,0.00,
20:57:11,80,3.1,0.0,3.1,0.00,
20:57:12,80,3.1,0.0,3.1,0.00,
20:57:13,80,3.1,0.0,3.1,0.00,
20:57:14,80,3.1,0.0,3.1,0.00,
20:57:15,80,3.1,0.0,3.1,0.00,
20:57:16,80,3.1,0.0,3.1,0.00,
20:57:17,80,3.1,0.0,3.1,0.00,
20:57:19,80,3.1,0.0,3.1,0.00,
20:57:20,80,3.1,0.0,3.1,0.00,
20:57:21,80,3.1,0.0,3.1,0.00,
20:57:22,80,3.1,0.0,3.1,0.00,
20:57:23,80,3.1,0.0,3.1,0.00,
20:57:24,80,3.1,0.0,3.1,0.00,
20:57:25,80,3.1,0.0,3.1,0.00,
20:57:26,80,3.1,0.0,3.1,0.00,
20:57:27,80,3.1,0.0,3.1,0.00,
20:57:28,80,3.1,0.0,3.1,0.00,
20:57:29,80,3.1,0.0,3.1,0.00,
20:57:30,80,3.1,0.0,3.1,0.00,
20:57:31,80,3.1,0.0,3.1,0.00,
20:57:32,80,3.1,0.0,3.1,0.00,
20:57:33,80,3.1,0.0,3.1,0.00,
20:57:34,80,3.1,0.0,3.1,0.00,
20:57:35,80,3.1,0.0,3.1,0.00,
20:57:36,80,3.1,0.0,3.1,0.00,
20:57:37,80,3.1,0.0,3.1,0.00,
20:57:38,80,3.1,0.0,3.1,0.00,
20:57:39,80,3.1,0.0,3.1,0.00,
20:57:40,80,3.1,0.0,3.1,0.00,
20:57:42,80,3.1,0.0,3.1,0.00,
20:57:43,80,3.1,0.0,3.1,0.00,
20:57:44,80,3.1,0.0,3.1,0.00,
20:57:45,80,3.1,0.0,3.1,0.00,
20:57:46,80,3.1,0.0,3.1,0.00,
20:57:47,80,3.1,0.0,3.1,0.00,
20:57:48,80,3.1,0.0,3.1,0.00,
20:57:49,80,3.1,0.0,3.1,0.00,
20:57:50,80,3.1,0.0,3.1,0.00,
20:57:51,80,3.1,0.0,3.1,0.00,
20:57:52,80,3.1,0.0,3.1,0.00,
20:57:53,80,3.1,0.0,3.1,0.00,
20:57:54,80,3.1,0.0,3.1,0.00,
20:57:55,80,3.1,0.0,3.1,0.00,
20:57:56,80,3.1,0.0,3.1,0.00,
20:57:57,80,3.1,0.0,3.1,0.00,
20:57:58,80,3.1,0.0,3.1,0.00,
20:57:59,80,3.1,0.0,3.1,0.00,
20:58:00,80,3.1,0.0,3.1,0.00,
20:58:01,80,3.1,0.0,3.1,0.00,
20:58:02,80,3.1,0.0,3.1,0.00,
20:58:03,80,3.1,0.0,3.1,0.00,
20:58:04,80,3.1,0.0,3.1,0.00,
20:58:06,80,3.1,0.0,3.1,0.00,
20:58:07,80,3.1,0.0,3.1,0.00,
20:58:08,80,3.1,0.0,3.1,0.00,
20:58:09,80,3.1,0.0,3.1,0.00,
20:58:10,80,3.1,0.0,3.1,0.00,
20:58:11,80,3.1,0.0,3.1,0.00,
20:58:12,80,3.1,0.0,3.1,0.00,
20:58:13,80,3.1,0.0,3.1,0.00,
20:58:14,80,3.1,0.0,3.1,0.00,
20:58:15,80,3.1,0.0,3.1,0.00,
20:58:16,80,3.1,0.0,3.1,0.00,
20:58:17,80,3.1,0.0,3.1,0.00,
20:58:18,80,3.1,0.0,3.1,0.00,
20:58:19,80,3.1,0.0,3.1,0.00,
20:58:20,80,3.1,0.0,3.1,0.00,
20:58:21,80,3.1,0.0,3.1,0.00,
20:58:22,80,3.1,0.0,3.1,0.00,
20:58:23,80,3.1,0.0,3.1,0.00,
20:58:24,80,3.1,0.0,3.1,0.00,
20:58:25,80,3.1,0.0,3.1,0.00,
20:58:26,80,3.1,0.0,3.1,0.00,
20:58:27,80,3.1,0.0,3.1,0.00,
20:58:29,80,3.1,0.0,3.1,0.00,
20:58:30,80,3.1,0.0,3.1,0.00,
20:58:31,80,3.1,0.0,3.1,0.00,
20:58:32,80,3.1,0.0,3.1,0.00,
20:58:33,80,3.1,0.0,3.1,0.00,
20:58:34,80,3.1,0.0,3.1,0.00,
20:58:35,80,3.1,0.0,3.1,0.00,
20:58:36,80,3.1,0.0,3.1,0.00,
20:58:37,80,3.1,0.0,3.1,0.00,
20:58:38,80,3.1,0.0,3.1,0.00,
20:58:39,80,3.1,0.0,3.1,0.00,
20:58:40,80,3.1,0.0,3.1,0.00,
20:58:41,80,3.1,0.0,3.1,0.00,
20:58:42,80,3.1,0.0,3.1,0.00,
20:58:43,80,3.1,0.0,3.1,0.00,
20:58:44,80,3.1,0.0,3.1,0.00,
20:58:45,80,3.1,0.0,3.1,0.00,
20:58:46,80,3.1,0.0,3.1,0.00,
20:58:47,80,3.1,0.0,3.1,0.00,
20:58:48,80,3.1,0.0,3.1,0.00,
20:58:49,80,3.1,0.0,3.1,0.00,
20:58:50,80,3.1,0.0,3.1,0.00,
20:58:52,80,3.0,0.0,3.0,0.00,
20:58:53,80,3.0,0.0,3.0,0.00,
20:58:54,80,3.0,0.0,3.0,0.00,
20:58:55,80,3.0,0.0,3.0,0.00,
20:58:56,80,3.0,0.0,3.0,0.00,
20:58:57,80,3.0,0.0,3.0,0.00,
20:58:58,80,3.0,0.0,3.0,0.00,
20:58:59,80,3.0,0.0,3.0,0.00,
20:59:00,80,3.0,0.0,3.0,0.00,
20:59:01,80,3.0,0.0,3.0,0.00,
20:59:02,80,3.0,0.0,3.0,0.00,
20:59:03,80,3.0,0.0,3.0,0.00,
20:59:04,80,3.0,0.0,3.0,0.00,
20:59:05,80,3.0,0.0,3.0,0.00,
20:59:06,80,3.0,0.0,3.0,0.00,
20:59:07,80,3.0,0.0,3.0,0.00,
20:59:08,80,3.0,0.0,3.0,0.00,
20:59:09,80,3.0,0.0,3.0,0.00,
20:59:10,80,3.0,0.0,3.0,0.00,
20:59:11,80,3.0,0.0,3.0,0.00,
20:59:12,80,3.0,0.0,3.0,0.00,
20:59:13,80,3.0,0.0,3.0,0.00,
20:59:15,80,3.0,0.0,3.0,0.00,
20:59:16,80,3.0,0.0,3.0,0.00,
20:59:17,80,3.0,0.0,3.0,0.00,
20:59:18,80,3.0,0.0,3.0,0.00,
20:59:19,80,3.0,0.0,3.0,0.00,
20:59:20,80,3.0,0.0,3.0,0.00,
20:59:21,80,3.0,0.0,3.0,0.00,
20:59:22,80,3.0,0.0,3.0,0.00,
20:59:23,80,3.0,0.0,3.0,0.00,
20:59:24,80,3.0,0.0,3.0,0.00,
20:59:25,80,3.0,0.0,3.0,0.00,
20:59:26,80,3.0,0.0,3.0,0.00,
20:59:27,80,3.0,0.0,3.0,0.00,
20:59:28,80,3.0,0.0,3.0,0.00,
20:59:29,80,3.0,0.0,3.0,0.00,
20:59:30,80,3.0,0.0,3.0,0.00,
20:59:31,80,3.0,0.0,3.0,0.00,
20:59:32,80,3.0,0.0,3.0,0.00,
20:59:33,80,3.0,0.0,3.0,0.00,
20:59:34,80,3.0,0.0,3.0,0.00,
20:59:35,80,3.0,0.0,3.0,0.00,
20:59:36,80,3.0,0.0,3.0,0.00,
20:59:38,80,3.0,0.0,3.0,0.00,
20:59:39,80,3.0,0.0,3.0,0.00,
20:59:40,80,3.0,0.0,3.0,0.00,
20:59:41,80,3.0,0.0,3.0,0.00,
20:59:42,80,3.0,0.0,3.0,0.00,
20:59:43,80,3.0,0.0,3.0,0.00,
20:59:44,80,3.0,0.0,3.0,0.00,
20:59:45,80,3.0,0.0,3.0,0.00,
20:59:46,80,3.0,0.0,3.0,0.00,
20:59:47,80,3.0,0.0,3.0,0.00,
20:59:48,80,3.0,0.0,3.0,0.00,
20:59:49,80,3.0,0.0,3.0,0.00,
20:59:50,80,3.0,0.0,3.0,0.00,
20:59:51,80,3.1,0.0,3.1,0.00,
20:59:52,80,3.1,0.0,3.1,0.00,
20:59:53,80,3.1,0.0,3.1,0.00,
20:59:54,80,3.1,0.0,3.1,0.00,
20:59:55,80,3.1,0.0,3.1,0.00,
20:59:56,80,3.1,0.0,3.1,0.00,
20:59:57,80,3.1,0.0,3.1,0.00,
20:59:58,80,3.1,0.0,3.1,0.00,
20:59:59,80,3.1,0.0,3.1,0.00,
21:00:01,80,3.1,0.0,3.1,0.00,
21:00:02,80,3.1,0.0,3.1,0.00,
21:00:03,80,3.1,0.0,3.1,0.00,
21:00:04,80,3.1,0.0,3.1,0.00,
21:00:05,80,3.1,0.0,3.1,0.00,
21:00:06,80,3.1,0.0,3.1,0.00,
21:00:07,80,3.1,0.0,3.1,0.00,
21:00:08,80,3.1,0.0,3.1,0.00,
21:00:09,80,3.1,0.0,3.1,0.00,
21:00:10,80,3.1,0.0,3.1,0.00,
21:00:11,80,3.1,0.0,3.1,0.00,
21:00:12,80,3.1,0.0,3.1,0.00,
21:00:13,80,3.1,0.0,3.1,0.00,
21:00:14,80,3.1,0.0,3.1,0.00,
21:00:15,80,3.1,0.0,3.1,0.00,
21:00:16,80,3.1,0.0,3.1,0.00,
21:00:17,80,3.1,0.0,3.1,0.00,
21:00:18,80,3.1,0.0,3.1,0.00,
21:00:19,80,3.1,0.0,3.1,0.00,
21:00:20,80,3.1,0.0,3.1,0.00,
21:00:21,80,3.1,0.0,3.1,0.00,
21:00:22,80,3.1,0.0,3.1,0.00,
21:00:24,80,3.1,0.0,3.1,0.00,
21:00:25,80,3.1,0.0,3.1,0.00,
21:00:26,80,3.1,0.0,3.1,0.00,
21:00:27,80,3.1,0.0,3.1,0.00,
21:00:28,80,3.1,0.0,3.1,0.00,
21:00:29,80,3.1,0.0,3.1,0.00,
21:00:30,80,3.1,0.0,3.1,0.00,
21:00:31,80,3.1,0.0,3.1,0.00,
21:00:32,80,3.1,0.0,3.1,0.00,
21:00:33,80,3.1,0.0,3.1,0.00,
21:00:34,80,3.1,0.0,3.1,0.00,
21:00:35,80,3.1,0.0,3.1,0.00,
21:00:36,80,3.1,0.0,3.1,0.00,
21:00:37,80,3.1,0.0,3.1,0.00,
21:00:38,80,3.1,0.0,3.1,0.00,
21:00:39,80,3.1,0.0,3.1,0.00,
21:00:40,80,3.1,0.0,3.1,0.00,
21:00:41,80,3.1,0.0,3.1,0.00,
21:00:42,80,3.1,0.0,3.1,0.00,
21:00:43,80,3.1,0.0,3.1,0.00,
21:00:44,80,3.1,0.0,3.1,0.00,
21:00:45,80,3.1,0.0,3.1,0.00,
21:00:47,80,3.1,0.0,3.1,0.00,
21:00:48,80,3.1,0.0,3.1,0.00,
21:00:49,80,3.1,0.0,3.1,0.00,
21:00:50,80,3.1,0.0,3.1,0.00,
21:00:51,80,3.0,0.0,3.0,0.00,
21:00:52,80,3.0,0.0,3.0,0.00,
21:00:53,80,3.0,0.0,3.0,0.00,
21:00:54,80,3.0,0.0,3.0,0.00,
21:00:55,80,3.0,0.0,3.0,0.00,
21:00:56,80,3.0,0.0,3.0,0.00,
21:00:57,80,3.0,0.0,3.0,0.00,
21:00:58,80,3.0,0.0,3.0,0.00,
21:00:59,80,3.0,0.0,3.0,0.00,
21:01:00,80,3.0,0.0,3.0,0.00,
21:01:01,80,3.0,0.0,3.0,0.00,
21:01:02,80,3.0,0.0,3.0,0.00,
21:01:03,80,3.0,0.0,3.0,0.00,
21:01:04,80,3.0,0.0,3.0,0.00,
21:01:05,80,3.0,0.0,3.0,0.00,
21:01:06,80,3.0,0.0,3.0,0.00,
21:01:07,80,3.0,0.0,3.0,0.00,
21:01:08,80,3.0,0.0,3.0,0.00,
21:01:10,80,3.0,0.0,3.0,0.00,
21:01:11,80,3.0,0.0,3.0,0.00,
21:01:12,80,3.0,0.0,3.0,0.00,
21:01:13,80,3.0,0.0,3.0,0.00,
21:01:14,80,3.0,0.0,3.0,0.00,
21:01:15,80,3.0,0.0,3.0,0.00,
21:01:16,80,3.0,0.0,3.0,0.00,
21:01:17,80,3.0,0.0,3.0,0.00,
21:01:18,80,3.0,0.0,3.0,0.00,
21:01:19,80,3.0,0.0,3.0,0.00,
21:01:20,80,3.0,0.0,3.0,0.00,
21:01:21,80,3.0,0.0,3.0,0.00,
21:01:22,80,3.0,0.0,3.0,0.00,
21:01:23,80,3.0,0.0,3.0,0.00,
21:01:24,80,3.0,0.0,3.0,0.00,
21:01:25,80,3.0,0.0,3.0,0.00,
21:01:26,80,3.0,0.0,3.0,0.00,
21:01:27,80,3.0,0.0,3.0,0.00,
21:01:28,80,3.0,0.0,3.0,0.00,
21:01:29,80,3.0,0.0,3.0,0.00,
21:01:30,80,3.0,0.0,3.0,0.00,
21:01:31,80,3.0,0.0,3.0,0.00,
21:01:33,80,3.0,0.0,3.0,0.00,
21:01:34,80,3.0,0.0,3.0,0.00,
21:01:35,80,3.0,0.0,3.0,0.00,
21:01:36,80,3.0,0.0,3.0,0.00,
21:01:37,80,3.0,0.0,3.0,0.00,
21:01:38,80,3.0,0.0,3.0,0.00,
21:01:39,80,3.0,0.0,3.0,0.00,
21:01:40,80,3.0,0.0,3.0,0.00,
21:01:41,80,3.0,0.0,3.0,0.00,
21:01:42,80,3.0,0.0,3.0,0.00,
21:01:43,80,3.0,0.0,3.0,0.00,
21:01:44,80,3.0,0.0,3.0,0.00,
21:01:45,80,3.0,0.0,3.0,0.00,
21:01:46,80,3.0,0.0,3.0,0.00,
21:01:47,80,3.0,0.0,3.0,0.00,
21:01:48,80,3.0,0.0,3.0,0.00,
21:01:49,80,3.0,0.0,3.0,0.00,
21:01:50,80,3.0,0.0,3.0,0.00,
21:01:51,80,3.2,0.0,3.2,0.00,
21:01:52,80,3.2,0.0,3.2,0.00,
21:01:53,80,3.2,0.0,3.2,0.00,
21:01:54,80,3.2,0.0,3.2,0.00,
21:01:56,80,3.2,0.0,3.2,0.00,
21:01:57,80,3.2,0.0,3.2,0.00,
21:01:58,80,3.2,0.0,3.2,0.00,
21:01:59,80,3.2,0.0,3.2,0.00,
21:02:00,80,3.2,0.0,3.2,0.00,
21:02:01,80,3.2,0.0,3.2,0.00,
21:02:02,80,3.2,0.0,3.2,0.00,
21:02:03,80,3.2,0.0,3.2,0.00,
21:02:04,80,3.2,0.0,3.2,0.00,
21:02:05,80,3.2,0.0,3.2,0.00,
21:02:06,80,3.2,0.0,3.2,0.00,
21:02:07,80,3.2,0.0,3.2,0.00,
21:02:08,80,3.2,0.0,3.2,0.00,
21:02:09,80,3.2,0.0,3.2,0.00,
21:02:10,80,3.2,0.0,3.2,0.00,
21:02:11,80,3.2,0.0,3.2,0.00,
21:02:12,80,3.2,0.0,3.2,0.00,
21:02:13,80,3.2,0.0,3.2,0.00,
21:02:14,80,3.2,0.0,3.2,0.00,
21:02:15,80,3.2,0.0,3.2,0.00,
21:02:16,80,3.2,0.0,3.2,0.00,
21:02:17,80,3.2,0.0,3.2,0.00,
21:02:19,80,3.2,0.0,3.2,0.00,
21:02:20,80,3.2,0.0,3.2,0.00,
21:02:21,80,3.2,0.0,3.2,0.00,
21:02:22,80,3.2,0.0,3.2,0.00,
21:02:23,80,3.2,0.0,3.2,0.00,
21:02:24,80,3.2,0.0,3.2,0.00,
21:02:25,80,3.2,0.0,3.2,0.00,
21:02:26,80,3.2,0.0,3.2,0.00,
21:02:27,80,3.2,0.0,3.2,0.00,
21:02:28,80,3.2,0.0,3.2,0.00,
21:02:29,80,3.2,0.0,3.2,0.00,
21:02:30,80,3.2,0.0,3.2,0.00,
21:02:31,80,3.2,0.0,3.2,0.00,
21:02:32,80,3.2,0.0,3.2,0.00,
21:02:33,80,3.2,0.0,3.2,0.00,
21:02:34,80,3.2,0.0,3.2,0.00,
21:02:35,80,3.2,0.0,3.2,0.00,
21:02:36,80,3.2,0.0,3.2,0.00,
21:02:37,80,3.2,0.0,3.2,0.00,
21:02:38,80,3.2,0.0,3.2,0.00,
21:02:39,80,3.2,0.0,3.2,0.00,
21:02:40,80,3.2,0.0,3.2,0.00,
21:02:41,80,3.2,0.0,3.2,0.00,
21:02:43,80,3.2,0.0,3.2,0.00,
21:02:44,80,3.2,0.0,3.2,0.00,
21:02:45,80,3.2,0.0,3.2,0.00,
21:02:46,80,3.2,0.0,3.2,0.00,
21:02:47,80,3.2,0.0,3.2,0.00,
21:02:48,80,3.2,0.0,3.2,0.00,
21:02:49,80,3.2,0.0,3.2,0.00,
21:02:50,80,3.2,0.0,3.2,0.00,
21:02:51,80,3.1,0.0,3.1,0.00,
21:02:52,80,3.1,0.0,3.1,0.00,
21:02:53,80,3.1,0.0,3.1,0.00,
21:02:54,80,3.1,0.0,3.1,0.00,
21:02:55,80,3.1,0.0,3.1,0.00,
21:02:56,80,3.1,0.0,3.1,0.00,
21:02:57,80,3.1,0.0,3.1,0.00,
21:02:58,80,3.1,0.0,3.1,0.00,
21:02:59,80,3.1,0.0,3.1,0.00,
21:03:00,80,3.1,0.0,3.1,0.00,
21:03:01,80,3.1,0.0,3.1,0.00,
21:03:02,80,3.1,0.0,3.1,0.00,
21:03:03,80,3.1,0.0,3.1,0.00,
21:03:04,80,3.1,0.0,3.1,0.00,
21:03:05,80,3.1,0.0,3.1,0.00,
21:03:06,80,3.1,0.0,3.1,0.00,
21:03:08,80,3.1,0.0,3.1,0.00,
21:03:09,80,3.1,0.0,3.1,0.00,
21:03:10,80,3.1,0.0,3.1,0.00,
21:03:11,80,3.1,0.0,3.1,0.00,
21:03:12,80,3.1,0.0,3.1,0.00,
21:03:13,80,3.1,0.0,3.1,0.00,
21:03:14,80,3.1,0.0,3.1,0.00,
21:03:15,80,3.1,0.0,3.1,0.00,
21:03:16,80,3.1,0.0,3.1,0.00,
21:03:17,80,3.1,0.0,3.1,0.00,
21:03:18,80,3.1,0.0,3.1,0.00,
21:03:19,80,3.1,0.0,3.1,0.00,
21:03:20,80,3.1,0.0,3.1,0.00,
21:03:21,80,3.1,0.0,3.1,0.00,
21:03:22,80,3.1,0.0,3.1,0.00,
21:03:23,80,3.1,0.0,3.1,0.00,
21:03:24,80,3.1,0.0,3.1,0.00,
21:03:25,80,3.1,0.0,3.1,0.00,
21:03:26,80,3.1,0.0,3.1,0.00,
21:03:27,80,3.1,0.0,3.1,0.00,
21:03:28,80,3.1,0.0,3.1,0.00,
21:03:29,80,3.1,0.0,3.1,0.00,
21:03:30,80,3.1,0.0,3.1,0.00,
21:03:31,80,3.1,0.0,3.1,0.00,
21:03:32,80,3.1,0.0,3.1,0.00,
21:03:33,80,3.1,0.0,3.1,0.00,
21:03:34,80,3.1,0.0,3.1,0.00,
21:03:35,80,3.1,0.0,3.1,0.00,
21:03:36,80,3.1,0.0,3.1,0.00,
21:03:38,80,3.1,0.0,3.1,0.00,
21:03:39,80,3.1,0.0,3.1,0.00,
21:03:40,80,3.1,0.0,3.1,0.00,
21:03:41,80,3.1,0.0,3.1,0.00,
21:03:42,80,3.1,0.0,3.1,0.00,
21:03:43,80,3.1,0.0,3.1,0.00,
21:03:44,80,3.1,0.0,3.1,0.00,
21:03:45,80,3.1,0.0,3.1,0.00,
21:03:46,80,3.1,0.0,3.1,0.00,
21:03:47,80,3.1,0.0,3.1,0.00,
21:03:48,80,3.1,0.0,3.1,0.00,
21:03:49,80,3.1,0.0,3.1,0.00,
21:03:50,80,3.1,0.0,3.1,0.00,
21:03:51,80,9.4,0.0,9.4,0.00,
21:03:52,80,9.4,0.0,9.4,0.00,
21:03:53,80,9.4,0.0,9.4,0.00,
21:03:54,80,9.4,0.0,9.4,0.00,
21:03:55,80,9.4,0.0,9.4,0.00,
21:03:56,80,9.4,0.0,9.4,0.00,
21:03:57,80,9.4,0.0,9.4,0.00,
21:03:58,80,9.4,0.0,9.4,0.00,
21:03:59,80,9.4,0.0,9.4,0.00,
21:04:00,80,9.4,0.0,9.4,0.00,
21:04:01,80,9.4,0.0,9.4,0.00,
21:04:02,80,9.4,0.0,9.4,0.00,
21:04:04,80,9.4,0.0,9.4,0.00,
21:04:05,80,9.4,0.0,9.4,0.00,
21:04:06,80,9.4,0.0,9.4,0.00,
21:04:07,80,9.4,0.0,9.4,0.00,
21:04:08,80,9.4,0.0,9.4,0.00,
21:04:09,80,9.4,0.0,9.4,0.00,
21:04:10,80,9.4,0.0,9.4,0.00,
21:04:11,80,9.4,0.0,9.4,0.00,
21:04:12,80,9.4,0.0,9.4,0.00,
21:04:13,80,9.4,0.0,9.4,0.00,
21:04:14,80,9.4,0.0,9.4,0.00,
21:04:15,80,9.4,0.0,9.4,0.00,
21:04:16,80,9.4,0.0,9.4,0.00,
21:04:17,80,9.4,0.0,9.4,0.00,
21:04:18,80,9.4,0.0,9.4,0.00,
21:04:19,80,9.4,0.0,9.4,0.00,
21:04:20,80,9.4,0.0,9.4,0.00,
21:04:21,80,9.4,0.0,9.4,0.00,
21:04:22,80,9.4,0.0,9.4,0.00,
21:04:23,80,9.4,0.0,9.4,0.00,
21:04:24,80,9.4,0.0,9.4,0.00,
21:04:25,80,9.4,0.0,9.4,0.00,
21:04:26,80,9.4,0.0,9.4,0.00,
21:04:27,80,9.4,0.0,9.4,0.00,
21:04:29,80,9.4,0.0,9.4,0.00,
21:04:30,80,9.4,0.0,9.4,0.00,
21:04:31,80,9.4,0.0,9.4,0.00,
21:04:32,80,9.4,0.0,9.4,0.00,
21:04:33,80,9.4,0.0,9.4,0.00,
21:04:34,80,9.4,0.0,9.4,0.00,
21:04:35,80,9.4,0.0,9.4,0.00,
21:04:36,80,9.4,0.0,9.4,0.00,
21:04:37,80,9.4,0.0,9.4,0.00,
21:04:38,80,9.4,0.0,9.4,0.00,
21:04:46,80,9.4,0.0,9.4,0.00,
21:04:47,80,0.0,0.0,0.0,0.00,
21:04:48,80,0.0,0.0,0.0,0.00,
21:04:49,80,0.0,0.0,0.0,0.00,
21:04:50,80,0.0,0.0,0.0,0.00,
21:04:51,80,0.0,0.0,0.0,0.00,
21:04:52,80,0.0,0.0,0.0,0.00,
21:04:53,80,0.0,0.0,0.0,0.00,
21:04:55,80,0.0,0.0,0.0,0.00,
21:04:56,80,0.0,0.0,0.0,0.00,
21:04:57,80,0.0,0.0,0.0,0.00,
21:04:58,80,0.0,0.0,0.0,0.00,
21:04:59,80,0.0,0.0,0.0,0.00,
21:05:00,80,0.0,0.0,0.0,0.00,
21:05:01,80,0.0,0.0,0.0,0.00,
21:05:02,80,0.0,0.0,0.0,0.00,
21:05:03,80,0.0,0.0,0.0,0.00,
21:05:04,80,0.0,0.0,0.0,0.00,
21:05:05,80,0.0,0.0,0.0,0.00,
21:05:06,80,0.0,0.0,0.0,0.00,
21:05:07,80,0.0,0.0,0.0,0.00,
21:05:08,80,0.0,0.0,0.0,0.00,
21:05:26,80,0.0,0.0,0.0,0.00,
21:05:27,80,0.0,0.0,0.0,0.00,
21:05:28,80,0.0,0.0,0.0,0.00,
21:05:29,80,0.0,0.0,0.0,0.00,
21:05:31,80,6.5,-6.1,0.0,0.00,
21:05:32,80,6.5,-6.1,0.0,0.00,
21:05:33,80,6.5,-6.1,0.0,0.00,
21:05:34,80,6.5,-6.1,0.0,0.00,
21:05:35,80,6.5,-6.1,0.0,0.00,
21:05:36,80,6.5,-6.1,0.0,0.00,
21:05:37,80,6.5,-6.1,0.0,0.00,
21:05:38,80,6.5,-6.1,0.0,0.00,
21:05:39,80,6.5,-6.1,0.0,0.00,
21:05:46,80,6.5,-6.1,0.0,0.00,
21:05:47,80,0.0,0.0,0.0,0.00,
21:05:48,80,0.0,0.0,0.0,0.00,
21:05:49,80,0.0,0.0,0.0,0.00,
21:05:51,80,0.0,0.0,0.0,0.00,
21:05:52,80,0.0,0.0,0.0,0.00,
21:05:53,80,0.0,0.0,0.0,0.00,
21:14:33,80,0.0,0.0,0.0,0.00,
21:14:34,79,0.0,0.0,0.0,0.00,
21:14:35,79,0.0,0.0,0.0,0.00,
21:14:36,79,0.0,0.0,0.0,0.00,
21:14:37,79,0.0,0.0,0.0,0.00,
21:14:38,79,0.0,0.0,0.0,0.00,
21:14:39,79,0.0,0.0,0.0,0.00,
21:14:40,79,0.0,0.0,0.0,0.00,
21:14:41,79,0.0,0.0,0.0,0.00,
21:14:42,79,0.0,0.0,0.0,0.00,
21:14:43,79,0.0,0.0,0.0,0.00,
21:14:44,79,0.0,0.0,0.0,0.00,
21:14:45,79,0.0,0.0,0.0,0.00,
21:14:46,79,0.0,0.0,0.0,0.00,
21:14:47,79,0.0,0.0,0.0,0.00,
21:14:48,79,0.0,0.0,0.0,0.00,
21:16:06,79,0.0,0.0,0.0,0.00,
21:16:07,79,0.0,0.0,0.0,0.00,
21:16:08,79,0.0,0.0,0.0,0.00,
21:16:09,79,0.0,0.0,0.0,0.00,
21:16:10,79,0.0,0.0,0.0,0.00,
21:16:11,79,0.0,0.0,0.0,0.00,
21:16:12,79,0.0,0.0,0.0,0.00,
21:16:13,79,0.0,0.0,0.0,0.00,
21:16:14,79,0.0,0.0,0.0,0.00,
21:16:15,79,0.0,0.0,0.0,0.00,
21:16:16,79,0.0,0.0,0.0,0.00,
21:16:17,79,0.0,0.0,0.0,0.00,
21:16:19,79,0.0,0.0,0.0,0.00,
21:16:20,79,0.0,0.0,0.0,0.00,
21:16:21,79,0.0,0.0,0.0,0.00,
21:16:22,79,0.0,0.0,0.0,0.00,
21:16:23,79,0.0,0.0,0.0,0.00,
21:17:10,79,0.0,0.0,18446744073709552.0,0.00,
21:17:11,79,0.0,0.0,18446744073709552.0,0.00,
21:17:12,79,0.0,0.0,18446744073709552.0,0.00,
21:17:13,79,0.0,0.0,18446744073709552.0,0.00,
21:17:14,79,0.0,0.0,18446744073709552.0,0.00,
21:17:15,79,0.0,0.0,18446744073709552.0,0.00,
21:17:17,79,0.0,0.0,18446744073709552.0,0.00,
21:17:18,79,0.0,0.0,18446744073709552.0,0.00,
21:17:19,79,0.0,0.0,18446744073709552.0,0.00,
21:17:20,79,0.0,0.0,18446744073709552.0,0.00,
21:17:21,79,0.0,0.0,18446744073709552.0,0.00,
21:18:08,79,0.0,0.0,18446744073709552.0,0.00,
21:18:09,79,0.0,0.0,18446744073709552.0,0.00,
21:18:10,79,0.0,0.0,18446744073709552.0,0.00,
21:18:11,79,0.0,0.0,18446744073709552.0,0.00,
21:18:12,79,0.0,0.0,18446744073709552.0,0.00,
21:18:13,79,0.0,0.0,18446744073709552.0,0.00,
21:18:15,79,0.0,0.0,18446744073709552.0,0.00,
21:18:16,79,0.0,0.0,18446744073709552.0,0.00,
21:18:17,79,0.0,0.0,18446744073709552.0,0.00,
21:18:18,79,0.0,0.0,18446744073709552.0,0.00,
21:18:19,79,0.0,0.0,18446744073709552.0,0.00,
21:18:20,79,0.0,0.0,18446744073709552.0,0.00,
21:18:21,79,0.0,0.0,18446744073709552.0,0.00,
21:18:22,79,0.0,0.0,18446744073709552.0,0.00,
21:19:09,79,0.2,0.0,0.0,0.00,
21:19:10,79,0.2,0.0,0.0,0.00,
21:19:11,79,0.2,0.0,0.0,0.00,
21:19:12,79,0.2,0.0,0.0,0.00,
21:19:13,79,0.2,0.0,0.0,0.00,
21:19:14,79,0.2,0.0,0.0,0.00,
21:19:16,79,0.2,0.0,0.0,0.00,
21:19:17,79,0.2,0.0,0.0,0.00,
21:19:18,79,0.2,0.0,0.0,0.00,
21:19:19,79,0.2,0.0,0.0,0.00,
21:19:20,79,0.2,0.0,0.0,0.00,
21:19:21,79,0.2,0.0,0.0,0.00,
21:19:22,79,0.2,0.0,0.0,0.00,
21:21:04,79,0.2,0.0,0.0,0.00,
21:21:05,79,0.3,0.0,0.0,0.00,
21:21:06,79,0.3,0.0,0.0,0.00,
21:21:07,79,0.3,0.0,0.0,0.00,
21:21:08,79,0.3,0.0,0.0,0.00,
21:21:09,79,0.3,0.0,0.0,0.00,
21:21:10,79,0.3,0.0,0.0,0.00,
21:21:11,79,0.3,0.0,0.0,0.00,
21:21:12,79,0.3,0.0,0.0,0.00,
21:21:13,79,0.3,0.0,0.0,0.00,
21:21:14,79,0.3,0.0,0.0,0.00,
21:21:15,79,0.3,0.0,0.0,0.00,
21:21:16,79,0.3,0.0,0.0,0.00,
21:21:18,79,0.3,0.0,0.0,0.00,
21:21:19,79,0.3,0.0,0.0,0.00,
21:21:20,79,0.3,0.0,0.0,0.00,
21:21:21,79,0.3,0.0,0.0,0.00,
21:21:22,79,0.3,0.0,0.0,0.00,
21:21:23,79,0.3,0.0,0.0,0.00,
21:21:24,79,0.3,0.0,0.0,0.00,
21:21:25,79,0.3,0.0,0.0,0.00,
21:37:02,79,0.3,0.0,0.0,0.00,
21:37:04,79,0.0,0.0,0.0,0.00,
21:37:05,79,0.0,0.0,0.0,0.00,
21:37:06,79,0.0,0.0,0.0,0.00,
21:37:07,79,0.0,0.0,0.0,0.00,
21:52:51,79,0.0,0.0,0.0,0.00,
21:52:52,79,0.0,0.0,0.0,0.00,
21:52:53,79,0.0,0.0,0.0,0.00,
21:52:54,79,0.0,0.0,0.0,0.00,
21:52:55,79,0.0,0.0,0.0,0.00,
22:04:33,79,0.0,0.0,0.0,0.00,
22:04:34,79,0.0,0.0,0.0,0.00,
22:04:35,79,0.0,0.0,0.0,0.00,
22:04:36,79,0.0,0.0,0.0,0.00,
22:04:37,79,0.0,0.0,0.0,0.00,
22:04:38,79,0.0,0.0,0.0,0.00,
22:04:39,79,0.0,0.0,0.0,0.00,
22:04:47,79,0.0,0.0,0.0,0.00,
22:04:48,79,0.0,0.0,0.0,0.00,
22:04:49,79,0.0,0.0,0.0,0.00,
22:04:50,79,0.0,0.0,0.0,0.00,
22:04:51,79,0.0,0.0,0.0,0.00,
22:04:52,79,0.0,0.0,0.0,0.00,
22:04:53,79,0.0,0.0,0.0,0.00,
22:21:50,79,0.0,0.0,0.0,0.00,
22:21:51,79,0.0,0.0,0.0,0.00,
22:21:52,79,0.0,0.0,0.0,0.00,
22:21:53,79,0.0,0.0,0.0,0.00,
22:21:54,79,0.0,0.0,0.0,0.00,
22:22:41,79,0.0,0.0,0.0,0.00,
22:22:42,79,0.0,0.0,18446744073709552.0,0.00,
22:22:44,79,0.0,0.0,18446744073709552.0,0.00,
22:22:45,79,0.0,0.0,18446744073709552.0,0.00,
22:22:46,79,0.0,0.0,18446744073709552.0,0.00,
22:22:47,79,0.0,0.0,18446744073709552.0,0.00,
22:22:48,79,0.0,0.0,18446744073709552.0,0.00,
22:22:49,79,0.0,0.0,18446744073709552.0,0.00,
22:22:50,79,0.0,0.0,18446744073709552.0,0.00,
22:22:51,79,0.0,0.0,18446744073709552.0,0.00,
22:22:52,79,0.0,0.0,18446744073709552.0,0.00,
22:22:53,79,0.0,0.0,18446744073709552.0,0.00,
22:22:54,79,0.0,0.0,18446744073709552.0,0.00,
22:22:55,79,0.0,0.0,18446744073709552.0,0.00,
22:22:56,79,0.0,0.0,18446744073709552.0,0.00,
22:22:57,79,0.0,0.0,18446744073709552.0,0.00,
22:22:58,79,0.0,0.0,18446744073709552.0,0.00,
22:22:59,79,0.0,0.0,18446744073709552.0,0.00,
22:23:00,79,0.0,0.0,18446744073709552.0,0.00,
22:23:01,79,0.0,0.0,18446744073709552.0,0.00,
22:23:02,79,0.0,0.0,18446744073709552.0,0.00,
22:23:04,79,0.0,0.0,18446744073709552.0,0.00,
22:23:05,79,0.0,0.0,18446744073709552.0,0.00,
22:23:06,79,0.0,0.0,18446744073709552.0,0.00,
22:23:07,79,0.0,0.0,18446744073709552.0,0.00,
22:23:08,79,0.0,0.0,18446744073709552.0,0.00,
22:23:09,79,0.0,0.0,18446744073709552.0,0.00,
22:23:10,79,0.0,0.0,18446744073709552.0,0.00,
22:23:11,79,0.0,0.0,18446744073709552.0,0.00,
22:27:42,79,0.0,0.0,0.0,0.00,
22:27:43,79,0.0,0.0,0.0,0.00,
22:27:44,79,0.0,0.0,0.0,0.00,
22:27:45,79,0.0,0.0,0.0,0.00,
22:27:46,79,0.0,0.0,0.0,0.00,
22:27:47,79,0.0,0.0,0.0,0.00,
22:27:48,79,0.0,0.0,0.0,0.00,
22:27:49,79,0.0,0.0,0.0,0.00,
22:27:50,79,0.0,0.0,0.0,0.00,
22:27:51,79,0.0,0.0,0.0,0.00,
22:43:26,79,0.0,0.0,0.0,0.00,
22:43:27,79,0.0,0.0,0.0,0.00,
22:43:28,79,0.0,0.0,0.0,0.00,
22:43:29,79,0.0,0.0,0.0,0.00,
22:43:30,79,0.0,0.0,0.0,0.00,
22:43:45,79,0.0,0.0,0.0,0.00,
22:43:46,79,0.0,0.0,0.0,0.00,
22:43:47,79,0.0,0.0,0.0,0.00,
22:43:48,79,0.0,0.0,0.0,0.00,
22:43:49,79,0.0,0.0,0.0,0.00,
22:43:50,79,0.0,0.0,0.0,0.00,
22:43:51,79,0.0,0.0,0.0,0.00,
22:48:14,79,0.0,0.0,0.0,0.00,
22:48:15,79,0.0,0.0,0.0,0.00,
22:48:16,79,0.0,0.0,0.0,0.00,
22:48:17,79,0.0,0.0,0.0,0.00,
22:48:18,79,0.0,0.0,0.0,0.00,
22:48:19,79,0.0,0.0,0.0,0.00,
22:48:20,79,0.0,0.0,0.0,0.00,
22:54:45,79,0.0,0.0,0.0,0.00,
22:54:46,79,0.0,0.0,0.0,0.00,
22:54:47,79,0.0,0.0,0.0,0.00,
22:54:48,79,0.0,0.0,0.0,0.00,
22:54:49,79,0.0,0.0,0.0,0.00,
22:54:50,79,0.0,0.0,0.0,0.00,
22:54:51,79,0.0,0.0,0.0,0.00,
22:54:52,79,0.0,0.0,0.0,0.00,
22:54:53,79,0.0,0.0,0.0,0.00,
22:54:54,79,0.0,0.0,0.0,0.00,
22:54:55,79,0.0,0.0,0.0,0.00,
22:54:57,79,0.0,0.0,0.0,0.00,
22:54:58,79,0.0,0.0,0.0,0.00,
22:54:59,79,0.0,0.0,0.0,0.00,
22:55:14,79,0.0,0.0,0.0,0.00,
22:55:16,79,0.0,0.0,0.0,0.00,
22:55:17,79,0.0,0.0,0.0,0.00,
22:55:18,79,0.0,0.0,0.0,0.00,
22:55:19,79,0.0,0.0,0.0,0.00,
22:55:20,79,0.0,0.0,0.0,0.00,
22:55:21,79,0.0,0.0,0.0,0.00,
23:04:30,79,0.0,0.0,0.0,0.00,
23:04:31,79,0.0,0.0,0.0,0.00,
23:04:32,79,0.0,0.0,0.0,0.00,
23:04:33,79,0.0,0.0,0.0,0.00,
23:04:34,79,0.0,0.0,0.0,0.00,
23:04:35,79,0.0,0.0,0.0,0.00,
23:04:36,79,0.0,0.0,0.0,0.00,
23:04:37,79,0.0,0.0,0.0,0.00,
23:05:23,79,0.0,0.0,0.0,0.00,
23:05:24,79,0.0,0.0,0.0,0.00,
23:05:25,79,0.0,0.0,0.0,0.00,
23:05:26,79,0.0,0.0,0.0,0.00,
23:05:27,79,0.0,0.0,0.0,0.00,
23:05:28,79,0.0,0.0,0.0,0.00,
23:05:29,79,0.0,0.0,0.0,0.00,
23:05:30,79,0.0,0.0,0.0,0.00,
23:05:31,79,0.0,0.0,0.0,0.00,
23:05:32,79,0.0,0.0,0.0,0.00,
23:22:42,79,0.0,0.0,0.0,0.00,
23:22:44,79,0.0,0.0,0.0,0.00,
23:22:45,79,0.0,0.0,0.0,0.00,
23:22:46,79,0.0,0.0,0.0,0.00,
23:22:47,79,0.0,0.0,0.0,0.00,
23:25:11,79,0.0,0.0,0.0,0.00,
23:25:12,79,0.0,0.0,0.0,0.00,
23:25:13,79,0.0,0.0,0.0,0.00,
23:25:14,79,0.0,0.0,0.0,0.00,
23:25:15,79,0.0,0.0,0.0,0.00,
23:25:16,79,0.0,0.0,0.0,0.00,
23:25:18,79,0.0,0.0,0.0,0.00,
23:25:22,79,0.0,0.0,0.0,0.00,
23:25:23,79,0.0,0.0,18446744073709552.0,0.00,
23:25:24,79,0.0,0.0,18446744073709552.0,0.00,
23:25:25,79,0.0,0.0,18446744073709552.0,0.00,
23:25:26,79,0.0,0.0,18446744073709552.0,0.00,
23:25:28,79,0.0,0.0,18446744073709552.0,0.00,
23:25:29,79,0.0,0.0,18446744073709552.0,0.00,
23:25:30,79,0.0,0.0,18446744073709552.0,0.00,
23:25:31,79,0.0,0.0,18446744073709552.0,0.00,
23:25:32,79,0.0,0.0,18446744073709552.0,0.00,
23:25:33,79,0.0,0.0,18446744073709552.0,0.00,
23:40:34,79,0.0,0.0,18446744073709552.0,0.00,
23:40:35,79,0.0,0.0,0.0,0.00,
23:40:36,79,0.0,0.0,0.0,0.00,
23:40:37,79,0.0,0.0,0.0,0.00,
23:40:38,79,0.0,0.0,0.0,0.00,
23:56:34,79,0.0,0.0,0.0,0.00,
23:56:35,79,0.0,0.0,0.0,0.00,
23:56:36,79,0.0,0.0,0.0,0.00,
23:56:37,79,0.0,0.0,0.0,0.00,
23:56:38,79,0.0,0.0,0.0,0.00,
23:56:40,79,0.0,0.0,0.0,0.00,
23:56:41,79,1.4,-2.0,0.0,0.00,
23:56:42,79,1.4,-2.0,0.0,0.00,
23:56:43,79,1.4,-2.0,0.0,0.00,
23:56:44,79,1.4,-2.0,0.0,0.00,
23:56:45,79,1.4,-2.0,0.0,0.00,
23:56:46,79,1.4,-2.0,0.0,0.00,
23:57:23,79,1.4,-2.0,0.0,0.00,
23:57:24,79,0.0,0.0,0.0,0.00,
23:57:25,79,0.0,0.0,0.0,0.00,
23:57:26,79,0.0,0.0,0.0,0.00,
23:57:27,79,0.0,0.0,0.0,0.00,
23:57:28,79,0.0,0.0,0.0,0.00,
23:57:29,79,0.0,0.0,0.0,0.00,
23:57:30,79,0.0,0.0,0.0,0.00,
23:57:31,79,0.0,0.0,0.0,0.00,
23:57:32,79,0.0,0.0,0.0,0.00,
00:05:32,79,0.0,0.0,0.0,0.00,
00:05:34,79,0.0,0.0,0.0,0.00,
00:05:35,79,0.0,0.0,0.0,0.00,
00:05:36,79,0.0,0.0,0.0,0.00,
00:05:37,79,0.0,0.0,0.0,0.00,
00:05:38,79,0.0,0.0,0.0,0.00,
00:05:39,79,0.0,0.0,0.0,0.00,
00:10:58,79,0.0,0.0,0.0,0.00,
00:10:59,79,0.0,0.0,0.0,0.00,
00:11:00,79,0.0,0.0,0.0,0.00,
00:11:01,79,0.0,0.0,0.0,0.00,
00:11:02,79,0.0,0.0,0.0,0.00,
00:11:04,79,0.0,0.0,0.0,0.00,
00:11:05,79,0.0,0.0,0.0,0.00,
00:16:01,79,0.0,0.0,0.0,0.00,
00:16:02,79,0.0,0.0,0.0,0.00,
00:16:04,79,0.0,0.0,0.0,0.00,
00:16:05,79,0.0,0.0,0.0,0.00,
00:16:06,79,0.0,0.0,0.0,0.00,
00:16:07,79,0.0,0.0,0.0,0.00,
00:16:08,79,0.0,0.0,0.0,0.00,
00:16:09,79,0.0,0.0,0.0,0.00,
00:16:10,79,0.0,-2.0,18446744073709548.0,0.00,
00:16:12,79,0.0,-2.0,18446744073709548.0,0.00,
00:16:13,79,0.0,-2.0,18446744073709548.0,0.00,
00:16:14,79,0.0,-2.0,18446744073709548.0,0.00,
00:16:15,79,0.0,-2.0,18446744073709548.0,0.00,
00:16:16,79,0.0,-2.0,18446744073709548.0,0.00,
00:24:58,79,0.0,-2.0,18446744073709548.0,0.00,
00:24:59,79,0.0,0.0,0.0,0.00,
00:25:00,79,0.0,0.0,0.0,0.00,
00:25:01,79,0.0,0.0,0.0,0.00,
00:25:02,79,0.0,0.0,0.0,0.00,
00:25:03,79,0.0,0.0,0.0,0.00,
00:25:04,79,0.0,0.0,0.0,0.00,
00:25:10,79,0.0,0.0,0.0,0.00,
00:25:11,79,0.2,0.0,0.0,0.00,
00:25:12,78,2.9,-2.0,0.0,0.00,
00:25:13,78,2.9,-2.0,0.0,0.00,
00:25:14,78,2.9,-2.0,0.0,0.00,
00:25:15,78,2.9,-2.0,0.0,0.00,
00:25:16,78,2.9,-2.0,0.0,0.00,
00:25:18,78,2.9,-2.0,0.0,0.00,
00:25:19,78,2.9,-2.0,0.0,0.00,
00:25:20,78,2.9,-2.0,0.0,0.00,
00:25:21,78,2.9,-2.0,0.0,0.00,
00:25:22,78,2.9,-2.0,0.0,0.00,
00:43:03,78,0.0,0.0,0.0,0.00,
00:43:04,78,0.0,0.0,0.0,0.00,
00:43:05,78,0.0,0.0,0.0,0.00,
00:43:06,78,0.0,0.0,0.0,0.00,
00:43:07,78,0.0,0.0,0.0,0.00,
00:53:19,78,0.0,0.0,0.0,0.00,
00:53:20,78,0.0,0.0,0.0,0.00,
00:53:21,78,0.0,0.0,0.0,0.00,
00:53:22,78,0.0,0.0,0.0,0.00,
00:53:23,78,0.0,0.0,0.0,0.00,
00:53:24,78,0.0,0.0,0.0,0.00,
00:53:25,78,0.0,0.0,0.0,0.00,
00:53:26,78,0.0,0.0,0.0,0.00,
00:53:28,78,0.0,0.0,0.0,0.00,
00:53:29,78,0.0,0.0,0.0,0.00,
00:53:30,78,0.0,0.0,0.0,0.00,
00:53:31,78,0.0,0.0,0.0,0.00,
00:53:32,78,0.0,0.0,0.0,0.00,
00:53:33,78,0.0,0.0,0.0,0.00,
00:53:34,78,0.0,0.0,0.0,0.00,
00:53:35,78,0.0,0.0,0.0,0.00,
00:53:36,78,0.0,0.0,0.0,0.00,
00:57:22,78,0.0,0.0,0.0,0.00,
00:57:23,78,0.0,0.0,0.0,0.00,
00:57:24,78,0.0,0.0,0.0,0.00,
00:57:25,78,0.0,0.0,0.0,0.00,
00:57:26,78,0.0,0.0,0.0,0.00,
00:57:27,78,0.0,0.0,0.0,0.00,
00:57:28,78,0.0,0.0,0.0,0.00,
00:57:29,78,0.0,0.0,0.0,0.00,
00:57:30,78,0.0,0.0,0.0,0.00,
00:57:31,78,0.0,0.0,0.0,0.00,
00:57:33,78,0.0,0.0,0.0,0.00,
00:57:34,78,0.0,0.0,0.0,0.00,
00:57:35,78,0.0,0.0,0.0,0.00,
00:57:36,78,0.0,0.0,0.0,0.00,
01:06:34,78,0.0,0.0,0.0,0.00,
01:06:35,78,0.0,0.0,0.0,0.00,
01:06:36,78,0.0,0.0,0.0,0.00,
01:06:37,78,0.0,0.0,0.0,0.00,
01:06:38,78,0.0,0.0,0.0,0.00,
01:06:39,78,0.0,0.0,0.0,0.00,
01:06:40,78,0.0,0.0,0.0,0.00,
01:22:58,78,0.0,0.0,0.0,0.00,
01:22:59,78,0.0,0.0,0.0,0.00,
01:23:00,78,0.0,0.0,0.0,0.00,
01:23:01,78,0.0,0.0,0.0,0.00,
01:23:02,78,0.0,0.0,0.0,0.00,
01:35:52,78,0.0,0.0,0.0,0.00,
01:35:53,78,0.0,0.0,0.0,0.00,
01:35:54,78,0.0,0.0,0.0,0.00,
01:35:55,78,0.0,0.0,0.0,0.00,
01:35:56,78,0.0,0.0,0.0,0.00,
01:35:57,78,0.0,0.0,0.0,0.00,
01:35:58,78,0.0,0.0,0.0,0.00,
01:35:59,78,0.0,0.0,0.0,0.00,
01:36:00,78,0.0,0.0,0.0,0.00,
01:36:01,78,0.0,0.0,0.0,0.00,
01:36:02,78,0.0,0.0,0.0,0.00,
01:36:03,78,0.0,0.0,0.0,0.00,
01:42:36,78,0.0,0.0,0.0,0.00,
01:42:37,78,0.0,0.0,0.0,0.00,
01:42:38,78,0.0,0.0,0.0,0.00,
01:42:39,78,0.0,0.0,0.0,0.00,
01:42:40,78,0.0,0.0,0.0,0.00,
01:42:41,78,0.0,0.0,0.0,0.00,
01:42:42,78,0.0,0.0,0.0,0.00,
01:43:41,78,0.0,0.0,0.0,0.00,
01:43:42,78,0.0,0.0,0.0,0.00,
01:43:43,78,0.0,0.0,0.0,0.00,
01:43:44,78,0.0,0.0,0.0,0.00,
01:43:45,78,0.0,0.0,0.0,0.00,
01:43:46,78,0.0,0.0,0.0,0.00,
01:43:47,78,0.0,0.0,0.0,0.00,
01:46:16,78,0.0,0.0,0.0,0.00,
01:46:17,78,0.0,0.0,0.0,0.00,
01:46:18,78,0.0,0.0,0.0,0.00,
01:46:19,78,0.0,0.0,0.0,0.00,
01:46:20,78,0.0,0.0,0.0,0.00,
01:46:21,78,0.0,0.0,0.0,0.00,
01:46:22,78,0.0,0.0,0.0,0.00,
01:46:23,78,0.0,0.0,0.0,0.00,
01:46:24,78,0.0,0.0,0.0,0.00,
02:01:58,78,0.0,0.0,0.0,0.00,
02:01:59,78,0.0,0.0,0.0,0.00,
02:02:00,78,0.0,0.0,0.0,0.00,
02:02:01,78,0.0,0.0,0.0,0.00,
02:02:02,78,0.0,0.0,0.0,0.00,
02:04:03,78,0.0,0.0,0.0,0.00,
02:04:04,78,0.2,0.0,0.0,0.00,
02:04:05,78,0.2,0.0,0.0,0.00,
02:04:06,78,0.2,0.0,0.0,0.00,
02:04:07,78,0.2,0.0,0.0,0.00,
02:04:08,78,0.2,0.0,0.0,0.00,
02:04:09,78,0.2,0.0,0.0,0.00,
02:04:11,78,0.2,0.0,0.0,0.00,
02:04:12,78,1.6,-2.0,0.0,0.00,
02:04:13,78,1.6,-2.0,0.0,0.00,
02:04:14,78,1.6,-2.0,0.0,0.00,
02:04:15,78,1.6,-2.0,0.0,0.00,
02:04:16,78,1.6,-2.0,0.0,0.00,
02:04:17,78,1.6,-2.0,0.0,0.00,
02:05:24,78,1.6,-2.0,0.0,0.00,
02:05:26,78,0.0,0.0,0.0,0.00,
02:05:27,78,0.0,0.0,0.0,0.00,
02:05:28,78,0.0,0.0,0.0,0.00,
02:05:29,78,0.0,0.0,0.0,0.00,
02:05:30,78,0.0,0.0,0.0,0.00,
02:05:31,78,0.0,0.0,0.0,0.00,
02:14:05,78,0.0,0.0,0.0,0.00,
02:14:06,78,0.0,0.0,0.0,0.00,
02:14:08,78,0.0,0.0,0.0,0.00,
02:14:09,78,0.0,0.0,0.0,0.00,
02:14:10,78,0.0,0.0,0.0,0.00,
02:14:11,78,0.0,0.0,0.0,0.00,
02:14:12,78,0.0,0.0,0.0,0.00,
02:29:34,78,0.0,0.0,0.0,0.00,
02:29:35,78,0.0,0.0,18446744073709552.0,0.00,
02:29:36,78,0.0,0.0,18446744073709552.0,0.00,
02:29:37,78,0.0,0.0,18446744073709552.0,0.00,
02:29:38,78,0.0,0.0,18446744073709552.0,0.00,
02:47:04,78,0.0,0.0,18446744073709552.0,0.00,
02:47:05,78,0.0,0.0,0.0,0.00,
02:47:06,78,0.0,0.0,0.0,0.00,
02:47:07,78,0.0,0.0,0.0,0.00,
02:47:08,78,0.0,0.0,0.0,0.00,
03:03:05,78,0.0,0.0,0.0,0.00,
03:03:06,78,0.0,0.0,0.0,0.00,
03:03:07,78,0.0,0.0,0.0,0.00,
03:03:08,78,0.0,0.0,0.0,0.00,
03:03:09,78,0.0,0.0,0.0,0.00,
03:18:11,78,0.0,0.0,0.0,0.00,
03:18:12,78,0.0,0.0,0.0,0.00,
03:18:13,78,0.0,0.0,0.0,0.00,
03:18:14,78,0.0,0.0,0.0,0.00,
03:18:15,78,0.0,0.0,0.0,0.00,
03:33:57,78,0.0,0.0,0.0,0.00,
03:33:58,78,0.0,0.0,0.0,0.00,
03:33:59,78,0.0,0.0,0.0,0.00,
03:34:00,78,0.0,0.0,0.0,0.00,
03:34:01,78,0.0,0.0,0.0,0.00,
03:34:02,78,0.0,0.0,0.0,0.00,
03:34:03,78,0.0,0.0,0.0,0.00,
03:51:14,78,0.0,0.0,0.0,0.00,
03:51:15,78,0.0,0.0,0.0,0.00,
03:51:16,78,0.0,0.0,0.0,0.00,
03:51:17,78,0.0,0.0,0.0,0.00,
03:51:18,78,0.0,0.0,0.0,0.00,
04:07:47,78,0.0,0.0,0.0,0.00,
04:07:48,78,0.0,0.0,0.0,0.00,
04:07:49,78,0.0,0.0,0.0,0.00,
04:07:50,78,0.0,0.0,0.0,0.00,
04:07:51,78,0.0,0.0,0.0,0.00,
04:24:27,78,0.0,0.0,0.0,0.00,
04:24:28,78,0.0,0.0,0.0,0.00,
04:24:29,78,0.0,0.0,0.0,0.00,
04:24:30,78,0.0,0.0,0.0,0.00,
04:24:31,78,0.0,0.0,0.0,0.00,
04:40:46,78,0.0,0.0,0.0,0.00,
04:40:47,78,0.0,0.0,0.0,0.00,
04:40:48,78,0.0,0.0,0.0,0.00,
04:40:49,78,0.0,0.0,0.0,0.00,
04:40:50,78,0.0,0.0,0.0,0.00,
04:55:53,78,0.0,0.0,0.0,0.00,
04:55:54,78,0.0,0.0,0.0,0.00,
04:55:55,78,0.0,0.0,0.0,0.00,
04:55:56,78,0.0,0.0,0.0,0.00,
04:55:57,78,0.0,0.0,0.0,0.00,
05:04:32,78,0.0,0.0,0.0,0.00,
05:04:33,78,0.0,0.0,0.0,0.00,
05:04:34,78,0.0,0.0,0.0,0.00,
05:04:35,78,0.0,0.0,0.0,0.00,
05:04:36,78,0.0,0.0,0.0,0.00,
05:04:37,78,0.0,0.0,0.0,0.00,
05:04:38,78,0.0,0.0,0.0,0.00,
05:04:39,78,0.0,0.0,0.0,0.00,
05:04:40,78,0.0,0.0,0.0,0.00,
05:04:43,78,0.0,0.0,0.0,0.00,
05:04:44,78,0.0,0.0,18446744073709552.0,0.00,
05:04:45,78,0.0,0.0,18446744073709552.0,0.00,
05:04:46,78,0.0,0.0,18446744073709552.0,0.00,
05:04:47,78,0.0,0.0,18446744073709552.0,0.00,
05:04:48,78,0.0,0.0,18446744073709552.0,0.00,
05:04:50,78,0.0,0.0,18446744073709552.0,0.00,
05:04:51,78,0.0,0.0,18446744073709552.0,0.00,
05:04:52,78,0.0,-2.0,18446744073709548.0,0.00,
05:04:53,78,0.0,-2.0,18446744073709548.0,0.00,
05:04:54,78,0.0,-2.0,18446744073709548.0,0.00,
05:04:55,78,0.0,-2.0,18446744073709548.0,0.00,
05:04:56,78,0.0,-2.0,18446744073709548.0,0.00,
05:04:58,78,0.0,-2.0,18446744073709548.0,0.00,
05:10:09,78,0.0,-2.0,18446744073709548.0,0.00,
05:10:10,78,0.0,0.0,0.0,0.00,
05:10:11,78,0.0,0.0,0.0,0.00,
05:10:12,78,0.0,0.0,0.0,0.00,
05:10:13,78,0.0,0.0,0.0,0.00,
05:10:14,78,0.0,0.0,0.0,0.00,
05:10:15,78,0.0,0.0,0.0,0.00,
05:10:17,78,0.0,0.0,0.0,0.00,
05:22:18,78,0.0,0.0,0.0,0.00,
05:22:19,78,0.0,0.0,0.0,0.00,
05:22:20,78,0.0,0.0,0.0,0.00,
05:22:21,78,0.0,0.0,0.0,0.00,
05:22:22,78,0.0,0.0,0.0,0.00,
05:22:23,78,0.0,0.0,0.0,0.00,
05:22:24,78,0.0,0.0,0.0,0.00,
05:22:25,78,0.0,0.0,0.0,0.00,
05:26:15,78,0.0,0.0,0.0,0.00,
05:26:16,78,0.0,0.0,0.0,0.00,
05:26:17,78,0.0,0.0,0.0,0.00,
05:26:18,78,0.0,0.0,0.0,0.00,
05:26:19,78,0.0,0.0,0.0,0.00,
05:26:20,78,0.0,0.0,0.0,0.00,
05:26:21,78,0.0,0.0,0.0,0.00,
05:35:15,78,0.0,0.0,0.0,0.00,
05:35:17,78,0.0,0.0,0.0,0.00,
05:35:18,78,0.0,0.0,0.0,0.00,
05:35:19,78,0.0,0.0,0.0,0.00,
05:35:20,78,0.0,0.0,0.0,0.00,
05:35:21,78,0.0,0.0,0.0,0.00,
05:35:22,78,0.0,0.0,0.0,0.00,
05:41:38,78,0.0,0.0,0.0,0.00,
05:41:39,78,0.0,0.0,0.0,0.00,
05:41:40,78,0.0,0.0,0.0,0.00,
05:41:41,78,0.0,0.0,0.0,0.00,
05:41:42,78,0.0,0.0,0.0,0.00,
05:41:43,78,0.0,0.0,0.0,0.00,
05:41:44,78,0.0,0.0,0.0,0.00,
05:41:45,78,0.0,0.0,0.0,0.00,
05:41:46,78,0.0,0.0,0.0,0.00,
05:41:48,78,0.0,0.0,0.0,0.00,
05:41:49,78,0.0,0.0,0.0,0.00,
05:41:50,78,0.0,0.0,0.0,0.00,
05:41:51,78,0.0,0.0,0.0,0.00,
05:41:52,78,0.0,0.0,0.0,0.00,
05:41:53,78,0.0,0.0,0.0,0.00,
05:41:54,78,0.0,0.0,0.0,0.00,
05:41:55,78,0.0,0.0,0.0,0.00,
05:41:56,78,0.0,0.0,0.0,0.00,
05:41:57,78,0.0,0.0,0.0,0.00,
05:41:58,78,0.0,0.0,0.0,0.00,
05:41:59,78,0.0,0.0,0.0,0.00,
05:42:02,78,0.0,-2.0,18446744073709548.0,0.00,
05:42:03,78,0.0,-2.0,18446744073709548.0,0.00,
05:42:04,78,0.0,-2.0,18446744073709548.0,0.00,
05:42:05,78,0.0,-2.0,18446744073709548.0,0.00,
05:42:06,78,0.0,-2.0,18446744073709548.0,0.00,
05:42:07,78,0.0,-2.0,18446744073709548.0,0.00,
05:42:08,78,0.0,-2.0,18446744073709548.0,0.00,
05:42:09,78,0.0,-2.0,18446744073709548.0,0.00,
05:42:10,78,0.0,-2.0,18446744073709548.0,0.00,
05:42:11,78,0.0,-2.0,18446744073709548.0,0.00,
05:42:12,78,0.0,-2.0,18446744073709548.0,0.00,
05:42:13,78,0.0,-2.0,18446744073709548.0,0.00,
05:42:14,78,0.0,-2.0,18446744073709548.0,0.00,
05:42:15,78,0.0,-2.0,18446744073709548.0,0.00,
05:42:17,78,0.0,-2.0,18446744073709548.0,0.00,
05:42:18,78,0.0,-2.0,18446744073709548.0,0.00,
05:42:19,78,0.0,-2.0,18446744073709548.0,0.00,
05:42:20,78,0.0,-2.0,18446744073709548.0,0.00,
05:42:21,78,0.0,-2.0,18446744073709548.0,0.00,
05:42:22,78,0.0,-2.0,18446744073709548.0,0.00,
05:59:42,78,0.0,0.0,0.0,0.00,
05:59:43,78,0.0,0.0,0.0,0.00,
05:59:44,77,5.1,-4.1,0.0,0.00,
05:59:45,77,5.1,-4.1,0.0,0.00,
05:59:46,77,5.1,-4.1,0.0,0.00,
06:14:59,77,0.0,0.0,0.0,0.00,
06:15:00,77,0.0,0.0,0.0,0.00,
06:15:01,77,0.0,0.0,0.0,0.00,
06:15:02,77,0.0,0.0,0.0,0.00,
06:15:03,77,0.0,0.0,0.0,0.00,
06:30:54,77,0.0,0.0,0.0,0.00,
06:30:55,77,0.0,0.0,0.0,0.00,
06:30:56,77,0.0,0.0,0.0,0.00,
06:30:57,77,0.0,0.0,0.0,0.00,
06:30:58,77,0.0,0.0,0.0,0.00,
06:41:49,77,0.0,0.0,0.0,0.00,
06:41:50,77,0.0,0.0,0.0,0.00,
06:41:51,77,0.0,0.0,0.0,0.00,
06:41:52,77,0.0,0.0,0.0,0.00,
06:41:53,77,0.0,0.0,0.0,0.00,
06:41:54,77,0.0,0.0,0.0,0.00,
06:41:55,77,0.0,0.0,0.0,0.00,
06:55:28,77,0.0,0.0,0.0,0.00,
06:55:29,77,0.0,0.0,0.0,0.00,
06:55:30,77,0.0,0.0,0.0,0.00,
06:55:31,77,0.0,0.0,0.0,0.00,
06:55:33,77,0.0,0.0,0.0,0.00,
06:55:34,77,0.0,0.0,0.0,0.00,
06:55:35,77,0.0,0.0,0.0,0.00,
07:05:32,77,0.0,0.0,0.0,0.00,
07:05:34,77,0.0,0.0,0.0,0.00,
07:05:35,77,0.0,0.0,0.0,0.00,
07:05:36,77,0.0,0.0,0.0,0.00,
07:05:37,77,0.0,0.0,0.0,0.00,
07:05:38,77,0.0,0.0,0.0,0.00,
07:05:39,77,0.0,0.0,0.0,0.00,
07:06:08,77,0.0,0.0,0.0,0.00,
07:06:10,77,0.0,0.0,0.0,0.00,
07:06:11,77,0.0,0.0,0.0,0.00,
07:06:12,77,0.0,0.0,0.0,0.00,
07:06:13,77,0.0,0.0,0.0,0.00,
07:06:14,77,0.0,0.0,0.0,0.00,
07:06:15,77,0.0,0.0,0.0,0.00,
07:07:31,77,0.0,0.0,0.0,0.00,
07:07:32,77,0.0,0.0,0.0,0.00,
07:07:33,77,0.0,0.0,0.0,0.00,
07:07:34,77,0.0,0.0,0.0,0.00,
07:07:35,77,0.0,0.0,0.0,0.00,
07:07:36,77,0.0,0.0,0.0,0.00,
07:07:37,77,0.0,0.0,0.0,0.00,
07:11:33,77,0.0,0.0,0.0,0.00,
07:11:34,77,0.0,0.0,0.0,0.00,
07:11:35,77,0.0,0.0,0.0,0.00,
07:11:36,77,0.0,0.0,0.0,0.00,
07:11:37,77,0.0,0.0,0.0,0.00,
07:11:38,77,0.0,0.0,0.0,0.00,
07:11:39,77,0.0,0.0,0.0,0.00,
07:20:02,77,0.0,0.0,0.0,0.00,
07:20:03,77,0.0,0.0,0.0,0.00,
07:20:04,77,0.0,0.0,0.0,0.00,
07:20:05,77,0.0,0.0,0.0,0.00,
07:20:06,77,0.0,0.0,0.0,0.00,
07:20:07,77,0.0,0.0,0.0,0.00,
07:20:08,77,0.0,0.0,0.0,0.00,
07:20:10,77,0.0,0.0,0.0,0.00,
07:21:33,77,0.0,0.0,0.0,0.00,
07:21:34,77,0.0,0.0,0.0,0.00,
07:21:35,77,0.0,0.0,0.0,0.00,
07:21:36,77,0.0,0.0,0.0,0.00,
07:21:37,77,0.0,0.0,0.0,0.00,
07:21:38,77,0.0,0.0,0.0,0.00,
07:21:39,77,0.0,0.0,0.0,0.00,
07:21:40,77,0.0,0.0,0.0,0.00,
07:21:41,77,0.0,0.0,0.0,0.00,
07:21:42,77,0.0,0.0,0.0,0.00,
07:21:43,77,0.0,0.0,0.0,0.00,
07:21:44,77,0.0,0.0,0.0,0.00,
07:21:45,77,0.0,0.0,0.0,0.00,
07:21:46,77,0.0,0.0,0.0,0.00,
07:21:48,77,0.0,0.0,0.0,0.00,
07:21:49,77,0.0,0.0,0.0,0.00,
07:21:50,77,0.0,0.0,0.0,0.00,
07:22:04,77,0.0,0.0,0.0,0.00,
07:22:06,77,0.0,0.0,0.0,0.00,
07:22:07,77,0.0,0.0,0.0,0.00,
07:22:08,77,0.0,0.0,0.0,0.00,
07:22:09,77,0.0,0.0,0.0,0.00,
07:22:10,77,0.0,0.0,0.0,0.00,
07:22:11,77,0.0,0.0,0.0,0.00,
07:22:12,77,0.0,0.0,0.0,0.00,
07:22:13,77,0.0,0.0,0.0,0.00,
07:22:14,77,0.0,0.0,0.0,0.00,
07:22:15,77,0.0,0.0,0.0,0.00,
07:22:16,77,0.0,0.0,0.0,0.00,
07:22:17,77,0.0,0.0,0.0,0.00,
07:22:18,77,0.0,0.0,0.0,0.00,
07:22:19,77,0.0,0.0,0.0,0.00,
07:22:20,77,0.0,0.0,0.0,0.00,
07:26:17,77,0.0,0.0,0.0,0.00,
07:26:18,77,0.0,0.0,0.0,0.00,
07:26:19,77,0.0,0.0,0.0,0.00,
07:26:20,77,0.0,0.0,0.0,0.00,
07:26:21,77,0.0,0.0,0.0,0.00,
07:26:22,77,0.0,0.0,0.0,0.00,
07:26:23,77,0.0,0.0,0.0,0.00,
07:38:21,77,0.0,0.0,0.0,0.00,
07:38:22,77,0.0,0.0,0.0,0.00,
07:38:23,77,0.0,0.0,0.0,0.00,
07:38:24,77,0.0,0.0,0.0,0.00,
07:38:25,77,0.0,0.0,0.0,0.00,
07:38:26,77,0.0,0.0,0.0,0.00,
07:38:27,77,0.0,0.0,0.0,0.00,
07:42:35,77,0.0,0.0,0.0,0.00,
07:42:37,77,0.0,0.0,0.0,0.00,
07:42:38,77,0.0,0.0,0.0,0.00,
07:42:39,77,0.0,0.0,0.0,0.00,
07:42:40,77,0.0,0.0,0.0,0.00,
07:42:41,77,0.0,0.0,0.0,0.00,
07:42:42,77,0.0,0.0,0.0,0.00,
07:42:43,77,0.0,0.0,0.0,0.00,
07:42:44,77,0.0,0.0,0.0,0.00,
07:42:45,77,0.0,0.0,0.0,0.00,
07:56:11,77,0.0,0.0,0.0,0.00,
07:56:12,77,0.0,0.0,0.0,0.00,
07:56:13,77,0.0,0.0,0.0,0.00,
07:56:14,77,0.0,0.0,0.0,0.00,
07:56:15,77,0.0,0.0,0.0,0.00,
07:56:16,77,0.0,0.0,0.0,0.00,
07:56:17,77,0.0,0.0,0.0,0.00,
08:05:30,77,0.0,0.0,0.0,0.00,
08:05:31,77,0.0,0.0,0.0,0.00,
08:05:32,77,0.0,0.0,0.0,0.00,
08:05:33,77,0.0,0.0,0.0,0.00,
08:05:35,77,0.0,0.0,0.0,0.00,
08:05:36,77,0.0,0.0,0.0,0.00,
08:05:37,77,0.0,0.0,0.0,0.00,
08:05:38,77,0.0,0.0,0.0,0.00,
08:05:39,77,0.0,0.0,0.0,0.00,
08:05:40,77,0.0,0.0,0.0,0.00,
08:05:41,77,0.0,0.0,0.0,0.00,
08:10:23,77,0.0,0.0,0.0,0.00,
08:10:24,77,0.0,0.0,0.0,0.00,
08:10:25,77,0.0,0.0,0.0,0.00,
08:10:26,77,0.0,0.0,0.0,0.00,
08:10:27,77,0.0,0.0,0.0,0.00,
08:10:28,77,0.0,0.0,0.0,0.00,
08:10:29,77,0.0,0.0,0.0,0.00,
08:12:17,77,0.0,0.0,0.0,0.00,
08:12:18,77,0.0,0.0,0.0,0.00,
08:12:19,77,0.0,0.0,0.0,0.00,
08:12:20,77,0.0,0.0,0.0,0.00,
08:12:21,77,0.0,0.0,0.0,0.00,
08:12:22,77,0.0,0.0,0.0,0.00,
08:12:23,77,0.0,0.0,0.0,0.00,
08:12:24,77,0.0,0.0,0.0,0.00,
08:12:25,77,0.0,0.0,0.0,0.00,
08:12:26,77,0.0,0.0,0.0,0.00,
08:12:28,77,0.0,0.0,0.0,0.00,
08:12:29,77,0.0,0.0,0.0,0.00,
08:12:30,77,0.0,0.0,0.0,0.00,
08:12:31,77,0.0,0.0,0.0,0.00,
08:12:32,77,0.0,0.0,0.0,0.00,
08:12:33,77,0.0,0.0,0.0,0.00,
08:12:34,77,0.0,0.0,0.0,0.00,
08:12:35,77,0.0,0.0,0.0,0.00,
08:12:36,77,0.0,0.0,0.0,0.00,
08:12:37,77,0.0,0.0,0.0,0.00,
08:12:38,77,0.0,0.0,0.0,0.00,
08:12:39,77,0.0,0.0,0.0,0.00,
08:12:40,77,0.0,0.0,0.0,0.00,
08:12:41,77,0.0,0.0,0.0,0.00,
08:12:42,77,0.0,0.0,0.0,0.00,
08:12:43,77,0.0,0.0,0.0,0.00,
08:12:44,77,0.0,0.0,0.0,0.00,
08:13:00,77,0.0,0.0,0.0,0.00,
08:13:01,77,0.0,0.0,0.0,0.00,
08:13:02,77,0.0,0.0,0.0,0.00,
08:13:03,77,0.0,0.0,0.0,0.00,
08:13:04,77,0.0,0.0,0.0,0.00,
08:13:05,77,0.0,0.0,0.0,0.00,
08:13:06,77,0.0,0.0,0.0,0.00,
08:13:07,77,0.0,0.0,0.0,0.00,
08:13:08,77,0.0,0.0,0.0,0.00,
08:13:09,77,0.0,0.0,0.0,0.00,
08:13:10,77,0.0,0.0,0.0,0.00,
08:13:11,77,0.0,0.0,0.0,0.00,
08:13:12,77,0.0,0.0,0.0,0.00,
08:13:13,77,0.0,0.0,0.0,0.00,
08:13:15,77,0.0,0.0,0.0,0.00,
08:13:16,77,0.0,0.0,0.0,0.00,
08:13:17,77,0.0,0.0,0.0,0.00,
08:13:18,77,0.0,0.0,0.0,0.00,
08:13:19,77,0.0,0.0,0.0,0.00,
08:13:20,77,0.0,0.0,0.0,0.00,
08:14:16,77,0.0,0.0,0.0,0.00,
08:14:17,77,0.0,0.0,0.0,0.00,
08:14:18,77,0.0,0.0,0.0,0.00,
08:14:19,77,0.0,0.0,0.0,0.00,
08:14:20,77,0.0,0.0,0.0,0.00,
08:14:21,77,0.0,0.0,0.0,0.00,
08:14:22,77,0.0,0.0,0.0,0.00,
08:14:23,77,0.0,0.0,0.0,0.00,
08:14:24,77,0.0,0.0,0.0,0.00,
08:14:25,77,0.0,0.0,0.0,0.00,
08:14:27,77,0.0,0.0,0.0,0.00,
08:14:28,77,0.0,0.0,0.0,0.00,
08:14:29,77,0.0,0.0,0.0,0.00,
08:14:30,77,0.0,0.0,0.0,0.00,
08:14:31,77,0.0,0.0,0.0,0.00,
08:14:32,77,0.0,0.0,0.0,0.00,
08:14:33,77,0.0,0.0,0.0,0.00,
08:14:34,77,0.0,0.0,0.0,0.00,
08:14:35,77,0.0,0.0,0.0,0.00,
08:14:36,77,0.0,0.0,0.0,0.00,
08:14:37,77,0.0,0.0,0.0,0.00,
08:14:38,77,0.0,0.0,0.0,0.00,
08:14:39,77,0.0,0.0,0.0,0.00,
08:14:40,77,0.0,0.0,0.0,0.00,
08:14:41,77,0.0,0.0,0.0,0.00,
08:17:54,77,0.0,0.0,0.0,0.00,
08:17:55,77,0.0,0.0,18446744073709552.0,0.00,
08:17:56,77,0.0,0.0,18446744073709552.0,0.00,
08:17:57,77,0.0,0.0,18446744073709552.0,0.00,
08:17:58,77,0.0,0.0,18446744073709552.0,0.00,
08:17:59,77,0.0,0.0,18446744073709552.0,0.00,
08:18:00,77,0.0,0.0,18446744073709552.0,0.00,
08:18:01,77,0.0,0.0,18446744073709552.0,0.00,
08:18:02,77,0.0,0.0,18446744073709552.0,0.00,
08:18:03,77,0.0,0.0,18446744073709552.0,0.00,
08:18:04,77,0.0,0.0,18446744073709552.0,0.00,
08:18:05,77,0.0,0.0,18446744073709552.0,0.00,
08:18:06,77,0.0,0.0,18446744073709552.0,0.00,
08:18:07,77,0.0,0.0,18446744073709552.0,0.00,
08:18:08,77,0.0,0.0,18446744073709552.0,0.00,
08:18:09,77,0.0,0.0,18446744073709552.0,0.00,
08:18:10,77,0.0,0.0,18446744073709552.0,0.00,
08:18:11,77,0.0,0.0,18446744073709552.0,0.00,
08:18:12,77,0.0,0.0,18446744073709552.0,0.00,
08:18:13,77,0.0,0.0,18446744073709552.0,0.00,
08:18:15,77,0.0,0.0,18446744073709552.0,0.00,
08:35:30,77,0.0,0.0,18446744073709552.0,0.00,
08:35:31,77,0.0,0.0,0.0,0.00,
08:35:32,77,0.0,0.0,0.0,0.00,
08:35:33,77,0.0,0.0,0.0,0.00,
08:35:34,77,0.0,0.0,0.0,0.00,
08:35:35,77,0.0,0.0,0.0,0.00,
08:35:36,77,0.0,0.0,0.0,0.00,
08:35:37,77,0.0,0.0,0.0,0.00,
08:35:38,77,0.0,0.0,0.0,0.00,
08:35:39,77,0.0,0.0,0.0,0.00,
08:35:40,77,0.0,0.0,0.0,0.00,
08:35:41,77,0.0,0.0,0.0,0.00,
08:35:42,77,0.0,0.0,0.0,0.00,
08:35:43,77,0.0,0.0,0.0,0.00,
08:35:44,77,0.0,0.0,0.0,0.00,
08:35:45,77,0.0,0.0,0.0,0.00,
08:35:46,77,0.0,0.0,0.0,0.00,
08:35:47,77,0.0,0.0,0.0,0.00,
08:35:49,77,0.0,0.0,0.0,0.00,
08:35:50,77,0.0,0.0,0.0,0.00,
08:52:14,77,0.0,0.0,0.0,0.00,
08:52:16,77,0.0,0.0,0.0,0.00,
08:52:17,77,0.0,0.0,0.0,0.00,
08:52:18,77,0.0,0.0,0.0,0.00,
08:52:19,77,0.0,0.0,0.0,0.00,
09:06:34,77,0.0,0.0,0.0,0.00,
09:06:35,77,0.0,0.0,0.0,0.00,
09:06:36,77,0.0,0.0,0.0,0.00,
09:06:37,77,0.0,0.0,0.0,0.00,
09:06:38,77,0.0,0.0,0.0,0.00,
09:06:39,77,0.0,0.0,0.0,0.00,
09:06:40,77,0.0,0.0,0.0,0.00,
09:06:41,77,0.0,0.0,0.0,0.00,
09:06:49,77,0.0,0.0,0.0,0.00,
09:06:50,77,0.0,0.0,0.0,0.00,
09:06:51,77,0.0,0.0,0.0,0.00,
09:06:52,77,0.0,0.0,0.0,0.00,
09:06:53,77,0.0,0.0,0.0,0.00,
09:06:54,77,0.0,0.0,0.0,0.00,
09:06:55,77,0.0,0.0,0.0,0.00,
09:22:47,77,0.0,0.0,0.0,0.00,
09:22:48,77,0.0,0.0,0.0,0.00,
09:22:49,77,0.0,0.0,0.0,0.00,
09:22:50,77,0.0,0.0,0.0,0.00,
09:22:51,77,0.0,0.0,0.0,0.00,
09:39:06,77,0.0,0.0,0.0,0.00,
09:39:07,77,0.0,0.0,0.0,0.00,
09:39:08,77,0.0,0.0,0.0,0.00,
09:39:09,77,0.0,0.0,0.0,0.00,
09:39:10,77,0.0,0.0,0.0,0.00,
09:39:18,77,0.0,0.0,18446744073709552.0,0.00,
09:39:19,77,0.0,0.0,18446744073709552.0,0.00,
09:39:20,77,0.0,0.0,18446744073709552.0,0.00,
09:39:21,77,0.0,0.0,18446744073709552.0,0.00,
09:39:22,77,0.0,0.0,18446744073709552.0,0.00,
09:39:23,77,0.0,0.0,18446744073709552.0,0.00,
09:39:24,77,0.0,0.0,18446744073709552.0,0.00,
09:55:04,77,0.0,0.0,0.0,0.00,
09:55:05,77,0.0,0.0,0.0,0.00,
09:55:06,77,0.0,0.0,0.0,0.00,
09:55:07,77,0.0,0.0,0.0,0.00,
09:55:08,77,0.0,0.0,0.0,0.00,
10:07:34,77,0.0,0.0,0.0,0.00,
10:07:35,77,0.0,0.0,0.0,0.00,
10:07:36,77,0.0,0.0,0.0,0.00,
10:07:37,77,0.0,0.0,0.0,0.00,
10:07:38,77,0.0,0.0,0.0,0.00,
10:07:39,77,0.0,0.0,0.0,0.00,
10:07:40,77,0.0,0.0,0.0,0.00,
10:22:35,77,0.0,0.0,0.0,0.00,
10:22:37,77,0.0,0.0,18446744073709552.0,0.00,
10:22:38,77,0.0,0.0,18446744073709552.0,0.00,
10:22:39,77,0.0,0.0,18446744073709552.0,0.00,
10:22:40,77,0.0,0.0,18446744073709552.0,0.00,
10:22:41,77,0.0,0.0,18446744073709552.0,0.00,
10:22:42,77,0.0,0.0,18446744073709552.0,0.00,
10:22:43,77,0.0,0.0,18446744073709552.0,0.00,
10:22:44,77,0.0,0.0,18446744073709552.0,0.00,
10:22:45,77,0.0,0.0,18446744073709552.0,0.00,
10:22:46,77,4.3,-4.1,0.0,-2.05,
10:22:47,77,4.3,-4.1,0.0,-2.05,
10:22:48,77,4.3,-4.1,0.0,-2.05,
10:22:49,77,4.3,-4.1,0.0,-2.05,
10:22:50,77,4.3,-4.1,0.0,-2.05,
10:22:51,77,4.3,-4.1,0.0,-2.05,
10:22:52,77,4.3,-4.1,0.0,-2.05,
10:22:53,77,4.3,-4.1,0.0,-2.05,
10:22:54,77,4.3,-4.1,0.0,-2.05,
10:22:55,77,4.3,-4.1,0.0,-2.05,
10:22:57,77,4.3,-4.1,0.0,-2.05,
10:22:58,77,4.3,-4.1,0.0,-2.05,
10:22:59,77,4.3,-4.1,0.0,-2.05,
10:23:00,77,4.3,-4.1,0.0,-2.05,
10:23:01,77,4.3,-4.1,0.0,-2.05,
10:23:02,77,4.3,-4.1,0.0,-2.05,
10:23:03,77,4.3,-4.1,0.0,-2.05,
10:23:04,77,4.3,-4.1,0.0,-2.05,
10:23:05,77,4.3,-4.1,0.0,-2.05,
10:23:06,77,4.3,-4.1,0.0,-2.05,
10:23:07,77,4.3,-4.1,0.0,-2.05,
10:23:08,77,4.3,-4.1,0.0,-2.05,
10:30:37,77,0.0,0.0,0.0,0.00,
10:30:38,77,0.0,0.0,0.0,0.00,
10:30:39,77,0.0,0.0,0.0,0.00,
10:30:40,77,0.0,0.0,0.0,0.00,
10:30:41,77,0.0,0.0,0.0,0.00,
10:30:42,77,0.0,0.0,0.0,0.00,
10:30:43,77,0.0,0.0,0.0,0.00,
10:30:44,77,0.0,0.0,0.0,0.00,
10:30:45,77,0.0,0.0,0.0,0.00,
10:30:46,77,0.0,0.0,0.0,0.00,
10:30:47,77,0.0,0.0,0.0,0.00,
10:30:48,77,0.0,0.0,0.0,0.00,
10:30:49,77,0.0,0.0,0.0,0.00,
10:30:50,77,0.0,0.0,0.0,0.00,
10:30:51,77,0.0,0.0,0.0,0.00,
10:30:52,77,0.0,0.0,0.0,0.00,
10:30:53,77,0.0,0.0,0.0,0.00,
10:30:54,77,0.0,0.0,0.0,0.00,
10:30:55,77,0.0,0.0,0.0,0.00,
10:45:13,77,0.0,0.0,0.0,0.00,
10:45:14,77,8.9,-8.2,0.1,0.00,
10:45:15,77,8.9,-8.2,0.1,0.00,
10:45:16,77,8.9,-8.2,0.1,0.00,
10:45:17,77,8.9,-8.2,0.1,0.00,
10:45:18,77,8.9,-8.2,0.1,0.00,
10:45:19,77,8.9,-8.2,0.1,0.00,
10:45:20,77,25.1,38.9,64.0,3.28,
10:45:21,77,25.1,38.9,64.0,3.28,
10:45:23,77,25.1,38.9,64.0,3.28,
10:45:24,77,25.1,38.9,64.0,3.28,
10:45:25,77,25.1,38.9,64.0,3.28,
10:45:26,77,25.1,38.9,64.0,3.28,
10:45:27,77,25.1,38.9,64.0,3.28,
10:45:28,77,25.1,38.9,64.0,3.28,
10:45:29,77,25.1,38.9,64.0,3.28,
10:45:30,77,25.1,38.9,64.0,3.28,
10:45:31,77,25.1,38.9,64.0,3.28,
10:45:32,77,25.1,38.9,64.0,3.28,
10:45:33,77,25.1,38.9,64.0,3.28,
10:45:34,77,25.1,38.9,64.0,3.28,
10:45:35,77,25.1,38.9,64.0,3.28,
10:45:36,77,25.1,38.9,64.0,3.28,
10:45:37,77,25.1,38.9,64.0,3.28,
10:45:38,77,25.1,38.9,64.0,3.28,
10:45:39,77,25.1,38.9,64.0,3.28,
10:45:40,77,25.1,38.9,64.0,3.28,
10:45:41,77,25.1,38.9,64.0,3.28,
10:45:42,77,25.1,38.9,64.0,3.28,
10:45:43,77,25.1,38.9,64.0,3.28,
10:45:44,77,25.1,38.9,64.0,3.28,
10:45:45,77,25.1,38.9,64.0,3.28,
10:45:46,77,25.1,38.9,64.0,3.28,
10:45:47,77,25.1,38.9,64.0,3.28,
10:45:49,77,25.1,38.9,64.0,3.28,
10:45:50,77,25.1,38.9,64.0,3.28,
10:45:51,77,25.1,38.9,64.0,3.28,
10:45:52,77,25.1,38.9,64.0,3.28,
10:45:53,77,25.1,38.9,64.0,3.28,
10:45:54,77,25.1,38.9,64.0,3.28,
10:45:55,77,25.1,38.9,64.0,3.28,
10:45:56,77,25.1,38.9,64.0,3.28,
10:45:57,77,25.1,38.9,64.0,3.28,
10:45:58,77,25.1,38.9,64.0,3.28,
10:45:59,77,25.1,38.9,64.0,3.28,
10:46:00,77,25.1,38.9,64.0,3.28,
10:46:01,77,25.1,38.9,64.0,3.28,
10:46:02,77,25.1,38.9,64.0,3.28,
10:46:03,77,25.1,38.9,64.0,3.28,
10:46:04,77,25.1,38.9,64.0,3.28,
10:46:05,77,25.1,38.9,64.0,3.28,
10:46:06,77,25.1,38.9,64.0,3.28,
10:46:07,77,25.1,38.9,64.0,3.28,
10:46:08,77,25.1,38.9,64.0,3.28,
10:46:09,77,25.1,38.9,64.0,3.28,
10:46:10,77,25.1,38.9,64.0,3.28,
10:46:11,77,25.1,38.9,64.0,3.28,
10:46:12,77,25.1,38.9,64.0,3.28,
10:46:13,77,25.1,38.9,64.0,3.28,
10:46:15,77,25.1,38.9,64.0,3.28,
10:46:16,77,25.1,38.9,64.0,3.28,
10:46:17,77,25.1,38.9,64.0,3.28,
10:46:18,77,25.1,38.9,64.0,3.28,
10:46:19,77,25.1,38.9,64.0,3.28,
10:46:20,77,5.6,73.0,78.6,5.76,
10:46:21,77,5.6,73.0,78.6,5.76,
10:46:22,77,5.6,73.0,78.6,5.76,
10:46:23,77,5.6,73.0,78.6,5.76,
10:46:24,77,5.6,73.0,78.6,5.76,
10:46:25,77,5.6,73.0,78.6,5.76,
10:46:26,77,5.6,73.0,78.6,5.76,
10:46:27,77,5.6,73.0,78.6,5.76,
10:46:28,77,5.6,73.0,78.6,5.76,
10:46:29,77,5.6,73.0,78.6,5.76,
10:46:30,77,5.6,73.0,78.6,5.76,
10:46:31,77,5.6,73.0,78.6,5.76,
10:46:32,77,5.6,73.0,78.6,5.76,
10:46:33,77,5.6,73.0,78.6,5.76,
10:46:34,77,5.6,73.0,78.6,5.76,
10:46:35,77,5.6,73.0,78.6,5.76,
10:46:36,77,5.6,73.0,78.6,5.76,
10:46:37,77,5.6,73.0,78.6,5.76,
10:46:39,77,5.6,73.0,78.6,5.76,
10:46:40,77,5.6,73.0,78.6,5.76,
10:46:41,77,5.6,73.0,78.6,5.76,
10:46:42,77,5.6,73.0,78.6,5.76,
10:46:43,77,5.6,73.0,78.6,5.76,
10:46:44,77,5.6,73.0,78.6,5.76,
10:46:45,77,5.6,73.0,78.6,5.76,
10:46:46,77,5.6,73.0,78.6,5.76,
10:46:47,77,5.6,73.0,78.6,5.76,
10:46:48,77,5.6,73.0,78.6,5.76,
10:46:49,77,5.6,73.0,78.6,5.76,
10:46:50,77,5.6,73.0,78.6,5.76,
10:46:51,77,5.6,73.0,78.6,5.76,
10:46:52,77,5.6,73.0,78.6,5.76,
10:46:53,77,5.6,73.0,78.6,5.76,
10:46:54,77,5.6,73.0,78.6,5.76,
10:46:55,77,5.6,73.0,78.6,5.76,
10:46:56,77,5.6,73.0,78.6,5.76,
10:46:57,77,5.6,73.0,78.6,5.76,
10:46:58,77,5.6,73.0,78.6,5.76,
10:46:59,77,5.6,73.0,78.6,5.76,
10:47:00,77,5.6,73.0,78.6,5.76,
10:47:01,77,5.6,73.0,78.6,5.76,
10:47:02,77,5.6,73.0,78.6,5.76,
10:47:03,77,5.6,73.0,78.6,5.76,
10:47:04,77,5.6,73.0,78.6,5.76,
10:47:06,77,5.6,73.0,78.6,5.76,
10:47:07,77,5.6,73.0,78.6,5.76,
10:47:08,77,5.6,73.0,78.6,5.76,
10:47:09,77,5.6,73.0,78.6,5.76,
10:47:10,77,5.6,73.0,78.6,5.76,
10:47:11,77,5.6,73.0,78.6,5.76,
10:47:12,77,5.6,73.0,78.6,5.76,
10:47:13,77,5.6,73.0,78.6,5.76,
10:47:14,77,5.6,73.0,78.6,5.76,
10:47:15,77,5.6,73.0,78.6,5.76,
10:47:16,77,5.6,73.0,78.6,5.76,
10:47:17,77,5.6,73.0,78.6,5.76,
10:47:18,77,5.6,73.0,78.6,5.76,
10:47:19,77,5.6,73.0,78.6,5.76,
10:47:20,77,11.3,66.8,78.1,5.25,
10:47:21,77,11.3,66.8,78.1,5.25,
10:47:22,77,11.3,66.8,78.1,5.25,
10:47:23,77,11.3,66.8,78.1,5.25,
10:47:24,77,11.3,66.8,78.1,5.25,
10:47:25,77,11.3,66.8,78.1,5.25,
10:47:26,77,11.3,66.8,78.1,5.25,
10:47:27,77,11.3,66.8,78.1,5.25,
10:47:28,77,11.3,66.8,78.1,5.25,
10:47:29,77,11.3,66.8,78.1,5.25,
10:47:30,77,11.3,66.8,78.1,5.25,
10:47:31,77,11.3,66.8,78.1,5.25,
10:47:32,77,11.3,66.8,78.1,5.25,
10:47:33,77,11.3,66.8,78.1,5.25,
10:47:34,77,11.3,66.8,78.1,5.25,
10:47:35,77,11.3,66.8,78.1,5.25,
10:47:36,77,11.3,66.8,78.1,5.25,
10:47:37,77,11.3,66.8,78.1,5.25,
10:47:38,77,11.3,66.8,78.1,5.25,
10:47:40,77,11.3,66.8,78.1,5.25,
10:47:41,77,11.3,66.8,78.1,5.25,
10:47:42,77,11.3,66.8,78.1,5.25,
10:47:43,77,11.3,66.8,78.1,5.25,
10:47:44,77,11.3,66.8,78.1,5.25,
10:47:45,77,11.3,66.8,78.1,5.25,
10:47:46,77,11.3,66.8,78.1,5.25,
10:47:47,77,11.3,66.8,78.1,5.25,
10:47:48,77,11.3,66.8,78.1,5.25,
10:47:49,77,11.3,66.8,78.1,5.25,
10:47:50,77,11.3,66.8,78.1,5.25,
10:47:51,77,11.3,66.8,78.1,5.25,
10:47:52,77,11.3,66.8,78.1,5.25,
10:47:53,77,11.3,66.8,78.1,5.25,
10:47:54,77,11.3,66.8,78.1,5.25,
10:47:55,77,11.3,66.8,78.1,5.25,
10:47:56,77,11.3,66.8,78.1,5.25,
10:47:57,77,11.3,66.8,78.1,5.25,
10:47:58,77,42.6,63.8,106.4,5.02,
10:47:59,77,39.9,63.6,103.6,1.70,
10:48:00,77,39.9,63.6,103.6,1.70,
10:48:01,77,39.9,63.6,103.6,1.70,
10:48:02,77,39.9,63.6,103.6,1.70,
10:48:03,77,39.9,63.6,103.6,1.70,
10:48:04,77,39.9,63.6,103.6,1.70,
10:48:05,77,39.6,43.3,82.9,4.08,
10:48:06,77,39.6,43.3,82.9,4.08,
10:48:07,77,39.6,43.3,82.9,4.08,
10:48:08,77,39.6,43.3,82.9,4.08,
10:48:09,77,39.6,43.3,82.9,4.08,
10:48:10,77,39.6,43.3,82.9,4.08,
10:48:11,77,39.6,43.3,82.9,4.08,
10:48:12,77,39.6,43.3,82.9,4.08,
10:48:13,77,39.6,43.3,82.9,4.08,
10:48:14,77,39.6,43.3,82.9,4.08,
10:48:15,77,39.6,43.3,82.9,4.08,
10:48:16,77,39.6,43.3,82.9,4.08,
10:48:17,77,39.6,43.3,82.9,4.08,
10:48:18,77,39.6,43.3,82.9,4.08,
10:48:19,77,39.6,43.3,82.9,4.08,
10:48:20,77,39.6,43.3,82.9,4.08,
10:48:21,77,39.6,43.3,82.9,4.08,
10:48:22,77,39.6,43.3,82.9,4.08,
10:48:23,77,39.6,43.3,82.9,4.08,
10:48:24,77,39.6,43.3,82.9,4.08,
10:48:26,77,39.6,43.3,82.9,4.08,
10:48:27,77,39.6,43.3,82.9,4.08,
10:48:28,77,39.6,43.3,82.9,4.08,
10:48:29,77,39.6,43.3,82.9,4.08,
10:48:30,77,39.6,43.3,82.9,4.08,
10:48:31,77,39.6,43.3,82.9,4.08,
10:48:32,77,39.6,43.3,82.9,4.08,
10:48:33,77,39.6,43.3,82.9,4.08,
10:48:34,77,39.6,43.3,82.9,4.08,
10:48:35,77,39.6,43.3,82.9,4.08,
10:48:36,77,39.6,43.3,82.9,4.08,
10:48:37,77,39.6,43.3,82.9,4.08,
10:48:38,77,39.6,43.3,82.9,4.08,
10:48:39,77,39.6,43.3,82.9,4.08,
10:48:40,77,39.6,43.3,82.9,4.08,
10:48:41,77,39.6,43.3,82.9,4.08,
10:48:42,77,39.6,43.3,82.9,4.08,
10:48:43,77,39.6,43.3,82.9,4.08,
10:48:44,77,39.6,43.3,82.9,4.08,
10:48:45,77,39.6,43.3,82.9,4.08,
10:48:46,77,39.6,43.3,82.9,4.08,
10:48:47,77,39.6,43.3,82.9,4.08,
10:48:48,77,39.6,43.3,82.9,4.08,
10:48:49,77,39.6,43.3,82.9,4.08,
10:48:50,77,39.6,43.3,82.9,4.08,
10:48:51,77,39.6,43.3,82.9,4.08,
10:48:52,77,39.6,43.3,82.9,4.08,
10:48:53,77,39.6,43.3,82.9,4.08,
10:48:54,77,39.6,43.3,82.9,4.08,
10:48:55,77,39.6,43.3,82.9,4.08,
10:48:56,77,39.6,43.3,82.9,4.08,
10:48:57,77,39.6,43.3,82.9,4.08,
10:48:58,77,39.6,43.3,82.9,4.08,
10:48:59,77,39.6,43.3,82.9,4.08,
10:49:00,77,39.6,43.3,82.9,4.08,
10:49:01,77,39.6,43.3,82.9,4.08,
10:49:02,77,39.6,43.3,82.9,4.08,
10:49:03,77,39.6,43.3,82.9,4.08,
10:49:04,77,29.3,59.1,88.4,4.65,
10:49:05,77,29.3,59.1,88.4,4.65,
10:49:06,77,29.3,59.1,88.4,4.65,
10:49:07,77,29.3,59.1,88.4,4.65,
10:49:08,77,29.3,59.1,88.4,4.65,
10:49:09,77,29.3,59.1,88.4,4.65,
10:49:10,77,29.3,59.1,88.4,4.65,
10:49:11,77,29.3,59.1,88.4,4.65,
10:49:12,77,29.3,59.1,88.4,4.65,
10:49:14,77,29.3,59.1,88.4,4.65,
10:49:15,77,29.3,59.1,88.4,4.65,
10:49:16,77,29.3,59.1,88.4,4.65,
10:49:17,77,29.3,59.1,88.4,4.65,
10:49:18,77,29.3,59.1,88.4,4.65,
10:49:19,77,29.3,59.1,88.4,4.65,
10:49:20,77,29.3,59.1,88.4,4.65,
10:49:21,77,29.3,59.1,88.4,4.65,
10:49:22,77,29.3,59.1,88.4,4.65,
10:49:23,77,29.3,59.1,88.4,4.65,
10:49:24,77,29.3,59.1,88.4,4.65,
10:49:25,77,29.3,59.1,88.4,4.65,
10:49:26,77,29.3,59.1,88.4,4.65,
10:49:27,77,29.3,59.1,88.4,4.65,
10:49:28,77,29.3,59.1,88.4,4.65,
10:49:29,77,29.3,59.1,88.4,4.65,
10:49:30,77,29.3,59.1,88.4,4.65,
10:49:31,77,29.3,59.1,88.4,4.65,
10:49:32,77,29.3,59.1,88.4,4.65,
10:49:33,78,22.3,57.1,79.4,4.49,
10:49:34,78,22.3,57.1,79.4,4.49,
10:49:35,78,22.3,57.1,79.4,4.49,
10:49:36,78,22.3,57.1,79.4,4.49,
10:49:37,78,22.3,57.1,79.4,4.49,
10:49:38,78,22.3,57.1,79.4,4.49,
10:49:39,78,22.3,57.1,79.4,4.49,
10:49:40,78,22.3,57.1,79.4,4.49,
10:49:41,78,22.3,57.1,79.4,4.49,
10:49:42,78,22.3,57.1,79.4,4.49,
10:49:43,78,22.3,57.1,79.4,4.49,
10:49:44,78,22.3,57.1,79.4,4.49,
10:49:45,78,22.3,57.1,79.4,4.49,
10:49:46,78,22.3,57.1,79.4,4.49,
10:49:47,78,22.3,57.1,79.4,4.49,
10:49:48,78,22.3,57.1,79.4,4.49,
10:49:49,78,22.3,57.1,79.4,4.49,
10:49:50,78,22.3,57.1,79.4,4.49,
10:49:51,78,22.3,57.1,79.4,4.49,
10:49:52,78,22.3,57.1,79.4,4.49,
10:49:53,78,22.3,57.1,79.4,4.49,
10:49:54,78,22.3,57.1,79.4,4.49,
10:49:55,78,22.3,57.1,79.4,4.49,
10:49:56,78,22.3,57.1,79.4,4.49,
10:49:57,78,22.3,57.1,79.4,4.49,
10:49:58,78,22.3,57.1,79.4,4.49,
10:50:00,78,22.3,57.1,79.4,4.49,
10:50:01,78,22.3,57.1,79.4,4.49,
10:50:02,78,22.3,57.1,79.4,4.49,
10:50:03,78,22.3,57.1,79.4,4.49,
10:50:04,78,22.3,57.1,79.4,4.49,
10:50:05,78,22.3,57.1,79.4,4.49,
10:50:06,78,22.3,57.1,79.4,4.49,
10:50:07,78,22.3,57.1,79.4,4.49,
10:50:08,78,22.3,57.1,79.4,4.49,
10:50:09,78,22.3,57.1,79.4,4.49,
10:50:10,78,22.3,57.1,79.4,4.49,
10:50:11,78,22.3,57.1,79.4,4.49,
10:50:12,78,22.3,57.1,79.4,4.49,
10:50:13,78,22.3,57.1,79.4,4.49,
10:50:14,78,22.3,57.1,79.4,4.49,
10:50:15,78,22.3,57.1,79.4,4.49,
10:50:16,78,22.3,57.1,79.4,4.49,
10:50:17,78,22.3,57.1,79.4,4.49,
10:50:18,78,22.3,57.1,79.4,4.49,
10:50:19,78,22.3,57.1,79.4,4.49,
10:50:20,78,22.3,57.1,79.4,4.49,
10:50:21,78,22.3,57.1,79.4,4.49,
10:50:22,78,22.3,57.1,79.4,4.49,
10:50:23,78,22.3,57.1,79.4,4.49,
10:50:24,78,22.3,57.1,79.4,4.49,
10:50:25,78,22.3,57.1,79.4,4.49,
10:50:26,78,22.3,57.1,79.4,4.49,
10:50:27,78,22.3,57.1,79.4,4.49,
10:50:28,78,22.3,57.1,79.4,4.49,
10:50:29,78,22.3,57.1,79.4,4.49,
10:50:30,78,22.3,57.1,79.4,4.49,
10:50:31,78,22.3,57.1,79.4,4.49,
10:50:32,78,36.7,52.0,88.6,4.09,
10:50:33,78,36.7,52.0,88.6,4.09,
10:50:34,78,36.7,52.0,88.6,4.09,
10:50:35,78,36.7,52.0,88.6,4.09,
10:50:36,78,36.7,52.0,88.6,4.09,
10:50:37,78,36.7,52.0,88.6,4.09,
10:50:38,78,36.7,52.0,88.6,4.09,
10:50:39,78,36.7,52.0,88.6,4.09,
10:50:40,78,36.7,52.0,88.6,4.09,
10:50:41,78,36.7,52.0,88.6,4.09,
10:50:42,78,36.7,52.0,88.6,4.09,
10:50:44,78,36.7,52.0,88.6,4.09,
10:50:45,79,27.0,52.0,79.1,4.12,
10:50:46,79,27.0,52.0,79.1,4.12,
10:50:47,79,27.0,52.0,79.1,4.12,
10:50:48,79,27.0,52.0,79.1,4.12,
10:50:49,79,27.0,52.0,79.1,4.12,
10:50:50,79,27.0,52.0,79.1,4.12,
10:50:51,79,27.0,52.0,79.1,4.12,
10:50:52,79,27.0,52.0,79.1,4.12,
10:50:53,79,27.0,52.0,79.1,4.12,
10:50:54,79,27.0,52.0,79.1,4.12,
10:50:55,79,27.0,52.0,79.1,4.12,
10:50:56,79,18446744073709500.0,51.1,0.0,0.93,
10:50:57,79,41.8,11.6,53.3,-2.05,
10:50:58,79,32.9,-26.6,6.9,-2.05,
10:50:59,79,32.9,-26.6,6.9,-2.05,
10:51:00,79,32.9,-26.6,6.9,-2.05,
10:51:01,79,32.9,-26.6,6.9,-2.05,
10:51:02,79,32.9,-26.6,6.9,-2.05,
10:51:03,79,32.9,-26.6,6.9,-2.05,
10:51:04,79,34.7,21.7,56.4,1.66,
10:51:05,79,34.7,21.7,56.4,1.66,
10:51:06,79,34.7,21.7,56.4,1.66,
10:51:07,79,34.7,21.7,56.4,1.66,
10:51:08,79,34.7,21.7,56.4,1.66,
10:51:09,79,34.7,21.7,56.4,1.66,
10:51:10,79,34.7,21.7,56.4,1.66,
10:51:11,79,34.7,21.7,56.4,1.66,
10:51:12,79,34.7,21.7,56.4,1.66,
10:51:13,79,34.7,21.7,56.4,1.66,
10:51:14,79,34.7,21.7,56.4,1.66,
10:51:15,79,34.7,21.7,56.4,1.66,
10:51:16,79,34.7,21.7,56.4,1.66,
10:51:17,79,34.7,21.7,56.4,1.66,
10:51:18,79,34.7,21.7,56.4,1.66,
10:51:19,79,34.7,21.7,56.4,1.66,
10:51:20,79,34.7,21.7,56.4,1.66,
10:51:21,79,34.7,21.7,56.4,1.66,
10:51:22,79,34.7,21.7,56.4,1.66,
10:51:23,79,34.7,21.7,56.4,1.66,
10:51:24,79,34.7,21.7,56.4,1.66,
10:51:25,79,34.7,21.7,56.4,1.66,
10:51:26,79,34.7,21.7,56.4,1.66,
10:51:27,79,34.7,21.7,56.4,1.66,
10:51:29,79,34.7,21.7,56.4,1.66,
10:51:30,79,34.7,21.7,56.4,1.66,
10:51:31,79,34.7,21.7,56.4,1.66,
10:51:32,79,34.7,21.7,56.4,1.66,
10:51:33,79,34.7,21.7,56.4,1.66,
10:51:34,79,34.7,21.7,56.4,1.66,
10:51:35,79,34.7,21.7,56.4,1.66,
10:51:36,79,34.7,21.7,56.4,1.66,
10:51:37,79,34.7,21.7,56.4,1.66,
10:51:38,79,34.7,21.7,56.4,1.66,
10:51:39,79,34.7,21.7,56.4,1.66,
10:51:40,79,55.6,49.5,105.1,2.31,
10:51:41,79,55.6,49.5,105.1,2.31,
10:51:42,79,55.6,49.5,105.1,2.31,
10:51:43,79,55.6,49.5,105.1,2.31,
10:51:44,79,55.6,49.5,105.1,2.31,
10:51:45,79,55.6,49.5,105.1,2.31,
10:51:46,79,55.6,49.5,105.1,2.31,
10:51:47,79,70.0,37.0,107.0,2.96,
10:51:48,79,18446744073709516.0,37.3,0.0,-2.05,
10:51:49,79,57.7,-26.6,30.6,-4.10,
10:51:50,79,73.7,-43.0,29.9,-4.10,
10:51:51,79,73.7,-43.0,29.9,-4.10,
10:51:52,79,73.7,-43.0,29.9,-4.10,
10:51:53,79,73.7,-43.0,29.9,-4.10,
10:51:54,79,73.7,-43.0,29.9,-4.10,
10:51:55,79,73.7,-43.0,29.9,-4.10,
10:51:56,79,44.0,57.1,101.2,4.58,
10:51:57,79,44.0,57.1,101.2,4.58,
10:51:58,79,44.0,57.1,101.2,4.58,
10:51:59,79,44.0,57.1,101.2,4.58,
10:52:00,79,44.0,57.1,101.2,4.58,
10:52:01,79,44.0,57.1,101.2,4.58,
10:52:02,79,44.0,57.1,101.2,4.58,
10:52:03,79,44.0,57.1,101.2,4.58,
10:52:04,79,44.0,57.1,101.2,4.58,
10:52:05,79,44.0,57.1,101.2,4.58,
10:52:06,79,44.0,57.1,101.2,4.58,
10:52:07,79,44.0,57.1,101.2,4.58,
10:52:08,79,44.0,57.1,101.2,4.58,
10:52:10,79,44.0,57.1,101.2,4.58,
10:52:11,79,44.0,57.1,101.2,4.58,
10:52:12,79,44.0,57.1,101.2,4.58,
10:52:13,79,44.0,57.1,101.2,4.58,
10:52:14,79,44.0,57.1,101.2,4.58,
10:52:15,79,44.0,57.1,101.2,4.58,
10:52:16,79,44.0,57.1,101.2,4.58,
10:52:17,79,44.0,57.1,101.2,4.58,
10:52:18,79,44.0,57.1,101.2,4.58,
10:52:19,79,44.0,57.1,101.2,4.58,
10:52:20,79,44.0,57.1,101.2,4.58,
10:52:21,79,44.0,57.1,101.2,4.58,
10:52:22,79,44.0,57.1,101.2,4.58,
10:52:23,79,44.0,57.1,101.2,4.58,
10:52:24,79,44.0,57.1,101.2,4.58,
10:52:25,79,44.0,57.1,101.2,4.58,
10:52:26,80,7.3,48.7,56.1,3.84,
10:52:27,80,7.3,48.7,56.1,3.84,
10:52:28,80,7.3,48.7,56.1,3.84,
10:52:29,80,7.3,48.7,56.1,3.84,
10:52:30,80,7.3,48.7,56.1,3.84,
10:52:31,80,7.3,48.7,56.1,3.84,
10:52:32,80,7.3,48.7,56.1,3.84,
10:52:33,80,7.3,48.7,56.1,3.84,
10:52:34,80,7.3,48.7,56.1,3.84,
10:52:35,80,7.3,48.7,56.1,3.84,
10:52:36,80,7.3,48.7,56.1,3.84,
10:52:37,80,7.3,48.7,56.1,3.84,
10:52:38,80,7.3,48.7,56.1,3.84,
10:52:39,80,7.3,48.7,56.1,3.84,
10:52:41,80,7.3,48.7,56.1,3.84,
10:52:42,80,7.3,48.7,56.1,3.84,
10:52:43,80,7.3,48.7,56.1,3.84,
10:52:44,80,7.3,48.7,56.1,3.84,
10:52:45,80,7.3,48.7,56.1,3.84,
10:52:46,80,7.3,48.7,56.1,3.84,
10:52:47,80,7.3,48.7,56.1,3.84,
10:52:48,80,7.3,48.7,56.1,3.84,
10:52:49,80,7.3,48.7,56.1,3.84,
10:52:50,80,7.3,48.7,56.1,3.84,
10:52:51,80,7.3,48.7,56.1,3.84,
10:52:52,80,7.3,48.7,56.1,3.84,
10:52:53,80,7.3,48.7,56.1,3.84,
10:52:54,80,7.3,48.7,56.1,3.84,
10:52:55,80,7.3,48.7,56.1,3.84,
10:52:56,80,7.3,48.7,56.1,3.84,
10:52:57,80,7.3,48.7,56.1,3.84,
10:52:58,80,7.3,48.7,56.1,3.84,
10:52:59,80,7.3,48.7,56.1,3.84,
10:53:00,80,7.3,48.7,56.1,3.84,
10:53:01,80,7.3,48.7,56.1,3.84,
10:53:02,80,7.3,48.7,56.1,3.84,
10:53:03,80,7.3,48.7,56.1,3.84,
10:53:04,80,7.3,48.7,56.1,3.84,
10:53:05,80,7.3,48.7,56.1,3.84,
10:53:06,80,7.3,48.7,56.1,3.84,
10:53:07,80,7.3,48.7,56.1,3.84,
10:53:08,80,7.3,48.7,56.1,3.84,
10:53:09,80,7.3,48.7,56.1,3.84,
10:53:10,80,7.3,48.7,56.1,3.84,
10:53:12,80,7.3,48.7,56.1,3.84,
10:53:13,80,7.3,48.7,56.1,3.84,
10:53:14,80,7.3,48.7,56.1,3.84,
10:53:15,80,7.3,48.7,56.1,3.84,
10:53:16,80,7.3,48.7,56.1,3.84,
10:53:17,80,7.3,48.7,56.1,3.84,
10:53:18,80,7.3,48.7,56.1,3.84,
10:53:19,80,7.3,48.7,56.1,3.84,
10:53:20,80,7.3,48.7,56.1,3.84,
10:53:21,80,7.3,48.7,56.1,3.84,
10:53:22,80,7.3,48.7,56.1,3.84,
10:53:23,80,7.3,48.7,56.1,3.84,
10:53:24,80,7.3,48.7,56.1,3.84,
10:53:25,80,5.8,0.0,5.8,0.00,
10:53:26,80,5.8,0.0,5.8,0.00,
10:53:27,80,5.8,0.0,5.8,0.00,
10:53:28,80,5.8,0.0,5.8,0.00,
10:53:29,80,5.8,0.0,5.8,0.00,
10:53:30,80,5.8,0.0,5.8,0.00,
10:53:31,80,5.8,0.0,5.8,0.00,
10:53:32,80,5.8,0.0,5.8,0.00,
10:53:33,80,5.8,0.0,5.8,0.00,
10:53:34,80,5.8,0.0,5.8,0.00,
10:53:35,80,5.8,0.0,5.8,0.00,
10:53:36,80,5.8,0.0,5.8,0.00,
10:53:37,80,5.8,0.0,5.8,0.00,
10:53:38,80,5.8,0.0,5.8,0.00,
10:53:39,80,5.8,0.0,5.8,0.00,
10:53:40,80,5.8,0.0,5.8,0.00,
10:53:41,80,5.8,0.0,5.8,0.00,
10:53:42,80,5.8,0.0,5.8,0.00,
10:53:44,80,5.8,0.0,5.8,0.00,
10:53:45,80,5.8,0.0,5.8,0.00,
10:53:46,80,5.8,0.0,5.8,0.00,
10:53:47,80,5.8,0.0,5.8,0.00,
10:53:48,80,5.8,0.0,5.8,0.00,
10:53:49,80,5.8,0.0,5.8,0.00,
10:53:50,80,5.8,0.0,5.8,0.00,
10:53:51,80,5.8,0.0,5.8,0.00,
10:53:52,80,5.8,0.0,5.8,0.00,
10:53:53,80,5.8,0.0,5.8,0.00,
10:53:54,80,5.8,0.0,5.8,0.00,
10:53:55,80,5.8,0.0,5.8,0.00,
10:53:56,80,5.8,0.0,5.8,0.00,
10:53:57,80,5.8,0.0,5.8,0.00,
10:53:58,80,5.8,0.0,5.8,0.00,
10:53:59,80,5.8,0.0,5.8,0.00,
10:54:00,80,5.8,0.0,5.8,0.00,
10:54:01,80,5.8,0.0,5.8,0.00,
10:54:02,80,5.8,0.0,5.8,0.00,
10:54:03,80,5.8,0.0,5.8,0.00,
10:54:04,80,5.8,0.0,5.8,0.00,
10:54:05,80,5.8,0.0,5.8,0.00,
10:54:06,80,5.8,0.0,5.8,0.00,
10:54:07,80,5.8,0.0,5.8,0.00,
10:54:08,80,5.8,0.0,5.8,0.00,
10:54:09,80,5.8,0.0,5.8,0.00,
10:54:10,80,5.8,0.0,5.8,0.00,
10:54:11,80,5.8,0.0,5.8,0.00,
10:54:12,80,5.8,0.0,5.8,0.00,
10:54:13,80,5.8,0.0,5.8,0.00,
10:54:14,80,5.8,0.0,5.8,0.00,
10:54:15,80,5.8,0.0,5.8,0.00,
10:54:16,80,5.8,0.0,5.8,0.00,
10:54:18,80,5.8,0.0,5.8,0.00,
10:54:19,80,5.8,0.0,5.8,0.00,
10:54:20,80,5.8,0.0,5.8,0.00,
10:54:21,80,5.8,0.0,5.8,0.00,
10:54:22,80,5.8,0.0,5.8,0.00,
10:54:23,80,5.8,0.0,5.8,0.00,
10:54:24,80,5.8,0.0,5.8,0.00,
10:54:25,80,5.9,0.0,5.9,0.00,
10:54:26,80,5.9,0.0,5.9,0.00,
10:54:27,80,5.9,0.0,5.9,0.00,
10:54:28,80,5.9,0.0,5.9,0.00,
10:54:29,80,5.9,0.0,5.9,0.00,
10:54:30,80,5.9,0.0,5.9,0.00,
10:54:31,80,5.9,0.0,5.9,0.00,
10:54:32,80,5.9,0.0,5.9,0.00,
10:54:33,80,5.9,0.0,5.9,0.00,
10:54:34,80,5.9,0.0,5.9,0.00,
10:54:35,80,5.9,0.0,5.9,0.00,
10:54:36,80,5.9,0.0,5.9,0.00,
10:54:37,80,5.9,0.0,5.9,0.00,
10:54:38,80,5.9,0.0,5.9,0.00,
10:54:39,80,5.9,0.0,5.9,0.00,
10:54:40,80,5.9,0.0,5.9,0.00,
10:54:41,80,5.9,0.0,5.9,0.00,
10:54:42,80,5.9,0.0,5.9,0.00,
10:54:43,80,5.9,0.0,5.9,0.00,
10:54:45,80,5.9,0.0,5.9,0.00,
10:54:46,80,5.9,0.0,5.9,0.00,
10:54:47,80,5.9,0.0,5.9,0.00,
10:54:48,80,5.9,0.0,5.9,0.00,
10:54:49,80,5.9,0.0,5.9,0.00,
10:54:50,80,5.9,0.0,5.9,0.00,
10:54:51,80,5.9,0.0,5.9,0.00,
10:54:52,80,5.9,0.0,5.9,0.00,
10:54:53,80,5.9,0.0,5.9,0.00,
10:54:54,80,5.9,0.0,5.9,0.00,
10:54:55,80,5.9,0.0,5.9,0.00,
10:54:56,80,5.9,0.0,5.9,0.00,
10:54:57,80,5.9,0.0,5.9,0.00,
10:54:58,80,5.9,0.0,5.9,0.00,
10:54:59,80,5.9,0.0,5.9,0.00,
10:55:00,80,5.9,0.0,5.9,0.00,
10:55:01,80,5.9,0.0,5.9,0.00,
10:55:02,80,5.9,0.0,5.9,0.00,
10:55:03,80,5.9,0.0,5.9,0.00,
10:55:04,80,5.9,0.0,5.9,0.00,
10:55:05,80,5.9,0.0,5.9,0.00,
10:55:06,80,5.9,0.0,5.9,0.00,
10:55:07,80,5.9,0.0,5.9,0.00,
10:55:08,80,5.9,0.0,5.9,0.00,
10:55:09,80,5.9,0.0,5.9,0.00,
10:55:10,80,5.9,0.0,5.9,0.00,
10:55:11,80,5.9,0.0,5.9,0.00,
10:55:12,80,5.9,0.0,5.9,0.00,
10:55:13,80,5.9,0.0,5.9,0.00,
10:55:15,80,5.9,0.0,5.9,0.00,
10:55:16,80,5.9,0.0,5.9,0.00,
10:55:17,80,5.9,0.0,5.9,0.00,
10:55:18,80,5.9,0.0,5.9,0.00,
10:55:19,80,5.9,0.0,5.9,0.00,
10:55:20,80,5.9,0.0,5.9,0.00,
10:55:21,80,5.9,0.0,5.9,0.00,
10:55:22,80,5.9,0.0,5.9,0.00,
10:55:23,80,5.9,0.0,5.9,0.00,
10:55:24,80,5.9,0.0,5.9,0.00,
10:55:25,80,8.4,0.0,8.4,0.00,
10:55:26,80,8.4,0.0,8.4,0.00,
10:55:27,80,8.4,0.0,8.4,0.00,
10:55:28,80,8.4,0.0,8.4,0.00,
10:55:29,80,8.4,0.0,8.4,0.00,
10:55:30,80,8.4,0.0,8.4,0.00,
10:55:31,80,8.4,0.0,8.4,0.00,
10:55:32,80,8.4,0.0,8.4,0.00,
10:55:33,80,8.4,0.0,8.4,0.00,
10:55:34,80,8.4,0.0,8.4,0.00,
10:55:35,80,8.4,0.0,8.4,0.00,
10:55:36,80,8.4,0.0,8.4,0.00,
10:55:37,80,8.4,0.0,8.4,0.00,
10:55:38,80,8.4,0.0,8.4,0.00,
10:55:39,80,8.4,0.0,8.4,0.00,
10:55:40,80,8.4,0.0,8.4,0.00,
10:55:41,80,8.4,0.0,8.4,0.00,
10:55:42,80,8.4,0.0,8.4,0.00,
10:55:43,80,8.4,0.0,8.4,0.00,
10:55:44,80,8.4,0.0,8.4,0.00,
10:55:45,80,8.4,0.0,8.4,0.00,
10:55:46,80,8.4,0.0,8.4,0.00,
10:55:48,80,8.4,0.0,8.4,0.00,
10:55:49,80,8.4,0.0,8.4,0.00,
10:55:50,80,8.4,0.0,8.4,0.00,
10:55:51,80,8.4,0.0,8.4,0.00,
10:55:52,80,8.4,0.0,8.4,0.00,
10:55:53,80,8.4,0.0,8.4,0.00,
10:55:54,80,8.4,0.0,8.4,0.00,
10:55:55,80,8.4,0.0,8.4,0.00,
10:55:56,80,8.4,0.0,8.4,0.00,
10:55:57,80,8.4,0.0,8.4,0.00,
10:55:58,80,8.4,0.0,8.4,0.00,
10:55:59,80,8.4,0.0,8.4,0.00,
10:56:00,80,8.4,0.0,8.4,0.00,
10:56:01,80,8.4,0.0,8.4,0.00,
10:56:02,80,8.4,0.0,8.4,0.00,
10:56:03,80,8.4,0.0,8.4,0.00,
10:56:04,80,8.4,0.0,8.4,0.00,
10:56:05,80,8.4,0.0,8.4,0.00,
10:56:06,80,8.4,0.0,8.4,0.00,
10:56:07,80,8.4,0.0,8.4,0.00,
10:56:08,80,8.4,0.0,8.4,0.00,
10:56:09,80,8.4,0.0,8.4,0.00,
10:56:10,80,8.4,0.0,8.4,0.00,
10:56:11,80,8.4,0.0,8.4,0.00,
10:56:12,80,8.4,0.0,8.4,0.00,
10:56:13,80,8.4,0.0,8.4,0.00,
10:56:14,80,8.4,0.0,8.4,0.00,
10:56:15,80,8.4,0.0,8.4,0.00,
10:56:16,80,8.4,0.0,8.4,0.00,
10:56:18,80,8.4,0.0,8.4,0.00,
10:56:19,80,8.4,0.0,8.4,0.00,
10:56:20,80,8.4,0.0,8.4,0.00,
10:56:21,80,8.4,0.0,8.4,0.00,
10:56:22,80,8.4,0.0,8.4,0.00,
10:56:23,80,8.4,0.0,8.4,0.00,
10:56:24,80,8.4,0.0,8.4,0.00,
10:56:25,80,7.7,0.0,7.7,0.00,
10:56:26,80,7.7,0.0,7.7,0.00,
10:56:27,80,7.7,0.0,7.7,0.00,
10:56:28,80,7.7,0.0,7.7,0.00,
10:56:29,80,7.7,0.0,7.7,0.00,
10:56:30,80,7.7,0.0,7.7,0.00,
10:56:31,80,7.7,0.0,7.7,0.00,
10:56:32,80,7.7,0.0,7.7,0.00,
10:56:33,80,7.7,0.0,7.7,0.00,
10:56:34,80,7.7,0.0,7.7,0.00,
10:56:35,80,7.7,0.0,7.7,0.00,
10:56:36,80,7.7,0.0,7.7,0.00,
10:56:37,80,7.7,0.0,7.7,0.00,
10:56:38,80,7.7,0.0,7.7,0.00,
10:56:39,80,7.7,0.0,7.7,0.00,
10:56:40,80,7.7,0.0,7.7,0.00,
10:56:41,80,7.7,0.0,7.7,0.00,
10:56:42,80,7.7,0.0,7.7,0.00,
10:56:43,80,7.7,0.0,7.7,0.00,
10:56:44,80,7.7,0.0,7.7,0.00,
10:56:45,80,7.7,0.0,7.7,0.00,
10:56:47,80,7.7,0.0,7.7,0.00,
10:56:48,80,7.7,0.0,7.7,0.00,
10:56:49,80,7.7,0.0,7.7,0.00,
10:56:50,80,7.7,0.0,7.7,0.00,
10:56:51,80,7.7,0.0,7.7,0.00,
10:56:52,80,7.7,0.0,7.7,0.00,
10:56:53,80,7.7,0.0,7.7,0.00,
10:56:54,80,7.7,0.0,7.7,0.00,
10:56:55,80,7.7,0.0,7.7,0.00,
10:56:56,80,7.7,0.0,7.7,0.00,
10:56:57,80,7.7,0.0,7.7,0.00,
10:56:58,80,7.7,0.0,7.7,0.00,
10:56:59,80,7.7,0.0,7.7,0.00,
10:57:00,80,7.7,0.0,7.7,0.00,
10:57:01,80,7.7,0.0,7.7,0.00,
10:57:02,80,7.7,0.0,7.7,0.00,
10:57:03,80,7.7,0.0,7.7,0.00,
10:57:04,80,7.7,0.0,7.7,0.00,
10:57:05,80,7.7,0.0,7.7,0.00,
10:57:06,80,7.7,0.0,7.7,0.00,
10:57:07,80,7.7,0.0,7.7,0.00,
10:57:08,80,7.7,0.0,7.7,0.00,
10:57:09,80,7.7,0.0,7.7,0.00,
10:57:10,80,7.7,0.0,7.7,0.00,
10:57:11,80,7.7,0.0,7.7,0.00,
10:57:12,80,7.7,0.0,7.7,0.00,
10:57:13,80,7.7,0.0,7.7,0.00,
10:57:15,80,7.7,0.0,7.7,0.00,
10:57:16,80,7.7,0.0,7.7,0.00,
10:57:17,80,7.7,0.0,7.7,0.00,
10:57:18,80,7.7,0.0,7.7,0.00,
10:57:19,80,7.7,0.0,7.7,0.00,
10:57:20,80,7.7,0.0,7.7,0.00,
10:57:21,80,7.7,0.0,7.7,0.00,
10:57:22,80,7.7,0.0,7.7,0.00,
10:57:23,80,7.7,0.0,7.7,0.00,
10:57:24,80,7.7,0.0,7.7,0.00,
10:57:25,80,7.4,0.0,7.4,0.00,
10:57:26,80,7.4,0.0,7.4,0.00,
10:57:27,80,7.4,0.0,7.4,0.00,
10:57:28,80,7.4,0.0,7.4,0.00,
10:57:29,80,7.4,0.0,7.4,0.00,
10:57:30,80,7.4,0.0,7.4,0.00,
10:57:31,80,7.4,0.0,7.4,0.00,
10:57:32,80,7.4,0.0,7.4,0.00,
10:57:33,80,7.4,0.0,7.4,0.00,
10:57:34,80,7.4,0.0,7.4,0.00,
10:57:35,80,7.4,0.0,7.4,0.00,
10:57:36,80,7.4,0.0,7.4,0.00,
10:57:37,80,7.4,0.0,7.4,0.00,
10:57:38,80,7.4,0.0,7.4,0.00,
10:57:39,80,7.4,0.0,7.4,0.00,
10:57:40,80,7.4,0.0,7.4,0.00,
10:57:41,80,7.4,0.0,7.4,0.00,
10:57:43,80,7.4,0.0,7.4,0.00,
10:57:44,80,7.4,0.0,7.4,0.00,
10:57:45,80,7.4,0.0,7.4,0.00,
10:57:46,80,7.4,0.0,7.4,0.00,
10:57:47,80,7.4,0.0,7.4,0.00,
10:57:48,80,7.4,0.0,7.4,0.00,
10:57:49,80,7.4,0.0,7.4,0.00,
10:57:50,80,7.4,0.0,7.4,0.00,
10:57:51,80,7.4,0.0,7.4,0.00,
10:57:52,80,7.4,0.0,7.4,0.00,
10:57:53,80,7.4,0.0,7.4,0.00,
10:57:54,80,7.4,0.0,7.4,0.00,
10:57:55,80,7.4,0.0,7.4,0.00,
10:57:56,80,7.4,0.0,7.4,0.00,
10:57:57,80,7.4,0.0,7.4,0.00,
10:57:58,80,7.4,0.0,7.4,0.00,
10:57:59,80,7.4,0.0,7.4,0.00,
10:58:00,80,7.4,0.0,7.4,0.00,
10:58:01,80,7.4,0.0,7.4,0.00,
10:58:02,80,7.4,0.0,7.4,0.00,
10:58:03,80,7.4,0.0,7.4,0.00,
10:58:04,80,7.4,0.0,7.4,0.00,
10:58:05,80,7.4,0.0,7.4,0.00,
10:58:06,80,7.4,0.0,7.4,0.00,
10:58:07,80,7.4,0.0,7.4,0.00,
10:58:08,80,7.4,0.0,7.4,0.00,
10:58:09,80,7.4,0.0,7.4,0.00,
10:58:10,80,7.4,0.0,7.4,0.00,
10:58:11,80,7.4,0.0,7.4,0.00,
10:58:12,80,7.4,0.0,7.4,0.00,
10:58:13,80,7.4,0.0,7.4,0.00,
10:58:15,80,7.4,0.0,7.4,0.00,
10:58:16,80,7.4,0.0,7.4,0.00,
10:58:17,80,7.4,0.0,7.4,0.00,
10:58:18,80,7.4,0.0,7.4,0.00,
10:58:19,80,7.4,0.0,7.4,0.00,
10:58:20,80,7.4,0.0,7.4,0.00,
10:58:21,80,7.4,0.0,7.4,0.00,
10:58:22,80,7.4,0.0,7.4,0.00,
10:58:23,80,7.4,0.0,7.4,0.00,
10:58:24,80,7.4,0.0,7.4,0.00,
10:58:25,80,6.8,0.0,6.8,0.00,
10:58:26,80,6.8,0.0,6.8,0.00,
10:58:27,80,6.8,0.0,6.8,0.00,
10:58:28,80,6.8,0.0,6.8,0.00,
10:58:29,80,6.8,0.0,6.8,0.00,
10:58:30,80,6.8,0.0,6.8,0.00,
10:58:31,80,6.8,0.0,6.8,0.00,
10:58:32,80,6.8,0.0,6.8,0.00,
10:58:33,80,6.8,0.0,6.8,0.00,
10:58:34,80,6.8,0.0,6.8,0.00,
10:58:35,80,6.8,0.0,6.8,0.00,
10:58:36,80,6.8,0.0,6.8,0.00,
10:58:37,80,6.8,0.0,6.8,0.00,
10:58:38,80,6.8,0.0,6.8,0.00,
10:58:39,80,6.8,0.0,6.8,0.00,
10:58:40,80,6.8,0.0,6.8,0.00,
10:58:41,80,6.8,0.0,6.8,0.00,
10:58:42,80,6.8,0.0,6.8,0.00,
10:58:43,80,6.8,0.0,6.8,0.00,
10:58:44,80,6.8,0.0,6.8,0.00,
10:58:45,80,6.8,0.0,6.8,0.00,
10:58:46,80,6.8,0.0,6.8,0.00,
10:58:47,80,6.8,0.0,6.8,0.00,
10:58:48,80,6.8,0.0,6.8,0.00,
10:58:50,80,6.8,0.0,6.8,0.00,
10:58:51,80,6.8,0.0,6.8,0.00,
10:58:52,80,6.8,0.0,6.8,0.00,
10:58:53,80,6.8,0.0,6.8,0.00,
10:58:54,80,6.8,0.0,6.8,0.00,
10:58:55,80,6.8,0.0,6.8,0.00,
10:58:56,80,6.8,0.0,6.8,0.00,
10:58:57,80,6.8,0.0,6.8,0.00,
10:58:58,80,6.8,0.0,6.8,0.00,
10:58:59,80,6.8,0.0,6.8,0.00,
10:59:00,80,6.8,0.0,6.8,0.00,
10:59:01,80,6.8,0.0,6.8,0.00,
10:59:02,80,6.8,0.0,6.8,0.00,
10:59:03,80,6.8,0.0,6.8,0.00,
10:59:04,80,6.8,0.0,6.8,0.00,
10:59:05,80,6.8,0.0,6.8,0.00,
10:59:06,80,6.8,0.0,6.8,0.00,
10:59:07,80,6.8,0.0,6.8,0.00,
10:59:08,80,6.8,0.0,6.8,0.00,
10:59:09,80,6.8,0.0,6.8,0.00,
10:59:10,80,6.8,0.0,6.8,0.00,
10:59:11,80,6.8,0.0,6.8,0.00,
10:59:12,80,6.8,0.0,6.8,0.00,
10:59:13,80,6.8,0.0,6.8,0.00,
10:59:14,80,6.8,0.0,6.8,0.00,
10:59:15,80,6.8,0.0,6.8,0.00,
10:59:16,80,6.8,0.0,6.8,0.00,
10:59:17,80,6.8,0.0,6.8,0.00,
10:59:18,80,6.8,0.0,6.8,0.00,
10:59:19,80,6.8,0.0,6.8,0.00,
10:59:20,80,6.8,0.0,6.8,0.00,
10:59:22,80,6.8,0.0,6.8,0.00,
10:59:23,80,6.8,0.0,6.8,0.00,
10:59:24,80,6.8,0.0,6.8,0.00,
10:59:25,80,9.5,0.0,9.5,0.00,
10:59:26,80,9.5,0.0,9.5,0.00,
10:59:27,80,9.5,0.0,9.5,0.00,
10:59:28,80,9.5,0.0,9.5,0.00,
10:59:29,80,9.5,0.0,9.5,0.00,
10:59:30,80,9.5,0.0,9.5,0.00,
10:59:31,80,9.5,0.0,9.5,0.00,
10:59:32,80,9.5,0.0,9.5,0.00,
10:59:33,80,9.5,0.0,9.5,0.00,
10:59:34,80,9.5,0.0,9.5,0.00,
10:59:35,80,9.5,0.0,9.5,0.00,
10:59:36,80,9.5,0.0,9.5,0.00,
10:59:37,80,9.5,0.0,9.5,0.00,
10:59:38,80,9.5,0.0,9.5,0.00,
10:59:39,80,9.5,0.0,9.5,0.00,
10:59:40,80,9.5,0.0,9.5,0.00,
10:59:41,80,9.5,0.0,9.5,0.00,
10:59:42,80,9.5,0.0,9.5,0.00,
10:59:43,80,9.5,0.0,9.5,0.00,
10:59:44,80,9.5,0.0,9.5,0.00,
10:59:45,80,9.5,0.0,9.5,0.00,
10:59:46,80,9.5,0.0,9.5,0.00,
10:59:47,80,9.5,0.0,9.5,0.00,
10:59:48,80,9.5,0.0,9.5,0.00,
10:59:49,80,9.5,0.0,9.5,0.00,
10:59:51,80,9.5,0.0,9.5,0.00,
10:59:52,80,9.5,0.0,9.5,0.00,
10:59:53,80,9.5,0.0,9.5,0.00,
10:59:54,80,9.5,0.0,9.5,0.00,
10:59:55,80,9.5,0.0,9.5,0.00,
10:59:56,80,9.5,0.0,9.5,0.00,
10:59:57,80,9.5,0.0,9.5,0.00,
10:59:58,80,9.5,0.0,9.5,0.00,
10:59:59,80,9.5,0.0,9.5,0.00,
11:00:00,80,9.5,0.0,9.5,0.00,
11:00:01,80,9.5,0.0,9.5,0.00,
11:00:02,80,9.5,0.0,9.5,0.00,
11:00:03,80,9.5,0.0,9.5,0.00,
11:00:04,80,9.5,0.0,9.5,0.00,
11:00:05,80,9.5,0.0,9.5,0.00,
11:00:06,80,9.5,0.0,9.5,0.00,
11:00:07,80,9.5,0.0,9.5,0.00,
11:00:08,80,9.5,0.0,9.5,0.00,
11:00:09,80,9.5,0.0,9.5,0.00,
11:00:10,80,9.5,0.0,9.5,0.00,
11:00:11,80,9.5,0.0,9.5,0.00,
11:00:12,80,9.5,0.0,9.5,0.00,
11:00:13,80,9.5,0.0,9.5,0.00,
11:00:14,80,9.5,0.0,9.5,0.00,
11:00:15,80,9.5,0.0,9.5,0.00,
11:00:16,80,9.5,0.0,9.5,0.00,
11:00:17,80,9.5,0.0,9.5,0.00,
11:00:18,80,9.5,0.0,9.5,0.00,
11:00:19,80,9.5,0.0,9.5,0.00,
11:00:20,80,9.5,0.0,9.5,0.00,
11:00:21,80,9.5,0.0,9.5,0.00,
11:00:22,80,9.5,0.0,9.5,0.00,
11:00:24,80,9.5,0.0,9.5,0.00,
11:00:25,80,9.5,0.0,9.5,0.00,
11:00:26,80,6.1,0.0,6.1,0.00,
11:00:27,80,6.1,0.0,6.1,0.00,
11:00:28,80,6.1,0.0,6.1,0.00,
11:00:29,80,6.1,0.0,6.1,0.00,
11:00:30,80,6.1,0.0,6.1,0.00,
11:00:31,80,6.1,0.0,6.1,0.00,
11:00:32,80,6.1,0.0,6.1,0.00,
11:00:33,80,6.1,0.0,6.1,0.00,
11:00:34,80,6.1,0.0,6.1,0.00,
11:00:35,80,6.1,0.0,6.1,0.00,
11:00:36,80,6.1,0.0,6.1,0.00,
11:00:37,80,6.1,0.0,6.1,0.00,
11:00:38,80,6.1,0.0,6.1,0.00,
11:00:39,80,6.1,0.0,6.1,0.00,
11:00:40,80,6.1,0.0,6.1,0.00,
11:00:41,80,6.1,0.0,6.1,0.00,
11:00:42,80,6.1,0.0,6.1,0.00,
11:00:43,80,6.1,0.0,6.1,0.00,
11:00:44,80,6.1,0.0,6.1,0.00,
11:00:45,80,6.1,0.0,6.1,0.00,
11:00:46,80,6.1,0.0,6.1,0.00,
11:00:47,80,6.1,0.0,6.1,0.00,
11:00:48,80,6.1,0.0,6.1,0.00,
11:00:49,80,6.1,0.0,6.1,0.00,
11:00:50,80,6.1,0.0,6.1,0.00,
11:00:51,80,6.1,0.0,6.1,0.00,
11:00:52,80,6.1,0.0,6.1,0.00,
11:00:53,80,6.1,0.0,6.1,0.00,
11:00:54,80,6.1,0.0,6.1,0.00,
11:00:55,80,6.1,0.0,6.1,0.00,
11:00:56,80,6.1,0.0,6.1,0.00,
11:00:57,80,6.1,0.0,6.1,0.00,
11:00:58,80,6.1,0.0,6.1,0.00,
11:00:59,80,6.1,0.0,6.1,0.00,
11:01:00,80,6.1,0.0,6.1,0.00,
11:01:01,80,6.1,0.0,6.1,0.00,
11:01:03,80,6.1,0.0,6.1,0.00,
11:01:04,80,6.1,0.0,6.1,0.00,
11:01:05,80,6.1,0.0,6.1,0.00,
11:01:06,80,6.1,0.0,6.1,0.00,
11:01:07,80,6.1,0.0,6.1,0.00,
11:01:08,80,6.1,0.0,6.1,0.00,
11:01:09,80,6.1,0.0,6.1,0.00,
11:01:10,80,6.1,0.0,6.1,0.00,
11:01:11,80,6.1,0.0,6.1,0.00,
11:01:12,80,6.1,0.0,6.1,0.00,
11:01:13,80,6.1,0.0,6.1,0.00,
11:01:14,80,6.1,0.0,6.1,0.00,
11:01:15,80,6.1,0.0,6.1,0.00,
11:01:16,80,6.1,0.0,6.1,0.00,
11:01:17,80,6.1,0.0,6.1,0.00,
11:01:18,80,6.1,0.0,6.1,0.00,
11:01:19,80,6.1,0.0,6.1,0.00,
11:01:20,80,6.1,0.0,6.1,0.00,
11:01:21,80,6.1,0.0,6.1,0.00,
11:01:22,80,6.1,0.0,6.1,0.00,
11:01:23,80,6.1,0.0,6.1,0.00,
11:01:24,80,6.1,0.0,6.1,0.00,
11:01:25,80,8.0,0.0,8.0,0.00,
11:01:26,80,8.0,0.0,8.0,0.00,
11:01:27,80,8.0,0.0,8.0,0.00,
11:01:28,80,8.0,0.0,8.0,0.00,
11:01:29,80,8.0,0.0,8.0,0.00,
11:01:30,80,8.0,0.0,8.0,0.00,
11:01:31,80,8.0,0.0,8.0,0.00,
11:01:32,80,8.0,0.0,8.0,0.00,
11:01:33,80,8.0,0.0,8.0,0.00,
11:01:34,80,8.0,0.0,8.0,0.00,
11:01:35,80,8.0,0.0,8.0,0.00,
11:01:36,80,8.0,0.0,8.0,0.00,
11:01:37,80,8.0,0.0,8.0,0.00,
11:01:39,80,8.0,0.0,8.0,0.00,
11:01:40,80,8.0,0.0,8.0,0.00,
11:01:41,80,8.0,0.0,8.0,0.00,
11:01:42,80,8.0,0.0,8.0,0.00,
11:01:43,80,8.0,0.0,8.0,0.00,
11:01:44,80,8.0,0.0,8.0,0.00,
11:01:45,80,8.0,0.0,8.0,0.00,
11:01:46,80,8.0,0.0,8.0,0.00,
11:01:47,80,8.0,0.0,8.0,0.00,
11:01:48,80,8.0,0.0,8.0,0.00,
11:01:49,80,8.0,0.0,8.0,0.00,
11:01:50,80,8.0,0.0,8.0,0.00,
11:01:51,80,8.0,0.0,8.0,0.00,
11:01:52,80,8.0,0.0,8.0,0.00,
11:01:53,80,8.0,0.0,8.0,0.00,
11:01:54,80,8.0,0.0,8.0,0.00,
11:01:55,80,8.0,0.0,8.0,0.00,
11:01:56,80,8.0,0.0,8.0,0.00,
11:01:57,80,8.0,0.0,8.0,0.00,
11:01:58,80,8.0,0.0,8.0,0.00,
11:01:59,80,8.0,0.0,8.0,0.00,
11:02:00,80,8.0,0.0,8.0,0.00,
11:02:01,80,8.0,0.0,8.0,0.00,
11:02:02,80,8.0,0.0,8.0,0.00,
11:02:03,80,8.0,0.0,8.0,0.00,
11:02:04,80,8.0,0.0,8.0,0.00,
11:02:05,80,8.0,0.0,8.0,0.00,
11:02:06,80,8.0,0.0,8.0,0.00,
11:02:07,80,8.0,0.0,8.0,0.00,
11:02:08,80,8.0,0.0,8.0,0.00,
11:02:09,80,8.0,0.0,8.0,0.00,
11:02:10,80,8.0,0.0,8.0,0.00,
11:02:11,80,8.0,0.0,8.0,0.00,
11:02:13,80,8.0,0.0,8.0,0.00,
11:02:14,80,8.0,0.0,8.0,0.00,
11:02:15,80,8.0,0.0,8.0,0.00,
11:02:16,80,8.0,0.0,8.0,0.00,
11:02:17,80,8.0,0.0,8.0,0.00,
11:02:18,80,8.0,0.0,8.0,0.00,
11:02:19,80,8.0,0.0,8.0,0.00,
11:02:20,80,8.0,0.0,8.0,0.00,
11:02:21,80,8.0,0.0,8.0,0.00,
11:02:22,80,8.0,0.0,8.0,0.00,
11:02:23,80,8.0,0.0,8.0,0.00,
11:02:24,80,8.0,0.0,8.0,0.00,
11:02:25,80,7.0,0.0,7.0,0.00,
11:02:26,80,7.0,0.0,7.0,0.00,
11:02:27,80,7.0,0.0,7.0,0.00,
11:02:28,80,7.0,0.0,7.0,0.00,
11:02:29,80,7.0,0.0,7.0,0.00,
11:02:30,80,7.0,0.0,7.0,0.00,
11:02:31,80,7.0,0.0,7.0,0.00,
11:02:32,80,7.0,0.0,7.0,0.00,
11:02:33,80,7.0,0.0,7.0,0.00,
11:02:34,80,7.0,0.0,7.0,0.00,
11:02:35,80,7.0,0.0,7.0,0.00,
11:02:36,80,7.0,0.0,7.0,0.00,
11:02:37,80,7.0,0.0,7.0,0.00,
11:02:38,80,7.0,0.0,7.0,0.00,
11:02:39,80,7.0,0.0,7.0,0.00,
11:02:40,80,7.0,0.0,7.0,0.00,
11:02:41,80,7.0,0.0,7.0,0.00,
11:02:42,80,7.0,0.0,7.0,0.00,
11:02:43,80,7.0,0.0,7.0,0.00,
11:02:44,80,7.0,0.0,7.0,0.00,
11:02:45,80,7.0,0.0,7.0,0.00,
11:02:47,80,7.0,0.0,7.0,0.00,
11:02:48,80,7.0,0.0,7.0,0.00,
11:02:49,80,7.0,0.0,7.0,0.00,
11:02:50,80,7.0,0.0,7.0,0.00,
11:02:51,80,7.0,0.0,7.0,0.00,
11:02:52,80,7.0,0.0,7.0,0.00,
11:02:53,80,7.0,0.0,7.0,0.00,
11:02:54,80,7.0,0.0,7.0,0.00,
11:02:55,80,7.0,0.0,7.0,0.00,
11:02:56,80,7.0,0.0,7.0,0.00,
11:02:57,80,7.0,0.0,7.0,0.00,
11:02:58,80,7.0,0.0,7.0,0.00,
11:02:59,80,7.0,0.0,7.0,0.00,
11:03:00,80,7.0,0.0,7.0,0.00,
11:03:01,80,7.0,0.0,7.0,0.00,
11:03:02,80,7.0,0.0,7.0,0.00,
11:03:03,80,7.0,0.0,7.0,0.00,
11:03:04,80,7.0,0.0,7.0,0.00,
11:03:05,80,7.0,0.0,7.0,0.00,
11:03:06,80,7.0,0.0,7.0,0.00,
11:03:07,80,7.0,0.0,7.0,0.00,
11:03:08,80,7.0,0.0,7.0,0.00,
11:03:09,80,7.0,0.0,7.0,0.00,
11:03:10,80,7.0,0.0,7.0,0.00,
11:03:11,80,7.0,0.0,7.0,0.00,
11:03:12,80,7.0,0.0,7.0,0.00,
11:03:13,80,7.0,0.0,7.0,0.00,
11:03:14,80,7.0,0.0,7.0,0.00,
11:03:15,80,7.0,0.0,7.0,0.00,
11:03:16,80,7.0,0.0,7.0,0.00,
11:03:17,80,7.0,0.0,7.0,0.00,
11:03:18,80,7.0,0.0,7.0,0.00,
11:03:20,80,7.0,0.0,7.0,0.00,
11:03:21,80,7.0,0.0,7.0,0.00,
11:03:22,80,7.0,0.0,7.0,0.00,
11:03:23,80,7.0,0.0,7.0,0.00,
11:03:24,80,7.0,0.0,7.0,0.00,
11:03:25,80,5.2,0.0,5.2,0.00,
11:03:26,80,5.2,0.0,5.2,0.00,
11:03:27,80,5.2,0.0,5.2,0.00,
11:03:28,80,5.2,0.0,5.2,0.00,
11:03:29,80,5.2,0.0,5.2,0.00,
11:03:30,80,5.2,0.0,5.2,0.00,
11:03:31,80,5.2,0.0,5.2,0.00,
11:03:32,80,5.2,0.0,5.2,0.00,
11:03:33,80,5.2,0.0,5.2,0.00,
11:03:34,80,5.2,0.0,5.2,0.00,
11:03:35,80,5.2,0.0,5.2,0.00,
11:03:36,80,5.2,0.0,5.2,0.00,
11:03:37,80,5.2,0.0,5.2,0.00,
11:03:38,80,5.2,0.0,5.2,0.00,
11:03:39,80,5.2,0.0,5.2,0.00,
11:03:40,80,5.2,0.0,5.2,0.00,
11:03:41,80,5.2,0.0,5.2,0.00,
11:03:42,80,5.2,0.0,5.2,0.00,
11:03:43,80,5.2,0.0,5.2,0.00,
11:03:44,80,5.2,0.0,5.2,0.00,
11:03:45,80,5.2,0.0,5.2,0.00,
11:03:46,80,5.2,0.0,5.2,0.00,
11:03:47,80,5.2,0.0,5.2,0.00,
11:03:49,80,5.2,0.0,5.2,0.00,
11:03:50,80,5.2,0.0,5.2,0.00,
11:03:51,80,5.2,0.0,5.2,0.00,
11:03:52,80,5.2,0.0,5.2,0.00,
11:03:53,80,5.2,0.0,5.2,0.00,
11:03:54,80,5.2,0.0,5.2,0.00,
11:03:55,80,5.2,0.0,5.2,0.00,
11:03:56,80,5.2,0.0,5.2,0.00,
11:03:57,80,5.2,0.0,5.2,0.00,
11:03:58,80,5.2,0.0,5.2,0.00,
11:03:59,80,5.2,0.0,5.2,0.00,
11:04:00,80,5.2,0.0,5.2,0.00,
11:04:01,80,5.2,0.0,5.2,0.00,
11:04:02,80,5.2,0.0,5.2,0.00,
11:04:03,80,5.2,0.0,5.2,0.00,
11:04:04,80,5.2,0.0,5.2,0.00,
11:04:05,80,5.2,0.0,5.2,0.00,
11:04:06,80,5.2,0.0,5.2,0.00,
11:04:07,80,5.2,0.0,5.2,0.00,
11:04:08,80,5.2,0.0,5.2,0.00,
11:04:09,80,5.2,0.0,5.2,0.00,
11:04:10,80,5.2,0.0,5.2,0.00,
11:04:11,80,5.2,0.0,5.2,0.00,
11:04:12,80,5.2,0.0,5.2,0.00,
11:04:13,80,5.2,0.0,5.2,0.00,
11:04:15,80,5.2,0.0,5.2,0.00,
11:04:16,80,5.2,0.0,5.2,0.00,
11:04:17,80,5.2,0.0,5.2,0.00,
11:04:18,80,5.2,0.0,5.2,0.00,
11:04:19,80,5.2,0.0,5.2,0.00,
11:04:20,80,5.2,0.0,5.2,0.00,
11:04:21,80,5.2,0.0,5.2,0.00,
11:04:22,80,5.2,0.0,5.2,0.00,
11:04:23,80,5.2,0.0,5.2,0.00,
11:04:24,80,5.2,0.0,5.2,0.00,
11:04:25,80,5.7,0.0,5.7,0.00,
11:04:26,80,5.7,0.0,5.7,0.00,
11:04:27,80,5.7,0.0,5.7,0.00,
11:04:28,80,5.7,0.0,5.7,0.00,
11:04:29,80,5.7,0.0,5.7,0.00,
11:04:30,80,5.7,0.0,5.7,0.00,
11:04:31,80,5.7,0.0,5.7,0.00,
11:04:32,80,5.7,0.0,5.7,0.00,
11:04:33,80,5.7,0.0,5.7,0.00,
11:04:34,80,5.7,0.0,5.7,0.00,
11:04:35,80,5.7,0.0,5.7,0.00,
11:04:36,80,5.7,0.0,5.7,0.00,
11:04:37,80,5.7,0.0,5.7,0.00,
11:04:38,80,5.7,0.0,5.7,0.00,
11:04:40,80,5.7,0.0,5.7,0.00,
11:04:41,80,5.7,0.0,5.7,0.00,
11:04:42,80,5.7,0.0,5.7,0.00,
11:04:43,80,5.7,0.0,5.7,0.00,
11:04:44,80,5.7,0.0,5.7,0.00,
11:04:45,80,5.7,0.0,5.7,0.00,
11:04:46,80,5.7,0.0,5.7,0.00,
11:04:47,80,5.7,0.0,5.7,0.00,
11:04:48,80,5.7,0.0,5.7,0.00,
11:04:49,80,5.7,0.0,5.7,0.00,
11:04:50,80,5.7,0.0,5.7,0.00,
11:04:51,80,5.7,0.0,5.7,0.00,
11:04:52,80,5.7,0.0,5.7,0.00,
11:04:53,80,5.7,0.0,5.7,0.00,
11:04:54,80,5.7,0.0,5.7,0.00,
11:04:55,80,5.7,0.0,5.7,0.00,
11:04:56,80,5.7,0.0,5.7,0.00,
11:04:57,80,5.7,0.0,5.7,0.00,
11:04:58,80,5.7,0.0,5.7,0.00,
11:04:59,80,5.7,0.0,5.7,0.00,
11:05:00,80,5.7,0.0,5.7,0.00,
11:05:01,80,5.7,0.0,5.7,0.00,
11:05:02,80,5.7,0.0,5.7,0.00,
11:05:03,80,5.7,0.0,5.7,0.00,
11:05:04,80,5.7,0.0,5.7,0.00,
11:05:05,80,5.7,0.0,5.7,0.00,
11:05:06,80,5.7,0.0,5.7,0.00,
11:05:07,80,5.7,0.0,5.7,0.00,
11:05:08,80,5.7,0.0,5.7,0.00,
11:05:09,80,5.7,0.0,5.7,0.00,
11:05:11,80,5.7,0.0,5.7,0.00,
11:05:12,80,5.7,0.0,5.7,0.00,
11:05:13,80,5.7,0.0,5.7,0.00,
11:05:14,80,5.7,0.0,5.7,0.00,
11:05:15,80,5.7,0.0,5.7,0.00,
11:05:16,80,5.7,0.0,5.7,0.00,
11:05:17,80,5.7,0.0,5.7,0.00,
11:05:18,80,5.7,0.0,5.7,0.00,
11:05:19,80,5.7,0.0,5.7,0.00,
11:05:20,80,5.7,0.0,5.7,0.00,
11:05:21,80,5.7,0.0,5.7,0.00,
11:05:22,80,5.7,0.0,5.7,0.00,
11:05:23,80,5.7,0.0,5.7,0.00,
11:05:24,80,5.7,0.0,5.7,0.00,
11:05:25,80,6.8,0.0,6.8,0.00,
11:05:26,80,6.8,0.0,6.8,0.00,
11:05:27,80,6.8,0.0,6.8,0.00,
11:05:28,80,6.8,0.0,6.8,0.00,
11:05:29,80,6.8,0.0,6.8,0.00,
11:05:30,80,6.8,0.0,6.8,0.00,
11:05:31,80,6.8,0.0,6.8,0.00,
11:05:32,80,6.8,0.0,6.8,0.00,
11:05:33,80,6.8,0.0,6.8,0.00,
11:05:34,80,6.8,0.0,6.8,0.00,
11:05:35,80,6.8,0.0,6.8,0.00,
11:05:36,80,6.8,0.0,6.8,0.00,
11:05:37,80,6.8,0.0,6.8,0.00,
11:05:38,80,6.8,0.0,6.8,0.00,
11:05:39,80,6.8,0.0,6.8,0.00,
11:05:40,80,6.8,0.0,6.8,0.00,
11:05:41,80,6.8,0.0,6.8,0.00,
11:05:42,80,6.8,0.0,6.8,0.00,
11:05:44,80,6.8,0.0,6.8,0.00,
11:05:45,80,6.8,0.0,6.8,0.00,
11:05:46,80,6.8,0.0,6.8,0.00,
11:05:47,80,6.8,0.0,6.8,0.00,
11:05:48,80,6.8,0.0,6.8,0.00,
11:05:49,80,6.8,0.0,6.8,0.00,
11:05:50,80,6.8,0.0,6.8,0.00,
11:05:51,80,6.8,0.0,6.8,0.00,
11:05:52,80,6.8,0.0,6.8,0.00,
11:05:53,80,6.8,0.0,6.8,0.00,
11:05:54,80,6.8,0.0,6.8,0.00,
11:05:55,80,6.8,0.0,6.8,0.00,
11:05:56,80,6.8,0.0,6.8,0.00,
11:05:57,80,6.8,0.0,6.8,0.00,
11:05:58,80,6.8,0.0,6.8,0.00,
11:05:59,80,6.8,0.0,6.8,0.00,
11:06:00,80,6.8,0.0,6.8,0.00,
11:06:01,80,6.8,0.0,6.8,0.00,
11:06:02,80,6.8,0.0,6.8,0.00,
11:06:03,80,6.8,0.0,6.8,0.00,
11:06:04,80,6.8,0.0,6.8,0.00,
11:06:05,80,6.8,0.0,6.8,0.00,
11:06:06,80,6.8,0.0,6.8,0.00,
11:06:07,80,6.8,0.0,6.8,0.00,
11:06:08,80,6.8,0.0,6.8,0.00,
11:06:09,80,6.8,0.0,6.8,0.00,
11:06:10,80,6.8,0.0,6.8,0.00,
11:06:11,80,6.8,0.0,6.8,0.00,
11:06:12,80,6.8,0.0,6.8,0.00,
11:06:13,80,6.8,0.0,6.8,0.00,
11:06:15,80,6.8,0.0,6.8,0.00,
11:06:16,80,6.8,0.0,6.8,0.00,
11:06:17,80,6.8,0.0,6.8,0.00,
11:06:18,80,6.8,0.0,6.8,0.00,
11:06:19,80,6.8,0.0,6.8,0.00,
11:06:20,80,6.8,0.0,6.8,0.00,
11:06:21,80,6.8,0.0,6.8,0.00,
11:06:22,80,6.8,0.0,6.8,0.00,
11:06:23,80,6.8,0.0,6.8,0.00,
11:06:24,80,6.8,0.0,6.8,0.00,
11:06:25,80,6.6,0.0,6.6,0.00,
11:06:26,80,6.6,0.0,6.6,0.00,
11:06:27,80,6.6,0.0,6.6,0.00,
11:06:28,80,6.6,0.0,6.6,0.00,
11:06:29,80,6.6,0.0,6.6,0.00,
11:06:30,80,6.6,0.0,6.6,0.00,
11:06:31,80,6.6,0.0,6.6,0.00,
11:06:32,80,6.6,0.0,6.6,0.00,
11:06:33,80,6.6,0.0,6.6,0.00,
11:06:34,80,6.6,0.0,6.6,0.00,
11:06:35,80,6.6,0.0,6.6,0.00,
11:06:36,80,6.6,0.0,6.6,0.00,
11:06:37,80,6.6,0.0,6.6,0.00,
11:06:38,80,6.6,0.0,6.6,0.00,
11:06:39,80,6.6,0.0,6.6,0.00,
11:06:40,80,6.6,0.0,6.6,0.00,
11:06:41,80,6.6,0.0,6.6,0.00,
11:06:42,80,6.6,0.0,6.6,0.00,
11:06:43,80,6.6,0.0,6.6,0.00,
11:06:44,80,6.6,0.0,6.6,0.00,
11:06:46,80,6.6,0.0,6.6,0.00,
11:06:47,80,6.6,0.0,6.6,0.00,
11:06:48,80,6.6,0.0,6.6,0.00,
11:06:49,80,6.6,0.0,6.6,0.00,
11:06:50,80,6.6,0.0,6.6,0.00,
11:06:51,80,6.6,0.0,6.6,0.00,
11:06:52,80,6.6,0.0,6.6,0.00,
11:06:53,80,6.6,0.0,6.6,0.00,
11:06:54,80,6.6,0.0,6.6,0.00,
11:06:55,80,6.6,0.0,6.6,0.00,
11:06:56,80,6.6,0.0,6.6,0.00,
11:06:57,80,6.6,0.0,6.6,0.00,
11:06:58,80,6.6,0.0,6.6,0.00,
11:06:59,80,6.6,0.0,6.6,0.00,
11:07:00,80,6.6,0.0,6.6,0.00,
11:07:01,80,6.6,0.0,6.6,0.00,
11:07:02,80,6.6,0.0,6.6,0.00,
11:07:03,80,6.6,0.0,6.6,0.00,
11:07:04,80,6.6,0.0,6.6,0.00,
11:07:05,80,6.6,0.0,6.6,0.00,
11:07:06,80,6.6,0.0,6.6,0.00,
11:07:07,80,6.6,0.0,6.6,0.00,
11:07:08,80,6.6,0.0,6.6,0.00,
11:07:09,80,6.6,0.0,6.6,0.00,
11:07:10,80,6.6,0.0,6.6,0.00,
11:07:11,80,6.6,0.0,6.6,0.00,
11:07:12,80,6.6,0.0,6.6,0.00,
11:07:13,80,6.6,0.0,6.6,0.00,
11:07:14,80,6.6,0.0,6.6,0.00,
11:07:15,80,6.6,0.0,6.6,0.00,
11:07:16,80,6.6,0.0,6.6,0.00,
11:07:18,80,6.6,0.0,6.6,0.00,
11:07:19,80,6.6,0.0,6.6,0.00,
11:07:20,80,6.6,0.0,6.6,0.00,
11:07:21,80,6.6,0.0,6.6,0.00,
11:07:22,80,6.6,0.0,6.6,0.00,
11:07:23,80,6.6,0.0,6.6,0.00,
11:07:24,80,6.6,0.0,6.6,0.00,
11:07:25,80,5.8,0.0,5.8,0.00,
11:07:26,80,5.8,0.0,5.8,0.00,
11:07:27,80,5.8,0.0,5.8,0.00,
11:07:28,80,5.8,0.0,5.8,0.00,
11:07:29,80,5.8,0.0,5.8,0.00,
11:07:30,80,5.8,0.0,5.8,0.00,
11:07:31,80,5.8,0.0,5.8,0.00,
11:07:32,80,5.8,0.0,5.8,0.00,
11:07:33,80,5.8,0.0,5.8,0.00,
11:07:34,80,5.8,0.0,5.8,0.00,
11:07:35,80,5.8,0.0,5.8,0.00,
11:07:36,80,5.8,0.0,5.8,0.00,
11:07:37,80,5.8,0.0,5.8,0.00,
11:07:38,80,5.8,0.0,5.8,0.00,
11:07:39,80,5.8,0.0,5.8,0.00,
11:07:40,80,5.8,0.0,5.8,0.00,
11:07:41,80,5.8,0.0,5.8,0.00,
11:07:42,80,5.8,0.0,5.8,0.00,
11:07:43,80,5.8,0.0,5.8,0.00,
11:07:44,80,5.8,0.0,5.8,0.00,
11:07:45,80,5.8,0.0,5.8,0.00,
11:07:46,80,5.8,0.0,5.8,0.00,
11:07:47,80,5.8,0.0,5.8,0.00,
11:07:49,80,5.8,0.0,5.8,0.00,
11:07:50,80,5.8,0.0,5.8,0.00,
11:07:51,80,5.8,0.0,5.8,0.00,
11:07:52,80,5.8,0.0,5.8,0.00,
11:07:53,80,5.8,0.0,5.8,0.00,
11:07:54,80,5.8,0.0,5.8,0.00,
11:07:55,80,5.8,0.0,5.8,0.00,
11:07:56,80,5.8,0.0,5.8,0.00,
11:07:57,80,5.8,0.0,5.8,0.00,
11:07:58,80,5.8,0.0,5.8,0.00,
11:07:59,80,5.8,0.0,5.8,0.00,
11:08:00,80,5.8,0.0,5.8,0.00,
11:08:01,80,5.8,0.0,5.8,0.00,
11:08:02,80,5.8,0.0,5.8,0.00,
11:08:03,80,5.8,0.0,5.8,0.00,
11:08:04,80,5.8,0.0,5.8,0.00,
11:08:05,80,5.8,0.0,5.8,0.00,
11:08:06,80,5.8,0.0,5.8,0.00,
11:08:07,80,5.8,0.0,5.8,0.00,
11:08:08,80,5.8,0.0,5.8,0.00,
11:08:09,80,5.8,0.0,5.8,0.00,
11:08:10,80,5.8,0.0,5.8,0.00,
11:08:11,80,5.8,0.0,5.8,0.00,
11:08:12,80,5.8,0.0,5.8,0.00,
11:08:13,80,5.8,0.0,5.8,0.00,
11:08:14,80,5.8,0.0,5.8,0.00,
11:08:15,80,5.8,0.0,5.8,0.00,
11:08:16,80,5.8,0.0,5.8,0.00,
11:08:17,80,5.8,0.0,5.8,0.00,
11:08:18,80,5.8,0.0,5.8,0.00,
11:08:19,80,5.8,0.0,5.8,0.00,
11:08:20,80,5.8,0.0,5.8,0.00,
11:08:21,80,5.8,0.0,5.8,0.00,
11:08:23,80,5.8,0.0,5.8,0.00,
11:08:24,80,5.8,0.0,5.8,0.00,
11:08:25,80,6.0,0.0,6.0,0.00,
11:08:26,80,6.0,0.0,6.0,0.00,
11:08:27,80,6.0,0.0,6.0,0.00,
11:08:28,80,6.0,0.0,6.0,0.00,
11:08:29,80,6.0,0.0,6.0,0.00,
11:08:30,80,6.0,0.0,6.0,0.00,
11:08:31,80,6.0,0.0,6.0,0.00,
11:08:32,80,6.0,0.0,6.0,0.00,
11:08:33,80,6.0,0.0,6.0,0.00,
11:08:34,80,6.0,0.0,6.0,0.00,
11:08:35,80,6.0,0.0,6.0,0.00,
11:08:36,80,6.0,0.0,6.0,0.00,
11:08:37,80,6.0,0.0,6.0,0.00,
11:08:38,80,6.0,0.0,6.0,0.00,
11:08:39,80,6.0,0.0,6.0,0.00,
11:08:40,80,6.0,0.0,6.0,0.00,
11:08:41,80,6.0,0.0,6.0,0.00,
11:08:42,80,6.0,0.0,6.0,0.00,
11:08:43,80,6.0,0.0,6.0,0.00,
11:08:44,80,6.0,0.0,6.0,0.00,
11:08:45,80,6.0,0.0,6.0,0.00,
11:08:46,80,6.0,0.0,6.0,0.00,
11:08:47,80,6.0,0.0,6.0,0.00,
11:08:48,80,6.0,0.0,6.0,0.00,
11:08:49,80,6.0,0.0,6.0,0.00,
11:08:50,80,6.0,0.0,6.0,0.00,
11:08:51,80,6.0,0.0,6.0,0.00,
11:08:52,80,6.0,0.0,6.0,0.00,
11:08:53,80,6.0,0.0,6.0,0.00,
11:08:54,80,6.0,0.0,6.0,0.00,
11:08:55,80,6.0,0.0,6.0,0.00,
11:08:56,80,6.0,0.0,6.0,0.00,
11:08:58,80,6.0,0.0,6.0,0.00,
11:08:59,80,6.0,0.0,6.0,0.00,
11:09:00,80,6.0,0.0,6.0,0.00,
11:09:01,80,6.0,0.0,6.0,0.00,
11:09:02,80,6.0,0.0,6.0,0.00,
11:09:03,80,6.0,0.0,6.0,0.00,
11:09:04,80,6.0,0.0,6.0,0.00,
11:09:05,80,6.0,0.0,6.0,0.00,
11:09:06,80,6.0,0.0,6.0,0.00,
11:09:07,80,6.0,0.0,6.0,0.00,
11:09:08,80,6.0,0.0,6.0,0.00,
11:09:09,80,6.0,0.0,6.0,0.00,
11:09:10,80,6.0,0.0,6.0,0.00,
11:09:11,80,6.0,0.0,6.0,0.00,
11:09:12,80,6.0,0.0,6.0,0.00,
11:09:13,80,6.0,0.0,6.0,0.00,
11:09:14,80,6.0,0.0,6.0,0.00,
11:09:15,80,6.0,0.0,6.0,0.00,
11:09:16,80,6.0,0.0,6.0,0.00,
11:09:17,80,6.0,0.0,6.0,0.00,
11:09:18,80,6.0,0.0,6.0,0.00,
11:09:19,80,6.0,0.0,6.0,0.00,
11:09:20,80,6.0,0.0,6.0,0.00,
11:09:21,80,6.0,0.0,6.0,0.00,
11:09:22,80,6.0,0.0,6.0,0.00,
11:09:23,80,6.0,0.0,6.0,0.00,
11:09:24,80,6.0,0.0,6.0,0.00,
11:09:25,80,6.7,0.0,6.7,0.00,
11:09:26,80,6.7,0.0,6.7,0.00,
11:09:27,80,6.7,0.0,6.7,0.00,
11:09:28,80,6.7,0.0,6.7,0.00,
11:09:30,80,6.7,0.0,6.7,0.00,
11:09:31,80,6.7,0.0,6.7,0.00,
11:09:32,80,6.7,0.0,6.7,0.00,
11:09:33,80,6.7,0.0,6.7,0.00,
11:09:34,80,6.7,0.0,6.7,0.00,
11:09:35,80,6.7,0.0,6.7,0.00,
11:09:36,80,6.7,0.0,6.7,0.00,
11:09:37,80,6.7,0.0,6.7,0.00,
11:09:38,80,6.7,0.0,6.7,0.00,
11:09:39,80,6.7,0.0,6.7,0.00,
11:09:40,80,6.7,0.0,6.7,0.00,
11:09:41,80,6.7,0.0,6.7,0.00,
11:09:42,80,6.7,0.0,6.7,0.00,
11:09:43,80,6.7,0.0,6.7,0.00,
11:09:44,80,6.7,0.0,6.7,0.00,
11:09:45,80,6.7,0.0,6.7,0.00,
11:09:46,80,6.7,0.0,6.7,0.00,
11:09:47,80,6.7,0.0,6.7,0.00,
11:09:48,80,6.7,0.0,6.7,0.00,
11:09:49,80,6.7,0.0,6.7,0.00,
11:09:50,80,6.7,0.0,6.7,0.00,
11:09:51,80,6.7,0.0,6.7,0.00,
11:09:52,80,6.7,0.0,6.7,0.00,
11:09:53,80,6.7,0.0,6.7,0.00,
11:09:54,80,6.7,0.0,6.7,0.00,
11:09:55,80,6.7,0.0,6.7,0.00,
11:09:56,80,6.7,0.0,6.7,0.00,
11:09:57,80,6.7,0.0,6.7,0.00,
11:09:58,80,6.7,0.0,6.7,0.00,
11:09:59,80,6.7,0.0,6.7,0.00,
11:10:00,80,6.7,0.0,6.7,0.00,
11:10:01,80,6.7,0.0,6.7,0.00,
11:10:03,80,6.7,0.0,6.7,0.00,
11:10:04,80,6.7,0.0,6.7,0.00,
11:10:05,80,6.7,0.0,6.7,0.00,
11:10:06,80,6.7,0.0,6.7,0.00,
11:10:07,80,6.7,0.0,6.7,0.00,
11:10:08,80,6.7,0.0,6.7,0.00,
11:10:09,80,6.7,0.0,6.7,0.00,
11:10:10,80,6.7,0.0,6.7,0.00,
11:10:11,80,6.7,0.0,6.7,0.00,
11:10:12,80,6.7,0.0,6.7,0.00,
11:10:13,80,6.7,0.0,6.7,0.00,
11:10:14,80,6.7,0.0,6.7,0.00,
11:10:15,80,6.7,0.0,6.7,0.00,
11:10:16,80,6.7,0.0,6.7,0.00,
11:10:17,80,6.7,0.0,6.7,0.00,
11:10:18,80,6.7,0.0,6.7,0.00,
11:10:19,80,6.7,0.0,6.7,0.00,
11:10:20,80,6.7,0.0,6.7,0.00,
11:10:21,80,6.7,0.0,6.7,0.00,
11:10:22,80,6.7,0.0,6.7,0.00,
11:10:23,80,6.7,0.0,6.7,0.00,
11:10:24,80,6.7,0.0,6.7,0.00,
11:10:25,80,6.6,0.0,6.6,0.00,
11:10:26,80,6.6,0.0,6.6,0.00,
11:10:27,80,6.6,0.0,6.6,0.00,
11:10:28,80,6.6,0.0,6.6,0.00,
11:10:29,80,6.6,0.0,6.6,0.00,
11:10:30,80,6.6,0.0,6.6,0.00,
11:10:31,80,6.6,0.0,6.6,0.00,
11:10:32,80,6.6,0.0,6.6,0.00,
11:10:33,80,6.6,0.0,6.6,0.00,
11:10:34,80,6.6,0.0,6.6,0.00,
11:10:35,80,6.6,0.0,6.6,0.00,
11:10:36,80,6.6,0.0,6.6,0.00,
11:10:37,80,6.6,0.0,6.6,0.00,
11:10:38,80,6.6,0.0,6.6,0.00,
11:10:39,80,6.6,0.0,6.6,0.00,
11:10:40,80,6.6,0.0,6.6,0.00,
11:10:41,80,6.6,0.0,6.6,0.00,
11:10:43,80,6.6,0.0,6.6,0.00,
11:10:44,80,6.6,0.0,6.6,0.00,
11:10:45,80,6.6,0.0,6.6,0.00,
11:10:46,80,6.6,0.0,6.6,0.00,
11:10:47,80,6.6,0.0,6.6,0.00,
11:10:48,80,6.6,0.0,6.6,0.00,
11:10:49,80,6.6,0.0,6.6,0.00,
11:10:50,80,6.6,0.0,6.6,0.00,
11:10:51,80,6.6,0.0,6.6,0.00,
11:10:52,80,6.6,0.0,6.6,0.00,
11:10:53,80,6.6,0.0,6.6,0.00,
11:10:54,80,6.6,0.0,6.6,0.00,
11:10:55,80,6.6,0.0,6.6,0.00,
11:10:56,80,6.6,0.0,6.6,0.00,
11:10:57,80,6.6,0.0,6.6,0.00,
11:10:58,80,6.6,0.0,6.6,0.00,
11:10:59,80,6.6,0.0,6.6,0.00,
11:11:00,80,6.6,0.0,6.6,0.00,
11:11:01,80,6.6,0.0,6.6,0.00,
11:11:02,80,6.6,0.0,6.6,0.00,
11:11:03,80,6.6,0.0,6.6,0.00,
11:11:04,80,6.6,0.0,6.6,0.00,
11:11:05,80,6.6,0.0,6.6,0.00,
11:11:06,80,6.6,0.0,6.6,0.00,
11:11:07,80,6.6,0.0,6.6,0.00,
11:11:08,80,6.6,0.0,6.6,0.00,
11:11:09,80,6.6,0.0,6.6,0.00,
11:11:10,80,6.6,0.0,6.6,0.00,
11:11:11,80,6.6,0.0,6.6,0.00,
11:11:12,80,6.6,0.0,6.6,0.00,
11:11:13,80,6.6,0.0,6.6,0.00,
11:11:14,80,6.6,0.0,6.6,0.00,
11:11:16,80,6.6,0.0,6.6,0.00,
11:11:17,80,6.6,0.0,6.6,0.00,
11:11:18,80,6.6,0.0,6.6,0.00,
11:11:19,80,6.6,0.0,6.6,0.00,
11:11:20,80,6.6,0.0,6.6,0.00,
11:11:21,80,6.6,0.0,6.6,0.00,
11:11:22,80,6.6,0.0,6.6,0.00,
11:11:23,80,6.6,0.0,6.6,0.00,
11:11:24,80,6.6,0.0,6.6,0.00,
11:11:25,80,14.0,0.0,14.0,0.00,
11:11:26,80,14.0,0.0,14.0,0.00,
11:11:27,80,14.0,0.0,14.0,0.00,
11:11:28,80,14.0,0.0,14.0,0.00,
11:11:29,80,14.0,0.0,14.0,0.00,
11:11:30,80,14.0,0.0,14.0,0.00,
11:11:31,80,14.0,0.0,14.0,0.00,
11:11:32,80,14.0,0.0,14.0,0.00,
11:11:33,80,14.0,0.0,14.0,0.00,
11:11:34,80,14.0,0.0,14.0,0.00,
11:11:35,80,14.0,0.0,14.0,0.00,
11:11:36,80,14.0,0.0,14.0,0.00,
11:11:37,80,14.0,0.0,14.0,0.00,
11:11:38,80,14.0,0.0,14.0,0.00,
11:11:39,80,14.0,0.0,14.0,0.00,
11:11:40,80,14.0,0.0,14.0,0.00,
11:11:41,80,14.0,0.0,14.0,0.00,
11:11:42,80,14.0,0.0,14.0,0.00,
11:11:44,80,14.0,0.0,14.0,0.00,
11:11:45,80,14.0,0.0,14.0,0.00,
11:11:46,80,14.0,0.0,14.0,0.00,
11:11:47,80,14.0,0.0,14.0,0.00,
11:11:48,80,14.0,0.0,14.0,0.00,
11:11:49,80,14.0,0.0,14.0,0.00,
11:11:50,80,14.0,0.0,14.0,0.00,
11:11:51,80,14.0,0.0,14.0,0.00,
11:11:52,80,14.0,0.0,14.0,0.00,
11:11:53,80,14.0,0.0,14.0,0.00,
11:11:54,80,14.0,0.0,14.0,0.00,
11:11:55,80,14.0,0.0,14.0,0.00,
11:11:56,80,14.0,0.0,14.0,0.00,
11:11:57,80,14.0,0.0,14.0,0.00,
11:11:58,80,14.0,0.0,14.0,0.00,
11:11:59,80,14.0,0.0,14.0,0.00,
11:12:00,80,14.0,0.0,14.0,0.00,
11:12:01,80,14.0,0.0,14.0,0.00,
11:12:02,80,14.0,0.0,14.0,0.00,
11:12:03,80,14.0,0.0,14.0,0.00,
11:12:04,80,14.0,0.0,14.0,0.00,
11:12:05,80,14.0,0.0,14.0,0.00,
11:12:06,80,14.0,0.0,14.0,0.00,
11:12:07,80,14.0,0.0,14.0,0.00,
11:12:08,80,14.0,0.0,14.0,0.00,
11:12:09,80,14.0,0.0,14.0,0.00,
11:12:11,80,14.0,0.0,14.0,0.00,
11:12:12,80,14.0,0.0,14.0,0.00,
11:12:13,80,14.0,0.0,14.0,0.00,
11:12:14,80,14.0,0.0,14.0,0.00,
11:12:15,80,14.0,0.0,14.0,0.00,
11:12:16,80,14.0,0.0,14.0,0.00,
11:12:17,80,14.0,0.0,14.0,0.00,
11:12:18,80,14.0,0.0,14.0,0.00,
11:12:19,80,14.0,0.0,14.0,0.00,
11:12:20,80,14.0,0.0,14.0,0.00,
11:12:21,80,14.0,0.0,14.0,0.00,
11:12:22,80,14.0,0.0,14.0,0.00,
11:12:23,80,14.0,0.0,14.0,0.00,
11:12:24,80,14.0,0.0,14.0,0.00,
11:12:25,80,7.8,0.0,7.8,0.00,
11:12:26,80,7.8,0.0,7.8,0.00,
11:12:27,80,7.8,0.0,7.8,0.00,
11:12:28,80,7.8,0.0,7.8,0.00,
11:12:29,80,7.8,0.0,7.8,0.00,
11:12:30,80,7.8,0.0,7.8,0.00,
11:12:31,80,7.8,0.0,7.8,0.00,
11:12:32,80,7.8,0.0,7.8,0.00,
11:12:33,80,7.8,0.0,7.8,0.00,
11:12:34,80,7.8,0.0,7.8,0.00,
11:12:35,80,7.8,0.0,7.8,0.00,
11:12:36,80,7.8,0.0,7.8,0.00,
11:12:38,80,7.8,0.0,7.8,0.00,
11:12:39,80,7.8,0.0,7.8,0.00,
11:12:40,80,7.8,0.0,7.8,0.00,
11:12:41,80,7.8,0.0,7.8,0.00,
11:12:42,80,7.8,0.0,7.8,0.00,
11:12:43,80,7.8,0.0,7.8,0.00,
11:12:44,80,7.8,0.0,7.8,0.00,
11:12:45,80,7.8,0.0,7.8,0.00,
11:12:46,80,7.8,0.0,7.8,0.00,
11:12:47,80,7.8,0.0,7.8,0.00,
11:12:48,80,7.8,0.0,7.8,0.00,
11:12:49,80,7.8,0.0,7.8,0.00,
11:12:50,80,7.8,0.0,7.8,0.00,
11:12:51,80,7.8,0.0,7.8,0.00,
11:12:52,80,7.8,0.0,7.8,0.00,
11:12:53,80,7.8,0.0,7.8,0.00,
11:12:54,80,7.8,0.0,7.8,0.00,
11:12:55,80,7.8,0.0,7.8,0.00,
11:12:56,80,7.8,0.0,7.8,0.00,
11:12:57,80,7.8,0.0,7.8,0.00,
11:12:58,80,7.8,0.0,7.8,0.00,
11:12:59,80,7.8,0.0,7.8,0.00,
11:13:00,80,7.8,0.0,7.8,0.00,
11:13:01,80,7.8,0.0,7.8,0.00,
11:13:02,80,7.8,0.0,7.8,0.00,
11:13:03,80,7.8,0.0,7.8,0.00,
11:13:04,80,7.8,0.0,7.8,0.00,
11:13:05,80,7.8,0.0,7.8,0.00,
11:13:06,80,7.8,0.0,7.8,0.00,
11:13:07,80,7.8,0.0,7.8,0.00,
11:13:09,80,7.8,0.0,7.8,0.00,
11:13:10,80,7.8,0.0,7.8,0.00,
11:13:11,80,7.8,0.0,7.8,0.00,
11:13:12,80,7.8,0.0,7.8,0.00,
11:13:13,80,7.8,0.0,7.8,0.00,
11:13:14,80,7.8,0.0,7.8,0.00,
11:13:15,80,7.8,0.0,7.8,0.00,
11:13:16,80,7.8,0.0,7.8,0.00,
11:13:17,80,7.8,0.0,7.8,0.00,
11:13:18,80,7.8,0.0,7.8,0.00,
11:13:19,80,7.8,0.0,7.8,0.00,
11:13:20,80,7.8,0.0,7.8,0.00,
11:13:21,80,7.8,0.0,7.8,0.00,
11:13:22,80,7.8,0.0,7.8,0.00,
11:13:23,80,7.8,0.0,7.8,0.00,
11:13:24,80,7.8,0.0,7.8,0.00,
11:13:25,80,7.1,0.0,7.1,0.00,
11:13:26,80,7.1,0.0,7.1,0.00,
11:13:27,80,7.1,0.0,7.1,0.00,
11:13:28,80,7.1,0.0,7.1,0.00,
11:13:29,80,7.1,0.0,7.1,0.00,
11:13:30,80,7.1,0.0,7.1,0.00,
11:13:31,80,7.1,0.0,7.1,0.00,
11:13:32,80,7.1,0.0,7.1,0.00,
11:13:33,80,7.1,0.0,7.1,0.00,
11:13:35,80,7.1,0.0,7.1,0.00,
11:13:36,80,7.1,0.0,7.1,0.00,
11:13:37,80,7.1,0.0,7.1,0.00,
11:13:38,80,7.1,0.0,7.1,0.00,
11:13:39,80,7.1,0.0,7.1,0.00,
11:13:40,80,7.1,0.0,7.1,0.00,
11:13:41,80,7.1,0.0,7.1,0.00,
11:13:42,80,7.1,0.0,7.1,0.00,
11:13:43,80,7.1,0.0,7.1,0.00,
11:13:44,80,7.1,0.0,7.1,0.00,
11:13:45,80,7.1,0.0,7.1,0.00,
11:13:46,80,7.1,0.0,7.1,0.00,
11:13:47,80,7.1,0.0,7.1,0.00,
11:13:48,80,7.1,0.0,7.1,0.00,
11:13:49,80,7.1,0.0,7.1,0.00,
11:13:50,80,7.1,0.0,7.1,0.00,
11:13:51,80,7.1,0.0,7.1,0.00,
11:13:52,80,7.1,0.0,7.1,0.00,
11:13:53,80,7.1,0.0,7.1,0.00,
11:13:54,80,7.1,0.0,7.1,0.00,
11:13:55,80,7.1,0.0,7.1,0.00,
11:13:56,80,7.1,0.0,7.1,0.00,
11:13:57,80,7.1,0.0,7.1,0.00,
11:13:58,80,7.1,0.0,7.1,0.00,
11:13:59,80,7.1,0.0,7.1,0.00,
11:14:00,80,7.1,0.0,7.1,0.00,
11:14:01,80,7.1,0.0,7.1,0.00,
11:14:03,80,7.1,0.0,7.1,0.00,
11:14:04,80,7.1,0.0,7.1,0.00,
11:14:05,80,7.1,0.0,7.1,0.00,
11:14:06,80,7.1,0.0,7.1,0.00,
11:14:07,80,7.1,0.0,7.1,0.00,
11:14:08,80,7.1,0.0,7.1,0.00,
11:14:09,80,7.1,0.0,7.1,0.00,
11:14:10,80,7.1,0.0,7.1,0.00,
11:14:11,80,7.1,0.0,7.1,0.00,
11:14:12,80,7.1,0.0,7.1,0.00,
11:14:13,80,7.1,0.0,7.1,0.00,
11:14:14,80,7.1,0.0,7.1,0.00,
11:14:15,80,7.1,0.0,7.1,0.00,
11:14:16,80,7.1,0.0,7.1,0.00,
11:14:17,80,7.1,0.0,7.1,0.00,
11:14:18,80,7.1,0.0,7.1,0.00,
11:14:19,80,7.1,0.0,7.1,0.00,
11:14:20,80,7.1,0.0,7.1,0.00,
11:14:21,80,7.1,0.0,7.1,0.00,
11:14:22,80,7.1,0.0,7.1,0.00,
11:14:23,80,7.1,0.0,7.1,0.00,
11:14:24,80,7.1,0.0,7.1,0.00,
11:14:25,80,8.7,0.0,8.7,0.00,
11:14:26,80,8.7,0.0,8.7,0.00,
11:14:27,80,8.7,0.0,8.7,0.00,
11:14:29,80,8.7,0.0,8.7,0.00,
11:14:30,80,8.7,0.0,8.7,0.00,
11:14:31,80,8.7,0.0,8.7,0.00,
11:14:32,80,8.7,0.0,8.7,0.00,
11:14:33,80,8.7,0.0,8.7,0.00,
11:14:34,80,8.7,0.0,8.7,0.00,
11:14:35,80,8.7,0.0,8.7,0.00,
11:14:36,80,8.7,0.0,8.7,0.00,
11:14:37,80,8.7,0.0,8.7,0.00,
11:14:38,80,8.7,0.0,8.7,0.00,
11:14:39,80,8.7,0.0,8.7,0.00,
11:14:40,80,8.7,0.0,8.7,0.00,
11:14:41,80,8.7,0.0,8.7,0.00,
11:14:42,80,8.7,0.0,8.7,0.00,
11:14:43,80,8.7,0.0,8.7,0.00,
11:14:44,80,8.7,0.0,8.7,0.00,
11:14:45,80,8.7,0.0,8.7,0.00,
11:14:46,80,8.7,0.0,8.7,0.00,
11:14:47,80,8.7,0.0,8.7,0.00,
11:14:48,80,8.7,0.0,8.7,0.00,
11:14:49,80,8.7,0.0,8.7,0.00,
11:14:50,80,8.7,0.0,8.7,0.00,
11:14:51,80,8.7,0.0,8.7,0.00,
11:14:52,80,8.7,0.0,8.7,0.00,
11:14:53,80,8.7,0.0,8.7,0.00,
11:14:55,80,8.7,0.0,8.7,0.00,
11:14:56,80,8.7,0.0,8.7,0.00,
11:14:57,80,8.7,0.0,8.7,0.00,
11:14:58,80,8.7,0.0,8.7,0.00,
11:14:59,80,8.7,0.0,8.7,0.00,
11:15:00,80,8.7,0.0,8.7,0.00,
11:15:01,80,8.7,0.0,8.7,0.00,
11:15:02,80,8.7,0.0,8.7,0.00,
11:15:03,80,8.7,0.0,8.7,0.00,
11:15:04,80,8.7,0.0,8.7,0.00,
11:15:05,80,8.7,0.0,8.7,0.00,
11:15:06,80,8.7,0.0,8.7,0.00,
11:15:07,80,8.7,0.0,8.7,0.00,
11:15:08,80,8.7,0.0,8.7,0.00,
11:15:09,80,8.7,0.0,8.7,0.00,
11:15:10,80,8.7,0.0,8.7,0.00,
11:15:11,80,8.7,0.0,8.7,0.00,
11:15:12,80,8.7,0.0,8.7,0.00,
11:15:13,80,8.7,0.0,8.7,0.00,
11:15:14,80,8.7,0.0,8.7,0.00,
11:15:15,80,8.7,0.0,8.7,0.00,
11:15:16,80,8.7,0.0,8.7,0.00,
11:15:17,80,8.7,0.0,8.7,0.00,
11:15:18,80,8.7,0.0,8.7,0.00,
11:15:19,80,8.7,0.0,8.7,0.00,
11:15:21,80,8.7,0.0,8.7,0.00,
11:15:22,80,8.7,0.0,8.7,0.00,
11:15:23,80,8.7,0.0,8.7,0.00,
11:15:24,80,8.7,0.0,8.7,0.00,
11:15:25,80,6.1,0.0,6.1,0.00,
11:15:26,80,6.1,0.0,6.1,0.00,
11:15:27,80,6.1,0.0,6.1,0.00,
11:15:28,80,6.1,0.0,6.1,0.00,
11:15:29,80,6.1,0.0,6.1,0.00,
11:15:30,80,6.1,0.0,6.1,0.00,
11:15:31,80,6.1,0.0,6.1,0.00,
11:15:32,80,6.1,0.0,6.1,0.00,
11:15:33,80,6.1,0.0,6.1,0.00,
11:15:34,80,6.1,0.0,6.1,0.00,
11:15:35,80,6.1,0.0,6.1,0.00,
11:15:36,80,6.1,0.0,6.1,0.00,
11:15:37,80,6.1,0.0,6.1,0.00,
11:15:38,80,6.1,0.0,6.1,0.00,
11:15:39,80,6.1,0.0,6.1,0.00,
11:15:40,80,6.1,0.0,6.1,0.00,
11:15:41,80,6.1,0.0,6.1,0.00,
11:15:42,80,6.1,0.0,6.1,0.00,
11:15:43,80,6.1,0.0,6.1,0.00,
11:15:44,80,6.1,0.0,6.1,0.00,
11:15:46,80,6.1,0.0,6.1,0.00,
11:15:47,80,6.1,0.0,6.1,0.00,
11:15:48,80,6.1,0.0,6.1,0.00,
11:15:49,80,6.1,0.0,6.1,0.00,
11:15:50,80,6.1,0.0,6.1,0.00,
11:15:51,80,6.1,0.0,6.1,0.00,
11:15:52,80,6.1,0.0,6.1,0.00,
11:15:53,80,6.1,0.0,6.1,0.00,
11:15:54,80,6.1,0.0,6.1,0.00,
11:15:55,80,6.1,0.0,6.1,0.00,
11:15:56,80,6.1,0.0,6.1,0.00,
11:15:57,80,6.1,0.0,6.1,0.00,
11:15:58,80,6.1,0.0,6.1,0.00,
11:15:59,80,6.1,0.0,6.1,0.00,
11:16:00,80,6.1,0.0,6.1,0.00,
11:16:01,80,6.1,0.0,6.1,0.00,
11:16:02,80,6.1,0.0,6.1,0.00,
11:16:03,80,6.1,0.0,6.1,0.00,
11:16:04,80,6.1,0.0,6.1,0.00,
11:16:05,80,6.1,0.0,6.1,0.00,
11:16:06,80,6.1,0.0,6.1,0.00,
11:16:07,80,6.1,0.0,6.1,0.00,
11:16:08,80,6.1,0.0,6.1,0.00,
11:16:10,80,6.1,0.0,6.1,0.00,
11:16:11,80,6.1,0.0,6.1,0.00,
11:16:12,80,6.1,0.0,6.1,0.00,
11:16:13,80,6.1,0.0,6.1,0.00,
11:16:14,80,6.1,0.0,6.1,0.00,
11:16:15,80,6.1,0.0,6.1,0.00,
11:16:16,80,6.1,0.0,6.1,0.00,
11:16:17,80,6.1,0.0,6.1,0.00,
11:16:18,80,6.1,0.0,6.1,0.00,
11:16:19,80,6.1,0.0,6.1,0.00,
11:16:20,80,6.1,0.0,6.1,0.00,
11:16:21,80,6.1,0.0,6.1,0.00,
11:16:22,80,6.1,0.0,6.1,0.00,
11:16:23,80,6.1,0.0,6.1,0.00,
11:16:24,80,6.1,0.0,6.1,0.00,
11:16:25,80,5.3,0.0,5.3,0.00,
11:16:26,80,5.3,0.0,5.3,0.00,
11:16:27,80,5.3,0.0,5.3,0.00,
11:16:28,80,5.3,0.0,5.3,0.00,
11:16:29,80,5.3,0.0,5.3,0.00,
11:16:30,80,5.3,0.0,5.3,0.00,
11:16:31,80,5.3,0.0,5.3,0.00,
11:16:32,80,5.3,0.0,5.3,0.00,
11:16:33,80,5.3,0.0,5.3,0.00,
11:16:35,80,5.3,0.0,5.3,0.00,
11:16:36,80,5.3,0.0,5.3,0.00,
11:16:37,80,5.3,0.0,5.3,0.00,
11:16:38,80,5.3,0.0,5.3,0.00,
11:16:39,80,5.3,0.0,5.3,0.00,
11:16:40,80,5.3,0.0,5.3,0.00,
11:16:41,80,5.3,0.0,5.3,0.00,
11:16:42,80,5.3,0.0,5.3,0.00,
11:16:43,80,5.3,0.0,5.3,0.00,
11:16:44,80,5.3,0.0,5.3,0.00,
11:16:45,80,5.3,0.0,5.3,0.00,
11:16:46,80,5.3,0.0,5.3,0.00,
11:16:47,80,5.3,0.0,5.3,0.00,
11:16:48,80,5.3,0.0,5.3,0.00,
11:16:49,80,5.3,0.0,5.3,0.00,
11:16:50,80,5.3,0.0,5.3,0.00,
11:16:51,80,5.3,0.0,5.3,0.00,
11:16:52,80,5.3,0.0,5.3,0.00,
11:16:53,80,5.3,0.0,5.3,0.00,
11:16:54,80,5.3,0.0,5.3,0.00,
11:16:55,80,5.3,0.0,5.3,0.00,
11:16:56,80,5.3,0.0,5.3,0.00,
11:16:57,80,5.3,0.0,5.3,0.00,
11:16:58,80,5.3,0.0,5.3,0.00,
11:16:59,80,5.3,0.0,5.3,0.00,
11:17:00,80,5.3,0.0,5.3,0.00,
11:17:02,80,5.3,0.0,5.3,0.00,
11:17:03,80,5.3,0.0,5.3,0.00,
11:17:04,80,5.3,0.0,5.3,0.00,
11:17:05,80,5.3,0.0,5.3,0.00,
11:17:06,80,5.3,0.0,5.3,0.00,
11:17:07,80,5.3,0.0,5.3,0.00,
11:17:08,80,5.3,0.0,5.3,0.00,
11:17:09,80,5.3,0.0,5.3,0.00,
11:17:10,80,5.3,0.0,5.3,0.00,
11:17:11,80,5.3,0.0,5.3,0.00,
11:17:12,80,5.3,0.0,5.3,0.00,
11:17:13,80,5.3,0.0,5.3,0.00,
11:17:14,80,5.3,0.0,5.3,0.00,
11:17:15,80,5.3,0.0,5.3,0.00,
11:17:16,80,5.3,0.0,5.3,0.00,
11:17:17,80,5.3,0.0,5.3,0.00,
11:17:18,80,5.3,0.0,5.3,0.00,
11:17:19,80,5.3,0.0,5.3,0.00,
11:17:20,80,5.3,0.0,5.3,0.00,
11:17:21,80,5.3,0.0,5.3,0.00,
11:17:22,80,5.3,0.0,5.3,0.00,
11:17:23,80,5.3,0.0,5.3,0.00,
11:17:24,80,5.3,0.0,5.3,0.00,
11:17:25,80,20.0,0.0,20.0,0.00,
11:17:26,80,20.0,0.0,20.0,0.00,
11:17:28,80,20.0,0.0,20.0,0.00,
11:17:29,80,20.0,0.0,20.0,0.00,
11:17:30,80,20.0,0.0,20.0,0.00,
11:17:31,80,20.0,0.0,20.0,0.00,
11:17:32,80,20.0,0.0,20.0,0.00,
11:17:33,80,20.0,0.0,20.0,0.00,
11:17:34,80,20.0,0.0,20.0,0.00,
11:17:35,80,20.0,0.0,20.0,0.00,
11:17:36,80,20.0,0.0,20.0,0.00,
11:17:37,80,20.0,0.0,20.0,0.00,
11:17:38,80,20.0,0.0,20.0,0.00,
11:17:39,80,20.0,0.0,20.0,0.00,
11:17:40,80,20.0,0.0,20.0,0.00,
11:17:41,80,20.0,0.0,20.0,0.00,
11:17:42,80,20.0,0.0,20.0,0.00,
11:17:43,80,20.0,0.0,20.0,0.00,
11:17:44,80,20.0,0.0,20.0,0.00,
11:17:45,80,20.0,0.0,20.0,0.00,
11:17:46,80,20.0,0.0,20.0,0.00,
11:17:47,80,20.0,0.0,20.0,0.00,
11:17:48,80,20.0,0.0,20.0,0.00,
11:17:49,80,20.0,0.0,20.0,0.00,
11:17:50,80,20.0,0.0,20.0,0.00,
11:17:51,80,20.0,0.0,20.0,0.00,
11:17:52,80,20.0,0.0,20.0,0.00,
11:17:53,80,20.0,0.0,20.0,0.00,
11:17:55,80,20.0,0.0,20.0,0.00,
11:17:56,80,20.0,0.0,20.0,0.00,
11:17:57,80,20.0,0.0,20.0,0.00,
11:17:58,80,20.0,0.0,20.0,0.00,
11:17:59,80,20.0,0.0,20.0,0.00,
11:18:00,80,20.0,0.0,20.0,0.00,
11:18:01,80,20.0,0.0,20.0,0.00,
11:18:02,80,20.0,0.0,20.0,0.00,
11:18:03,80,20.0,0.0,20.0,0.00,
11:18:04,80,20.0,0.0,20.0,0.00,
11:18:05,80,20.0,0.0,20.0,0.00,
11:18:06,80,20.0,0.0,20.0,0.00,
11:18:07,80,20.0,0.0,20.0,0.00,
11:18:08,80,20.0,0.0,20.0,0.00,
11:18:09,80,20.0,0.0,20.0,0.00,
11:18:10,80,20.0,0.0,20.0,0.00,
11:18:11,80,20.0,0.0,20.0,0.00,
11:18:12,80,20.0,0.0,20.0,0.00,
11:18:13,80,20.0,0.0,20.0,0.00,
11:18:14,80,20.0,0.0,20.0,0.00,
11:18:15,80,20.0,0.0,20.0,0.00,
11:18:16,80,20.0,0.0,20.0,0.00,
11:18:17,80,20.0,0.0,20.0,0.00,
11:18:18,80,20.0,0.0,20.0,0.00,
11:18:19,80,20.0,0.0,20.0,0.00,
11:18:20,80,20.0,0.0,20.0,0.00,
11:18:21,80,20.0,0.0,20.0,0.00,
11:18:22,80,20.0,0.0,20.0,0.00,
11:18:24,80,20.0,0.0,20.0,0.00,
11:18:25,80,5.6,0.0,5.6,0.00,
11:18:26,80,5.6,0.0,5.6,0.00,
11:18:27,80,5.6,0.0,5.6,0.00,
11:18:28,80,5.6,0.0,5.6,0.00,
11:18:29,80,5.6,0.0,5.6,0.00,
11:18:30,80,5.6,0.0,5.6,0.00,
11:18:31,80,5.6,0.0,5.6,0.00,
11:18:32,80,5.6,0.0,5.6,0.00,
11:18:33,80,5.6,0.0,5.6,0.00,
11:18:34,80,5.6,0.0,5.6,0.00,
11:18:35,80,5.6,0.0,5.6,0.00,
11:18:36,80,5.6,0.0,5.6,0.00,
11:18:37,80,5.6,0.0,5.6,0.00,
11:18:38,80,5.6,0.0,5.6,0.00,
11:18:39,80,5.6,0.0,5.6,0.00,
11:18:40,80,5.6,0.0,5.6,0.00,
11:18:41,80,5.6,0.0,5.6,0.00,
11:18:42,80,5.6,0.0,5.6,0.00,
11:18:43,80,5.6,0.0,5.6,0.00,
11:18:44,80,5.6,0.0,5.6,0.00,
11:18:45,80,5.6,0.0,5.6,0.00,
11:18:46,80,5.6,0.0,5.6,0.00,
11:18:47,80,5.6,0.0,5.6,0.00,
11:18:49,80,5.6,0.0,5.6,0.00,
11:18:50,80,5.6,0.0,5.6,0.00,
11:18:51,80,5.6,0.0,5.6,0.00,
11:18:52,80,5.6,0.0,5.6,0.00,
11:18:53,80,5.6,0.0,5.6,0.00,
11:18:54,80,5.6,0.0,5.6,0.00,
11:18:55,80,5.6,0.0,5.6,0.00,
11:18:56,80,5.6,0.0,5.6,0.00,
11:18:57,80,5.6,0.0,5.6,0.00,
11:18:58,80,5.6,0.0,5.6,0.00,
11:18:59,80,5.6,0.0,5.6,0.00,
11:19:00,80,5.6,0.0,5.6,0.00,
11:19:01,80,5.6,0.0,5.6,0.00,
11:19:02,80,5.6,0.0,5.6,0.00,
11:19:03,80,5.6,0.0,5.6,0.00,
11:19:04,80,5.6,0.0,5.6,0.00,
11:19:05,80,5.6,0.0,5.6,0.00,
11:19:06,80,5.6,0.0,5.6,0.00,
11:19:07,80,5.6,0.0,5.6,0.00,
11:19:08,80,5.6,0.0,5.6,0.00,
11:19:09,80,5.6,0.0,5.6,0.00,
11:19:10,80,5.6,0.0,5.6,0.00,
11:19:11,80,5.6,0.0,5.6,0.00,
11:19:13,80,5.6,0.0,5.6,0.00,
11:19:14,80,5.6,0.0,5.6,0.00,
11:19:15,80,5.6,0.0,5.6,0.00,
11:19:16,80,5.6,0.0,5.6,0.00,
11:19:17,80,5.6,0.0,5.6,0.00,
11:19:18,80,5.6,0.0,5.6,0.00,
11:19:19,80,5.6,0.0,5.6,0.00,
11:19:20,80,5.6,0.0,5.6,0.00,
11:19:21,80,5.6,0.0,5.6,0.00,
11:19:22,80,5.6,0.0,5.6,0.00,
11:19:23,80,5.6,0.0,5.6,0.00,
11:19:24,80,5.6,0.0,5.6,0.00,
11:19:25,80,5.2,0.0,5.2,0.00,
11:19:26,80,5.2,0.0,5.2,0.00,
11:19:27,80,5.2,0.0,5.2,0.00,
11:19:28,80,5.2,0.0,5.2,0.00,
11:19:29,80,5.2,0.0,5.2,0.00,
11:19:30,80,5.2,0.0,5.2,0.00,
11:19:31,80,5.2,0.0,5.2,0.00,
11:19:32,80,5.2,0.0,5.2,0.00,
11:19:33,80,5.2,0.0,5.2,0.00,
11:19:34,80,5.2,0.0,5.2,0.00,
11:19:35,80,5.2,0.0,5.2,0.00,
11:19:37,80,5.2,0.0,5.2,0.00,
11:19:38,80,5.2,0.0,5.2,0.00,
11:19:39,80,5.2,0.0,5.2,0.00,
11:19:40,80,5.2,0.0,5.2,0.00,
11:19:41,80,5.2,0.0,5.2,0.00,
11:19:42,80,5.2,0.0,5.2,0.00,
11:19:43,80,5.2,0.0,5.2,0.00,
11:19:44,80,5.2,0.0,5.2,0.00,
11:19:45,80,5.2,0.0,5.2,0.00,
11:19:46,80,5.2,0.0,5.2,0.00,
11:19:47,80,5.2,0.0,5.2,0.00,
11:19:48,80,5.2,0.0,5.2,0.00,
11:19:49,80,5.2,0.0,5.2,0.00,
11:19:50,80,5.2,0.0,5.2,0.00,
11:19:51,80,5.2,0.0,5.2,0.00,
11:19:52,80,5.2,0.0,5.2,0.00,
11:19:53,80,5.2,0.0,5.2,0.00,
11:19:54,80,5.2,0.0,5.2,0.00,
11:19:55,80,5.2,0.0,5.2,0.00,
11:19:56,80,5.2,0.0,5.2,0.00,
11:19:57,80,5.2,0.0,5.2,0.00,
11:19:58,80,5.2,0.0,5.2,0.00,
11:19:59,80,5.2,0.0,5.2,0.00,
11:20:00,80,5.2,0.0,5.2,0.00,
11:20:02,80,5.2,0.0,5.2,0.00,
11:20:03,80,5.2,0.0,5.2,0.00,
11:20:04,80,5.2,0.0,5.2,0.00,
11:20:05,80,5.2,0.0,5.2,0.00,
11:20:06,80,5.2,0.0,5.2,0.00,
11:20:07,80,5.2,0.0,5.2,0.00,
11:20:08,80,5.2,0.0,5.2,0.00,
11:20:09,80,5.2,0.0,5.2,0.00,
11:20:10,80,5.2,0.0,5.2,0.00,
11:20:11,80,5.2,0.0,5.2,0.00,
11:20:12,80,5.2,0.0,5.2,0.00,
11:20:13,80,5.2,0.0,5.2,0.00,
11:20:14,80,5.2,0.0,5.2,0.00,
11:20:15,80,5.2,0.0,5.2,0.00,
11:20:16,80,5.2,0.0,5.2,0.00,
11:20:17,80,5.2,0.0,5.2,0.00,
11:20:18,80,5.2,0.0,5.2,0.00,
11:20:19,80,5.2,0.0,5.2,0.00,
11:20:20,80,5.2,0.0,5.2,0.00,
11:20:21,80,5.2,0.0,5.2,0.00,
11:20:22,80,5.2,0.0,5.2,0.00,
11:20:23,80,5.2,0.0,5.2,0.00,
11:20:24,80,5.2,0.0,5.2,0.00,
11:20:25,80,5.3,0.0,5.3,0.00,
11:20:27,80,5.3,0.0,5.3,0.00,
11:20:28,80,5.3,0.0,5.3,0.00,
11:20:29,80,5.3,0.0,5.3,0.00,
11:20:30,80,5.3,0.0,5.3,0.00,
11:20:31,80,5.3,0.0,5.3,0.00,
11:20:32,80,5.3,0.0,5.3,0.00,
11:20:33,80,5.3,0.0,5.3,0.00,
11:20:34,80,5.3,0.0,5.3,0.00,
11:20:35,80,5.3,0.0,5.3,0.00,
11:20:36,80,5.3,0.0,5.3,0.00,
11:20:37,80,5.3,0.0,5.3,0.00,
11:20:38,80,5.3,0.0,5.3,0.00,
11:20:39,80,5.3,0.0,5.3,0.00,
11:20:40,80,5.3,0.0,5.3,0.00,
11:20:41,80,5.3,0.0,5.3,0.00,
11:20:42,80,5.3,0.0,5.3,0.00,
11:20:43,80,5.3,0.0,5.3,0.00,
11:20:44,80,5.3,0.0,5.3,0.00,
11:20:45,80,5.3,0.0,5.3,0.00,
11:20:46,80,5.3,0.0,5.3,0.00,
11:20:47,80,5.3,0.0,5.3,0.00,
11:20:48,80,5.3,0.0,5.3,0.00,
11:20:49,80,5.3,0.0,5.3,0.00,
11:20:51,80,5.3,0.0,5.3,0.00,
11:20:52,80,5.3,0.0,5.3,0.00,
11:20:53,80,5.3,0.0,5.3,0.00,
11:20:54,80,5.3,0.0,5.3,0.00,
11:20:55,80,5.3,0.0,5.3,0.00,
11:20:56,80,5.3,0.0,5.3,0.00,
11:20:57,80,5.3,0.0,5.3,0.00,
11:20:58,80,5.3,0.0,5.3,0.00,
11:20:59,80,5.3,0.0,5.3,0.00,
11:21:00,80,5.3,0.0,5.3,0.00,
11:21:01,80,5.3,0.0,5.3,0.00,
11:21:02,80,5.3,0.0,5.3,0.00,
11:21:03,80,5.3,0.0,5.3,0.00,
11:21:04,80,5.3,0.0,5.3,0.00,
11:21:05,80,5.3,0.0,5.3,0.00,
11:21:06,80,5.3,0.0,5.3,0.00,
11:21:07,80,5.3,0.0,5.3,0.00,
11:21:08,80,5.3,0.0,5.3,0.00,
11:21:09,80,5.3,0.0,5.3,0.00,
11:21:10,80,5.3,0.0,5.3,0.00,
11:21:11,80,5.3,0.0,5.3,0.00,
11:21:12,80,5.3,0.0,5.3,0.00,
11:21:13,80,5.3,0.0,5.3,0.00,
11:21:14,80,5.3,0.0,5.3,0.00,
11:21:16,80,5.3,0.0,5.3,0.00,
11:21:17,80,5.3,0.0,5.3,0.00,
11:21:18,80,5.3,0.0,5.3,0.00,
11:21:19,80,5.3,0.0,5.3,0.00,
11:21:20,80,5.3,0.0,5.3,0.00,
11:21:21,80,5.3,0.0,5.3,0.00,
11:21:22,80,5.3,0.0,5.3,0.00,
11:21:23,80,5.3,0.0,5.3,0.00,
11:21:24,80,5.3,0.0,5.3,0.00,
11:21:25,80,6.1,0.0,6.1,0.00,
11:21:26,80,6.1,0.0,6.1,0.00,
11:21:27,80,6.1,0.0,6.1,0.00,
11:21:28,80,6.1,0.0,6.1,0.00,
11:21:29,80,6.1,0.0,6.1,0.00,
11:21:30,80,6.1,0.0,6.1,0.00,
11:21:31,80,6.1,0.0,6.1,0.00,
11:21:32,80,6.1,0.0,6.1,0.00,
11:21:33,80,6.1,0.0,6.1,0.00,
11:21:34,80,6.1,0.0,6.1,0.00,
11:21:35,80,6.1,0.0,6.1,0.00,
11:21:36,80,6.1,0.0,6.1,0.00,
11:21:37,80,6.1,0.0,6.1,0.00,
11:21:38,80,6.1,0.0,6.1,0.00,
11:21:39,80,6.1,0.0,6.1,0.00,
11:21:41,80,6.1,0.0,6.1,0.00,
11:21:42,80,6.1,0.0,6.1,0.00,
11:21:43,80,6.1,0.0,6.1,0.00,
11:21:44,80,6.1,0.0,6.1,0.00,
11:21:45,80,6.1,0.0,6.1,0.00,
11:21:46,80,6.1,0.0,6.1,0.00,
11:21:47,80,6.1,0.0,6.1,0.00,
11:21:48,80,6.1,0.0,6.1,0.00,
11:21:49,80,6.1,0.0,6.1,0.00,
11:21:50,80,6.1,0.0,6.1,0.00,
11:21:51,80,6.1,0.0,6.1,0.00,
11:21:52,80,6.1,0.0,6.1,0.00,
11:21:53,80,6.1,0.0,6.1,0.00,
11:21:54,80,6.1,0.0,6.1,0.00,
11:21:55,80,6.1,0.0,6.1,0.00,
11:21:56,80,6.1,0.0,6.1,0.00,
11:21:57,80,6.1,0.0,6.1,0.00,
11:21:58,80,6.1,0.0,6.1,0.00,
11:21:59,80,6.1,0.0,6.1,0.00,
11:22:00,80,6.1,0.0,6.1,0.00,
11:22:01,80,6.1,0.0,6.1,0.00,
11:22:02,80,6.1,0.0,6.1,0.00,
11:22:03,80,6.1,0.0,6.1,0.00,
11:22:04,80,6.1,0.0,6.1,0.00,
11:22:06,80,6.1,0.0,6.1,0.00,
11:22:07,80,6.1,0.0,6.1,0.00,
11:22:08,80,6.1,0.0,6.1,0.00,
11:22:09,80,6.1,0.0,6.1,0.00,
11:22:10,80,6.1,0.0,6.1,0.00,
11:22:11,80,6.1,0.0,6.1,0.00,
11:22:12,80,6.1,0.0,6.1,0.00,
11:22:13,80,6.1,0.0,6.1,0.00,
11:22:14,80,6.1,0.0,6.1,0.00,
11:22:15,80,6.1,0.0,6.1,0.00,
11:22:16,80,6.1,0.0,6.1,0.00,
11:22:17,80,6.1,0.0,6.1,0.00,
11:22:18,80,6.1,0.0,6.1,0.00,
11:22:19,80,6.1,0.0,6.1,0.00,
11:22:20,80,6.1,0.0,6.1,0.00,
11:22:21,80,6.1,0.0,6.1,0.00,
11:22:22,80,6.1,0.0,6.1,0.00,
11:22:23,80,6.1,0.0,6.1,0.00,
11:22:24,80,6.1,0.0,6.1,0.00,
11:22:25,80,7.5,0.0,7.5,0.00,
11:22:26,80,7.5,0.0,7.5,0.00,
11:22:27,80,7.5,0.0,7.5,0.00,
11:22:28,80,7.5,0.0,7.5,0.00,
11:22:29,80,7.5,0.0,7.5,0.00,
11:22:30,80,7.5,0.0,7.5,0.00,
11:22:32,80,7.5,0.0,7.5,0.00,
11:22:33,80,7.5,0.0,7.5,0.00,
11:22:34,80,7.5,0.0,7.5,0.00,
11:22:35,80,7.5,0.0,7.5,0.00,
11:22:36,80,7.5,0.0,7.5,0.00,
11:22:37,80,7.5,0.0,7.5,0.00,
11:22:38,80,7.5,0.0,7.5,0.00,
11:22:39,80,7.5,0.0,7.5,0.00,
11:22:40,80,7.5,0.0,7.5,0.00,
11:22:41,80,7.5,0.0,7.5,0.00,
11:22:42,80,7.5,0.0,7.5,0.00,
11:22:43,80,7.5,0.0,7.5,0.00,
11:22:44,80,7.5,0.0,7.5,0.00,
11:22:45,80,7.5,0.0,7.5,0.00,
11:22:46,80,7.5,0.0,7.5,0.00,
11:22:47,80,7.5,0.0,7.5,0.00,
11:22:48,80,7.5,0.0,7.5,0.00,
11:22:49,80,7.5,0.0,7.5,0.00,
11:22:50,80,7.5,0.0,7.5,0.00,
11:22:51,80,7.5,0.0,7.5,0.00,
11:22:52,80,7.5,0.0,7.5,0.00,
11:22:53,80,7.5,0.0,7.5,0.00,
11:22:54,80,7.5,0.0,7.5,0.00,
11:22:55,80,7.5,0.0,7.5,0.00,
11:22:56,80,7.5,0.0,7.5,0.00,
11:22:57,80,7.5,0.0,7.5,0.00,
11:22:58,80,7.5,0.0,7.5,0.00,
11:22:59,80,7.5,0.0,7.5,0.00,
11:23:00,80,7.5,0.0,7.5,0.00,
11:23:02,80,7.5,0.0,7.5,0.00,
11:23:03,80,7.5,0.0,7.5,0.00,
11:23:04,80,7.5,0.0,7.5,0.00,
11:23:05,80,7.5,0.0,7.5,0.00,
11:23:06,80,7.5,0.0,7.5,0.00,
11:23:07,80,7.5,0.0,7.5,0.00,
11:23:08,80,7.5,0.0,7.5,0.00,
11:23:09,80,7.5,0.0,7.5,0.00,
11:23:10,80,7.5,0.0,7.5,0.00,
11:23:11,80,7.5,0.0,7.5,0.00,
11:23:12,80,7.5,0.0,7.5,0.00,
11:23:13,80,7.5,0.0,7.5,0.00,
11:23:14,80,7.5,0.0,7.5,0.00,
11:23:15,80,7.5,0.0,7.5,0.00,
11:23:16,80,7.5,0.0,7.5,0.00,
11:23:17,80,7.5,0.0,7.5,0.00,
11:23:18,80,7.5,0.0,7.5,0.00,
11:23:19,80,7.5,0.0,7.5,0.00,
11:23:20,80,7.5,0.0,7.5,0.00,
11:23:21,80,7.5,0.0,7.5,0.00,
11:23:22,80,7.5,0.0,7.5,0.00,
11:23:23,80,7.5,0.0,7.5,0.00,
11:23:24,80,7.5,0.0,7.5,0.00,
11:23:25,80,5.8,0.0,5.8,0.00,
11:23:26,80,5.8,0.0,5.8,0.00,
11:23:27,80,5.8,0.0,5.8,0.00,
11:23:28,80,5.8,0.0,5.8,0.00,
11:23:29,80,5.8,0.0,5.8,0.00,
11:23:30,80,5.8,0.0,5.8,0.00,
11:23:31,80,5.8,0.0,5.8,0.00,
11:23:32,80,5.8,0.0,5.8,0.00,
11:23:34,80,5.8,0.0,5.8,0.00,
11:23:35,80,5.8,0.0,5.8,0.00,
11:23:36,80,5.8,0.0,5.8,0.00,
11:23:37,80,5.8,0.0,5.8,0.00,
11:23:38,80,5.8,0.0,5.8,0.00,
11:23:39,80,5.8,0.0,5.8,0.00,
11:23:40,80,5.8,0.0,5.8,0.00,
11:23:41,80,5.8,0.0,5.8,0.00,
11:23:42,80,5.8,0.0,5.8,0.00,
11:23:43,80,5.8,0.0,5.8,0.00,
11:23:44,80,5.8,0.0,5.8,0.00,
11:23:45,80,5.8,0.0,5.8,0.00,
11:23:46,80,5.8,0.0,5.8,0.00,
11:23:47,80,5.8,0.0,5.8,0.00,
11:23:48,80,5.8,0.0,5.8,0.00,
11:23:49,80,5.8,0.0,5.8,0.00,
11:23:50,80,5.8,0.0,5.8,0.00,
11:23:51,80,5.8,0.0,5.8,0.00,
11:23:52,80,5.8,0.0,5.8,0.00,
11:23:53,80,5.8,0.0,5.8,0.00,
11:23:54,80,5.8,0.0,5.8,0.00,
11:23:55,80,5.8,0.0,5.8,0.00,
11:23:56,80,5.8,0.0,5.8,0.00,
11:23:57,80,5.8,0.0,5.8,0.00,
11:23:58,80,5.8,0.0,5.8,0.00,
11:23:59,80,5.8,0.0,5.8,0.00,
11:24:00,80,5.8,0.0,5.8,0.00,
11:24:01,80,5.8,0.0,5.8,0.00,
11:24:02,80,5.8,0.0,5.8,0.00,
11:24:04,80,5.8,0.0,5.8,0.00,
11:24:05,80,5.8,0.0,5.8,0.00,
11:24:06,80,5.8,0.0,5.8,0.00,
11:24:07,80,5.8,0.0,5.8,0.00,
11:24:08,80,5.8,0.0,5.8,0.00,
11:24:09,80,5.8,0.0,5.8,0.00,
11:24:10,80,5.8,0.0,5.8,0.00,
11:24:11,80,5.8,0.0,5.8,0.00,
11:24:12,80,5.8,0.0,5.8,0.00,
11:24:13,80,5.8,0.0,5.8,0.00,
11:24:14,80,5.8,0.0,5.8,0.00,
11:24:15,80,5.8,0.0,5.8,0.00,
11:24:16,80,5.8,0.0,5.8,0.00,
11:24:17,80,5.8,0.0,5.8,0.00,
11:24:18,80,5.8,0.0,5.8,0.00,
11:24:19,80,5.8,0.0,5.8,0.00,
11:24:20,80,5.8,0.0,5.8,0.00,
11:24:21,80,5.8,0.0,5.8,0.00,
11:24:22,80,5.8,0.0,5.8,0.00,
11:24:23,80,5.8,0.0,5.8,0.00,
11:24:24,80,5.8,0.0,5.8,0.00,
11:24:25,80,6.9,0.0,6.9,0.00,
11:24:26,80,6.9,0.0,6.9,0.00,
11:24:27,80,6.9,0.0,6.9,0.00,
11:24:28,80,6.9,0.0,6.9,0.00,
11:24:29,80,6.9,0.0,6.9,0.00,
11:24:30,80,6.9,0.0,6.9,0.00,
11:24:31,80,6.9,0.0,6.9,0.00,
11:24:32,80,6.9,0.0,6.9,0.00,
11:24:33,80,6.9,0.0,6.9,0.00,
11:24:35,80,6.9,0.0,6.9,0.00,
11:24:36,80,6.9,0.0,6.9,0.00,
11:24:37,80,6.9,0.0,6.9,0.00,
11:24:38,80,6.9,0.0,6.9,0.00,
11:24:39,80,6.9,0.0,6.9,0.00,
11:24:40,80,6.9,0.0,6.9,0.00,
11:24:41,80,6.9,0.0,6.9,0.00,
11:24:42,80,6.9,0.0,6.9,0.00,
11:24:43,80,6.9,0.0,6.9,0.00,
11:24:44,80,6.9,0.0,6.9,0.00,
11:24:45,80,6.9,0.0,6.9,0.00,
11:24:46,80,6.9,0.0,6.9,0.00,
11:24:47,80,6.9,0.0,6.9,0.00,
11:24:48,80,6.9,0.0,6.9,0.00,
11:24:49,80,6.9,0.0,6.9,0.00,
11:24:50,80,6.9,0.0,6.9,0.00,
11:24:51,80,6.9,0.0,6.9,0.00,
11:24:52,80,6.9,0.0,6.9,0.00,
11:24:53,80,6.9,0.0,6.9,0.00,
11:24:54,80,6.9,0.0,6.9,0.00,
11:24:55,80,6.9,0.0,6.9,0.00,
11:24:56,80,6.9,0.0,6.9,0.00,
11:24:57,80,6.9,0.0,6.9,0.00,
11:24:58,80,6.9,0.0,6.9,0.00,
11:24:59,80,6.9,0.0,6.9,0.00,
11:25:00,80,6.9,0.0,6.9,0.00,
11:25:01,80,6.9,0.0,6.9,0.00,
11:25:02,80,6.9,0.0,6.9,0.00,
11:25:03,80,6.9,0.0,6.9,0.00,
11:25:05,80,6.9,0.0,6.9,0.00,
11:25:06,80,6.9,0.0,6.9,0.00,
11:25:07,80,6.9,0.0,6.9,0.00,
11:25:08,80,6.9,0.0,6.9,0.00,
11:25:09,80,6.9,0.0,6.9,0.00,
11:25:10,80,6.9,0.0,6.9,0.00,
11:25:11,80,6.9,0.0,6.9,0.00,
11:25:12,80,6.9,0.0,6.9,0.00,
11:25:13,80,6.9,0.0,6.9,0.00,
11:25:14,80,6.9,0.0,6.9,0.00,
11:25:15,80,6.9,0.0,6.9,0.00,
11:25:16,80,6.9,0.0,6.9,0.00,
11:25:17,80,6.9,0.0,6.9,0.00,
11:25:18,80,6.9,0.0,6.9,0.00,
11:25:19,80,6.9,0.0,6.9,0.00,
11:25:20,80,6.9,0.0,6.9,0.00,
11:25:21,80,6.9,0.0,6.9,0.00,
11:25:22,80,6.9,0.0,6.9,0.00,
11:25:23,80,6.9,0.0,6.9,0.00,
11:25:24,80,6.9,0.0,6.9,0.00,
11:25:25,80,5.0,0.0,5.0,0.00,
11:25:26,80,5.0,0.0,5.0,0.00,
11:25:27,80,5.0,0.0,5.0,0.00,
11:25:28,80,5.0,0.0,5.0,0.00,
11:25:29,80,5.0,0.0,5.0,0.00,
11:25:30,80,5.0,0.0,5.0,0.00,
11:25:31,80,5.0,0.0,5.0,0.00,
11:25:32,80,5.0,0.0,5.0,0.00,
11:25:33,80,5.0,0.0,5.0,0.00,
11:25:35,80,5.0,0.0,5.0,0.00,
11:25:36,80,5.0,0.0,5.0,0.00,
11:25:37,80,5.0,0.0,5.0,0.00,
11:25:38,80,5.0,0.0,5.0,0.00,
11:25:39,80,5.0,0.0,5.0,0.00,
11:25:40,80,5.0,0.0,5.0,0.00,
11:25:41,80,5.0,0.0,5.0,0.00,
11:25:42,80,5.0,0.0,5.0,0.00,
11:25:43,80,5.0,0.0,5.0,0.00,
11:25:44,80,5.0,0.0,5.0,0.00,
11:25:45,80,5.0,0.0,5.0,0.00,
11:25:46,80,5.0,0.0,5.0,0.00,
11:25:47,80,5.0,0.0,5.0,0.00,
11:25:48,80,5.0,0.0,5.0,0.00,
11:25:49,80,5.0,0.0,5.0,0.00,
11:25:50,80,5.0,0.0,5.0,0.00,
11:25:51,80,5.0,0.0,5.0,0.00,
11:25:52,80,5.0,0.0,5.0,0.00,
11:25:53,80,5.0,0.0,5.0,0.00,
11:25:54,80,5.0,0.0,5.0,0.00,
11:25:55,80,5.0,0.0,5.0,0.00,
11:25:56,80,5.0,0.0,5.0,0.00,
11:25:57,80,5.0,0.0,5.0,0.00,
11:25:58,80,5.0,0.0,5.0,0.00,
11:25:59,80,5.0,0.0,5.0,0.00,
11:26:00,80,5.0,0.0,5.0,0.00,
11:26:01,80,5.0,0.0,5.0,0.00,
11:26:02,80,5.0,0.0,5.0,0.00,
11:26:03,80,5.0,0.0,5.0,0.00,
11:26:04,80,5.0,0.0,5.0,0.00,
11:26:06,80,5.0,0.0,5.0,0.00,
11:26:07,80,5.0,0.0,5.0,0.00,
11:26:08,80,5.0,0.0,5.0,0.00,
11:26:09,80,5.0,0.0,5.0,0.00,
11:26:10,80,5.0,0.0,5.0,0.00,
11:26:11,80,5.0,0.0,5.0,0.00,
11:26:12,80,5.0,0.0,5.0,0.00,
11:26:13,80,5.0,0.0,5.0,0.00,
11:26:14,80,5.0,0.0,5.0,0.00,
11:26:15,80,5.0,0.0,5.0,0.00,
11:26:16,80,5.0,0.0,5.0,0.00,
11:26:17,80,5.0,0.0,5.0,0.00,
11:26:18,80,5.0,0.0,5.0,0.00,
11:26:19,80,5.0,0.0,5.0,0.00,
11:26:20,80,5.0,0.0,5.0,0.00,
11:26:21,80,5.0,0.0,5.0,0.00,
11:26:22,80,5.0,0.0,5.0,0.00,
11:26:23,80,5.0,0.0,5.0,0.00,
11:26:24,80,5.0,0.0,5.0,0.00,
11:26:25,80,6.6,0.0,6.6,0.00,
11:26:26,80,6.6,0.0,6.6,0.00,
11:26:27,80,6.6,0.0,6.6,0.00,
11:26:28,80,6.6,0.0,6.6,0.00,
11:26:29,80,6.6,0.0,6.6,0.00,
11:26:30,80,6.6,0.0,6.6,0.00,
11:26:31,80,6.6,0.0,6.6,0.00,
11:26:32,80,6.6,0.0,6.6,0.00,
11:26:33,80,6.6,0.0,6.6,0.00,
11:26:34,80,6.6,0.0,6.6,0.00,
11:26:35,80,6.6,0.0,6.6,0.00,
11:26:37,80,6.6,0.0,6.6,0.00,
11:26:38,80,6.6,0.0,6.6,0.00,
11:26:39,80,6.6,0.0,6.6,0.00,
11:26:40,80,6.6,0.0,6.6,0.00,
11:26:41,80,6.6,0.0,6.6,0.00,
11:26:42,80,6.6,0.0,6.6,0.00,
11:26:43,80,6.6,0.0,6.6,0.00,
11:26:44,80,6.6,0.0,6.6,0.00,
11:26:45,80,6.6,0.0,6.6,0.00,
11:26:46,80,6.6,0.0,6.6,0.00,
11:26:47,80,6.6,0.0,6.6,0.00,
11:26:48,80,6.6,0.0,6.6,0.00,
11:26:49,80,6.6,0.0,6.6,0.00,
11:26:50,80,6.6,0.0,6.6,0.00,
11:26:51,80,6.6,0.0,6.6,0.00,
11:26:52,80,6.6,0.0,6.6,0.00,
11:26:53,80,6.6,0.0,6.6,0.00,
11:26:54,80,6.6,0.0,6.6,0.00,
11:26:55,80,6.6,0.0,6.6,0.00,
11:26:56,80,6.6,0.0,6.6,0.00,
11:26:57,80,6.6,0.0,6.6,0.00,
11:26:58,80,6.6,0.0,6.6,0.00,
11:26:59,80,6.6,0.0,6.6,0.00,
11:27:00,80,6.6,0.0,6.6,0.00,
11:27:01,80,6.6,0.0,6.6,0.00,
11:27:02,80,6.6,0.0,6.6,0.00,
11:27:03,80,6.6,0.0,6.6,0.00,
11:27:04,80,6.6,0.0,6.6,0.00,
11:27:05,80,6.6,0.0,6.6,0.00,
11:27:06,80,6.6,0.0,6.6,0.00,
11:27:07,80,6.6,0.0,6.6,0.00,
11:27:09,80,6.6,0.0,6.6,0.00,
11:27:10,80,6.6,0.0,6.6,0.00,
11:27:11,80,6.6,0.0,6.6,0.00,
11:27:12,80,6.6,0.0,6.6,0.00,
11:27:13,80,6.6,0.0,6.6,0.00,
11:27:14,80,6.6,0.0,6.6,0.00,
11:27:15,80,6.6,0.0,6.6,0.00,
11:27:16,80,6.6,0.0,6.6,0.00,
11:27:17,80,6.6,0.0,6.6,0.00,
11:27:18,80,6.6,0.0,6.6,0.00,
11:27:19,80,6.6,0.0,6.6,0.00,
11:27:20,80,6.6,0.0,6.6,0.00,
11:27:21,80,6.6,0.0,6.6,0.00,
11:27:22,80,6.6,0.0,6.6,0.00,
11:27:23,80,6.6,0.0,6.6,0.00,
11:27:24,80,6.6,0.0,6.6,0.00,
11:27:25,80,6.7,0.0,6.7,0.00,
11:27:26,80,6.7,0.0,6.7,0.00,
11:27:27,80,6.7,0.0,6.7,0.00,
11:27:28,80,6.7,0.0,6.7,0.00,
11:27:29,80,6.7,0.0,6.7,0.00,
11:27:30,80,6.7,0.0,6.7,0.00,
11:27:31,80,6.7,0.0,6.7,0.00,
11:27:32,80,6.7,0.0,6.7,0.00,
11:27:33,80,6.7,0.0,6.7,0.00,
11:27:34,80,6.7,0.0,6.7,0.00,
11:27:35,80,6.7,0.0,6.7,0.00,
11:27:36,80,6.7,0.0,6.7,0.00,
11:27:37,80,6.7,0.0,6.7,0.00,
11:27:38,80,6.7,0.0,6.7,0.00,
11:27:40,80,6.7,0.0,6.7,0.00,
11:27:41,80,6.7,0.0,6.7,0.00,
11:27:42,80,6.7,0.0,6.7,0.00,
11:27:43,80,6.7,0.0,6.7,0.00,
11:27:44,80,6.7,0.0,6.7,0.00,
11:27:45,80,6.7,0.0,6.7,0.00,
11:27:46,80,6.7,0.0,6.7,0.00,
11:27:47,80,6.7,0.0,6.7,0.00,
11:27:48,80,6.7,0.0,6.7,0.00,
11:27:49,80,6.7,0.0,6.7,0.00,
11:27:50,80,6.7,0.0,6.7,0.00,
11:27:51,80,6.7,0.0,6.7,0.00,
11:27:52,80,6.7,0.0,6.7,0.00,
11:27:53,80,6.7,0.0,6.7,0.00,
11:27:54,80,6.7,0.0,6.7,0.00,
11:27:55,80,6.7,0.0,6.7,0.00,
11:27:56,80,6.7,0.0,6.7,0.00,
11:27:57,80,6.7,0.0,6.7,0.00,
11:27:58,80,6.7,0.0,6.7,0.00,
11:27:59,80,6.7,0.0,6.7,0.00,
11:28:00,80,6.7,0.0,6.7,0.00,
11:28:01,80,6.7,0.0,6.7,0.00,
11:28:02,80,6.7,0.0,6.7,0.00,
11:28:03,80,6.7,0.0,6.7,0.00,
11:28:04,80,6.7,0.0,6.7,0.00,
11:28:05,80,6.7,0.0,6.7,0.00,
11:28:06,80,6.7,0.0,6.7,0.00,
11:28:07,80,6.7,0.0,6.7,0.00,
11:28:08,80,6.7,0.0,6.7,0.00,
11:28:09,80,6.7,0.0,6.7,0.00,
11:28:10,80,6.7,0.0,6.7,0.00,
11:28:11,80,6.7,0.0,6.7,0.00,
11:28:12,80,6.7,0.0,6.7,0.00,
11:28:13,80,6.7,0.0,6.7,0.00,
11:28:15,80,6.7,0.0,6.7,0.00,
11:28:16,80,6.7,0.0,6.7,0.00,
11:28:17,80,6.7,0.0,6.7,0.00,
11:28:18,80,6.7,0.0,6.7,0.00,
11:28:19,80,6.7,0.0,6.7,0.00,
11:28:20,80,6.7,0.0,6.7,0.00,
11:28:21,80,6.7,0.0,6.7,0.00,
11:28:22,80,6.7,0.0,6.7,0.00,
11:28:23,80,6.7,0.0,6.7,0.00,
11:28:24,80,6.7,0.0,6.7,0.00,
11:28:25,80,9.9,0.0,9.9,0.00,
11:28:26,80,9.9,0.0,9.9,0.00,
11:28:27,80,9.9,0.0,9.9,0.00,
11:28:28,80,9.9,0.0,9.9,0.00,
11:28:29,80,9.9,0.0,9.9,0.00,
11:28:30,80,9.9,0.0,9.9,0.00,
11:28:31,80,9.9,0.0,9.9,0.00,
11:28:32,80,9.9,0.0,9.9,0.00,
11:28:33,80,9.9,0.0,9.9,0.00,
11:28:34,80,9.9,0.0,9.9,0.00,
11:28:35,80,9.9,0.0,9.9,0.00,
11:28:36,80,9.9,0.0,9.9,0.00,
11:28:37,80,9.9,0.0,9.9,0.00,
11:28:38,80,9.9,0.0,9.9,0.00,
11:28:39,80,9.9,0.0,9.9,0.00,
11:28:40,80,9.9,0.0,9.9,0.00,
11:28:41,80,9.9,0.0,9.9,0.00,
11:28:42,80,9.9,0.0,9.9,0.00,
11:28:43,80,9.9,0.0,9.9,0.00,
11:28:44,80,9.9,0.0,9.9,0.00,
11:28:45,80,9.9,0.0,9.9,0.00,
11:28:46,80,9.9,0.0,9.9,0.00,
11:28:47,80,9.9,0.0,9.9,0.00,
11:28:48,80,9.9,0.0,9.9,0.00,
11:28:50,80,9.9,0.0,9.9,0.00,
11:28:51,80,9.9,0.0,9.9,0.00,
11:28:52,80,9.9,0.0,9.9,0.00,
11:28:53,80,9.9,0.0,9.9,0.00,
11:28:54,80,9.9,0.0,9.9,0.00,
11:28:55,80,9.9,0.0,9.9,0.00,
11:28:56,80,9.9,0.0,9.9,0.00,
11:28:57,80,9.9,0.0,9.9,0.00,
11:28:58,80,9.9,0.0,9.9,0.00,
11:28:59,80,9.9,0.0,9.9,0.00,
11:29:00,80,9.9,0.0,9.9,0.00,
11:29:01,80,9.9,0.0,9.9,0.00,
11:29:02,80,9.9,0.0,9.9,0.00,
11:29:03,80,9.9,0.0,9.9,0.00,
11:29:04,80,9.9,0.0,9.9,0.00,
11:29:05,80,9.9,0.0,9.9,0.00,
11:29:06,80,9.9,0.0,9.9,0.00,
11:29:07,80,9.9,0.0,9.9,0.00,
11:29:08,80,9.9,0.0,9.9,0.00,
11:29:09,80,9.9,0.0,9.9,0.00,
11:29:10,80,9.9,0.0,9.9,0.00,
11:29:11,80,9.9,0.0,9.9,0.00,
11:29:12,80,9.9,0.0,9.9,0.00,
11:29:13,80,9.9,0.0,9.9,0.00,
11:29:14,80,9.9,0.0,9.9,0.00,
11:29:15,80,9.9,0.0,9.9,0.00,
11:29:16,80,9.9,0.0,9.9,0.00,
11:29:17,80,9.9,0.0,9.9,0.00,
11:29:18,80,9.9,0.0,9.9,0.00,
11:29:19,80,9.9,0.0,9.9,0.00,
11:29:20,80,9.9,0.0,9.9,0.00,
11:29:22,80,9.9,0.0,9.9,0.00,
11:29:23,80,9.9,0.0,9.9,0.00,
11:29:24,80,9.9,0.0,9.9,0.00,
11:29:25,80,8.7,0.0,8.7,0.00,
11:29:26,80,8.7,0.0,8.7,0.00,
11:29:27,80,8.7,0.0,8.7,0.00,
11:29:28,80,8.7,0.0,8.7,0.00,
11:29:29,80,8.7,0.0,8.7,0.00,
11:29:30,80,8.7,0.0,8.7,0.00,
11:29:31,80,8.7,0.0,8.7,0.00,
11:29:32,80,8.7,0.0,8.7,0.00,
11:29:33,80,8.7,0.0,8.7,0.00,
11:29:34,80,8.7,0.0,8.7,0.00,
11:29:35,80,8.7,0.0,8.7,0.00,
11:29:36,80,8.7,0.0,8.7,0.00,
11:29:37,80,8.7,0.0,8.7,0.00,
11:29:38,80,8.7,0.0,8.7,0.00,
11:29:39,80,8.7,0.0,8.7,0.00,
11:29:40,80,8.7,0.0,8.7,0.00,
11:29:41,80,8.7,0.0,8.7,0.00,
11:29:42,80,8.7,0.0,8.7,0.00,
11:29:43,80,8.7,0.0,8.7,0.00,
11:29:44,80,8.7,0.0,8.7,0.00,
11:29:45,80,8.7,0.0,8.7,0.00,
11:29:46,80,8.7,0.0,8.7,0.00,
11:29:47,80,8.7,0.0,8.7,0.00,
11:29:48,80,8.7,0.0,8.7,0.00,
11:29:49,80,8.7,0.0,8.7,0.00,
11:29:50,80,8.7,0.0,8.7,0.00,
11:29:51,80,8.7,0.0,8.7,0.00,
11:29:52,80,8.7,0.0,8.7,0.00,
11:29:53,80,8.7,0.0,8.7,0.00,
11:29:54,80,8.7,0.0,8.7,0.00,
11:29:55,80,8.7,0.0,8.7,0.00,
11:29:56,80,8.7,0.0,8.7,0.00,
11:29:58,80,8.7,0.0,8.7,0.00,
11:29:59,80,8.7,0.0,8.7,0.00,
11:30:00,80,8.7,0.0,8.7,0.00,
11:30:01,80,8.7,0.0,8.7,0.00,
11:30:02,80,8.7,0.0,8.7,0.00,
11:30:03,80,8.7,0.0,8.7,0.00,
11:30:04,80,8.7,0.0,8.7,0.00,
11:30:05,80,8.7,0.0,8.7,0.00,
11:30:06,80,8.7,0.0,8.7,0.00,
11:30:07,80,8.7,0.0,8.7,0.00,
11:30:08,80,8.7,0.0,8.7,0.00,
11:30:09,80,8.7,0.0,8.7,0.00,
11:30:10,80,8.7,0.0,8.7,0.00,
11:30:11,80,8.7,0.0,8.7,0.00,
11:30:12,80,8.7,0.0,8.7,0.00,
11:30:13,80,8.7,0.0,8.7,0.00,
11:30:14,80,8.7,0.0,8.7,0.00,
11:30:15,80,8.7,0.0,8.7,0.00,
11:30:16,80,8.7,0.0,8.7,0.00,
11:30:17,80,8.7,0.0,8.7,0.00,
11:30:18,80,8.7,0.0,8.7,0.00,
11:30:19,80,8.7,0.0,8.7,0.00,
11:30:20,80,8.7,0.0,8.7,0.00,
11:30:21,80,8.7,0.0,8.7,0.00,
11:30:22,80,8.7,0.0,8.7,0.00,
11:30:23,80,8.7,0.0,8.7,0.00,
11:30:24,80,8.7,0.0,8.7,0.00,
11:30:25,80,24.7,0.0,24.7,0.00,
11:30:26,80,24.7,0.0,24.7,0.00,
11:30:27,80,24.7,0.0,24.7,0.00,
11:30:28,80,24.7,0.0,24.7,0.00,
11:30:29,80,24.7,0.0,24.7,0.00,
11:30:30,80,24.7,0.0,24.7,0.00,
11:30:31,80,24.7,0.0,24.7,0.00,
11:30:32,80,24.7,0.0,24.7,0.00,
11:30:33,80,24.7,0.0,24.7,0.00,
11:30:34,80,24.7,0.0,24.7,0.00,
11:30:35,80,24.7,0.0,24.7,0.00,
11:30:36,80,24.7,0.0,24.7,0.00,
11:30:37,80,24.7,0.0,24.7,0.00,
11:30:38,80,24.7,0.0,24.7,0.00,
11:30:39,80,24.7,0.0,24.7,0.00,
11:30:40,80,24.7,0.0,24.7,0.00,
11:30:41,80,24.7,0.0,24.7,0.00,
11:30:42,80,24.7,0.0,24.7,0.00,
11:30:44,80,24.7,0.0,24.7,0.00,
11:30:45,80,24.7,0.0,24.7,0.00,
11:30:46,80,24.7,0.0,24.7,0.00,
11:30:47,80,24.7,0.0,24.7,0.00,
11:30:48,80,24.7,0.0,24.7,0.00,
11:30:49,80,24.7,0.0,24.7,0.00,
11:30:50,80,24.7,0.0,24.7,0.00,
11:30:51,80,24.7,0.0,24.7,0.00,
11:30:52,80,24.7,0.0,24.7,0.00,
11:30:53,80,24.7,0.0,24.7,0.00,
11:30:54,80,24.7,0.0,24.7,0.00,
11:30:55,80,24.7,0.0,24.7,0.00,
11:30:56,80,24.7,0.0,24.7,0.00,
11:30:57,80,24.7,0.0,24.7,0.00,
11:30:58,80,24.7,0.0,24.7,0.00,
11:30:59,80,24.7,0.0,24.7,0.00,
11:31:00,80,24.7,0.0,24.7,0.00,
11:31:01,80,24.7,0.0,24.7,0.00,
11:31:02,80,24.7,0.0,24.7,0.00,
11:31:03,80,24.7,0.0,24.7,0.00,
11:31:04,80,24.7,0.0,24.7,0.00,
11:31:05,80,24.7,0.0,24.7,0.00,
11:31:06,80,24.7,0.0,24.7,0.00,
11:31:07,80,24.7,0.0,24.7,0.00,
11:31:08,80,24.7,0.0,24.7,0.00,
11:31:09,80,24.7,0.0,24.7,0.00,
11:31:10,80,24.7,0.0,24.7,0.00,
11:31:11,80,24.7,0.0,24.7,0.00,
11:31:12,80,24.7,0.0,24.7,0.00,
11:31:13,80,24.7,0.0,24.7,0.00,
11:31:14,80,24.7,0.0,24.7,0.00,
11:31:16,80,24.7,0.0,24.7,0.00,
11:31:17,80,24.7,0.0,24.7,0.00,
11:31:18,80,24.7,0.0,24.7,0.00,
11:31:19,80,24.7,0.0,24.7,0.00,
11:31:20,80,24.7,0.0,24.7,0.00,
11:31:21,80,24.7,0.0,24.7,0.00,
11:31:22,80,24.7,0.0,24.7,0.00,
11:31:23,80,24.7,0.0,24.7,0.00,
11:31:24,80,24.7,0.0,24.7,0.00,
11:31:25,80,9.0,0.0,9.0,0.00,
11:31:26,80,9.0,0.0,9.0,0.00,
11:31:27,80,9.0,0.0,9.0,0.00,
11:31:28,80,9.0,0.0,9.0,0.00,
11:31:29,80,9.0,0.0,9.0,0.00,
11:31:30,80,9.0,0.0,9.0,0.00,
11:31:31,80,9.0,0.0,9.0,0.00,
11:31:32,80,9.0,0.0,9.0,0.00,
11:31:33,80,9.0,0.0,9.0,0.00,
11:31:34,80,9.0,0.0,9.0,0.00,
11:31:35,80,9.0,0.0,9.0,0.00,
11:31:36,80,9.0,0.0,9.0,0.00,
11:31:37,80,9.0,0.0,9.0,0.00,
11:31:38,80,9.0,0.0,9.0,0.00,
11:31:39,80,9.0,0.0,9.0,0.00,
11:31:40,80,9.0,0.0,9.0,0.00,
11:31:41,80,9.0,0.0,9.0,0.00,
11:31:42,80,9.0,0.0,9.0,0.00,
11:31:43,80,9.0,0.0,9.0,0.00,
11:31:44,80,9.0,0.0,9.0,0.00,
11:31:45,80,9.0,0.0,9.0,0.00,
11:31:46,80,9.0,0.0,9.0,0.00,
11:31:47,80,9.0,0.0,9.0,0.00,
11:31:49,80,9.0,0.0,9.0,0.00,
11:31:50,80,9.0,0.0,9.0,0.00,
11:31:51,80,9.0,0.0,9.0,0.00,
11:31:52,80,9.0,0.0,9.0,0.00,
11:31:53,80,9.0,0.0,9.0,0.00,
11:31:54,80,9.0,0.0,9.0,0.00,
11:31:55,80,9.0,0.0,9.0,0.00,
11:31:56,80,9.0,0.0,9.0,0.00,
11:31:57,80,9.0,0.0,9.0,0.00,
11:31:58,80,9.0,0.0,9.0,0.00,
11:31:59,80,9.0,0.0,9.0,0.00,
11:32:00,80,9.0,0.0,9.0,0.00,
11:32:01,80,9.0,0.0,9.0,0.00,
11:32:02,80,9.0,0.0,9.0,0.00,
11:32:03,80,9.0,0.0,9.0,0.00,
11:32:04,80,9.0,0.0,9.0,0.00,
11:32:05,80,9.0,0.0,9.0,0.00,
11:32:06,80,9.0,0.0,9.0,0.00,
11:32:07,80,9.0,0.0,9.0,0.00,
11:32:08,80,9.0,0.0,9.0,0.00,
11:32:09,80,9.0,0.0,9.0,0.00,
11:32:10,80,9.0,0.0,9.0,0.00,
11:32:11,80,9.0,0.0,9.0,0.00,
11:32:12,80,9.0,0.0,9.0,0.00,
11:32:13,80,9.0,0.0,9.0,0.00,
11:32:14,80,9.0,0.0,9.0,0.00,
11:32:15,80,9.0,0.0,9.0,0.00,
11:32:16,80,9.0,0.0,9.0,0.00,
11:32:17,80,9.0,0.0,9.0,0.00,
11:32:18,80,9.0,0.0,9.0,0.00,
11:32:19,80,9.0,0.0,9.0,0.00,
11:32:21,80,9.0,0.0,9.0,0.00,
11:32:22,80,9.0,0.0,9.0,0.00,
11:32:23,80,9.0,0.0,9.0,0.00,
11:32:24,80,9.0,0.0,9.0,0.00,
11:32:25,80,8.9,0.0,8.9,0.00,
11:32:26,80,8.9,0.0,8.9,0.00,
11:32:27,80,8.9,0.0,8.9,0.00,
11:32:28,80,8.9,0.0,8.9,0.00,
11:32:29,80,8.9,0.0,8.9,0.00,
11:32:30,80,8.9,0.0,8.9,0.00,
11:32:31,80,8.9,0.0,8.9,0.00,
11:32:32,80,8.9,0.0,8.9,0.00,
11:32:33,80,8.9,0.0,8.9,0.00,
11:32:34,80,8.9,0.0,8.9,0.00,
11:32:35,80,8.9,0.0,8.9,0.00,
11:32:36,80,8.9,0.0,8.9,0.00,
11:32:37,80,8.9,0.0,8.9,0.00,
11:32:38,80,8.9,0.0,8.9,0.00,
11:32:39,80,8.9,0.0,8.9,0.00,
11:32:40,80,8.9,0.0,8.9,0.00,
11:32:41,80,8.9,0.0,8.9,0.00,
11:32:42,80,8.9,0.0,8.9,0.00,
11:32:43,80,8.9,0.0,8.9,0.00,
11:32:44,80,8.9,0.0,8.9,0.00,
11:32:45,80,8.9,0.0,8.9,0.00,
11:32:46,80,8.9,0.0,8.9,0.00,
11:32:47,80,8.9,0.0,8.9,0.00,
11:32:48,80,8.9,0.0,8.9,0.00,
11:32:49,80,8.9,0.0,8.9,0.00,
11:32:50,80,8.9,0.0,8.9,0.00,
11:32:51,80,8.9,0.0,8.9,0.00,
11:32:52,80,8.9,0.0,8.9,0.00,
11:32:53,80,8.9,0.0,8.9,0.00,
11:32:54,80,8.9,0.0,8.9,0.00,
11:32:56,80,8.9,0.0,8.9,0.00,
11:32:57,80,8.9,0.0,8.9,0.00,
11:32:58,80,8.9,0.0,8.9,0.00,
11:32:59,80,8.9,0.0,8.9,0.00,
11:33:00,80,8.9,0.0,8.9,0.00,
11:33:01,80,8.9,0.0,8.9,0.00,
11:33:02,80,8.9,0.0,8.9,0.00,
11:33:03,80,8.9,0.0,8.9,0.00,
11:33:04,80,8.9,0.0,8.9,0.00,
11:33:05,80,8.9,0.0,8.9,0.00,
11:33:06,80,8.9,0.0,8.9,0.00,
11:33:07,80,8.9,0.0,8.9,0.00,
11:33:08,80,8.9,0.0,8.9,0.00,
11:33:09,80,8.9,0.0,8.9,0.00,
11:33:10,80,8.9,0.0,8.9,0.00,
11:33:11,80,8.9,0.0,8.9,0.00,
11:33:12,80,8.9,0.0,8.9,0.00,
11:33:13,80,8.9,0.0,8.9,0.00,
11:33:14,80,8.9,0.0,8.9,0.00,
11:33:15,80,8.9,0.0,8.9,0.00,
11:33:16,80,8.9,0.0,8.9,0.00,
11:33:17,80,8.9,0.0,8.9,0.00,
11:33:18,80,8.9,0.0,8.9,0.00,
11:33:19,80,8.9,0.0,8.9,0.00,
11:33:20,80,8.9,0.0,8.9,0.00,
11:33:21,80,8.9,0.0,8.9,0.00,
11:33:22,80,8.9,0.0,8.9,0.00,
11:33:23,80,8.9,0.0,8.9,0.00,
11:33:24,80,8.9,0.0,8.9,0.00,
11:33:25,80,8.3,0.0,8.3,0.00,
11:33:26,80,8.3,0.0,8.3,0.00,
11:33:27,80,8.3,0.0,8.3,0.00,
11:33:28,80,8.3,0.0,8.3,0.00,
11:33:29,80,8.3,0.0,8.3,0.00,
11:33:30,80,8.3,0.0,8.3,0.00,
11:33:32,80,8.3,0.0,8.3,0.00,
11:33:33,80,8.3,0.0,8.3,0.00,
11:33:34,80,8.3,0.0,8.3,0.00,
11:33:35,80,8.3,0.0,8.3,0.00,
11:33:36,80,8.3,0.0,8.3,0.00,
11:33:37,80,8.3,0.0,8.3,0.00,
11:33:38,80,8.3,0.0,8.3,0.00,
11:33:39,80,8.3,0.0,8.3,0.00,
11:33:40,80,8.3,0.0,8.3,0.00,
11:33:41,80,8.3,0.0,8.3,0.00,
11:33:42,80,8.3,0.0,8.3,0.00,
11:33:43,80,8.3,0.0,8.3,0.00,
11:33:44,80,8.3,0.0,8.3,0.00,
11:33:45,80,8.3,0.0,8.3,0.00,
11:33:46,80,8.3,0.0,8.3,0.00,
11:33:47,80,8.3,0.0,8.3,0.00,
11:33:48,80,8.3,0.0,8.3,0.00,
11:33:49,80,8.3,0.0,8.3,0.00,
11:33:50,80,8.3,0.0,8.3,0.00,
11:33:51,80,8.3,0.0,8.3,0.00,
11:33:52,80,8.3,0.0,8.3,0.00,
11:33:53,80,8.3,0.0,8.3,0.00,
11:33:54,80,8.3,0.0,8.3,0.00,
11:33:55,80,8.3,0.0,8.3,0.00,
11:33:56,80,8.3,0.0,8.3,0.00,
11:33:57,80,8.3,0.0,8.3,0.00,
11:33:58,80,8.3,0.0,8.3,0.00,
11:33:59,80,8.3,0.0,8.3,0.00,
11:34:00,80,8.3,0.0,8.3,0.00,
11:34:01,80,8.3,0.0,8.3,0.00,
11:34:02,80,8.3,0.0,8.3,0.00,
11:34:03,80,8.3,0.0,8.3,0.00,
11:34:04,80,8.3,0.0,8.3,0.00,
11:34:05,80,8.3,0.0,8.3,0.00,
11:34:06,80,8.3,0.0,8.3,0.00,
11:34:07,80,8.3,0.0,8.3,0.00,
11:34:09,80,8.3,0.0,8.3,0.00,
11:34:10,80,8.3,0.0,8.3,0.00,
11:34:11,80,8.3,0.0,8.3,0.00,
11:34:12,80,8.3,0.0,8.3,0.00,
11:34:13,80,8.3,0.0,8.3,0.00,
11:34:14,80,8.3,0.0,8.3,0.00,
11:34:15,80,8.3,0.0,8.3,0.00,
11:34:16,80,8.3,0.0,8.3,0.00,
11:34:17,80,8.3,0.0,8.3,0.00,
11:34:18,80,8.3,0.0,8.3,0.00,
11:34:19,80,8.3,0.0,8.3,0.00,
11:34:20,80,8.3,0.0,8.3,0.00,
11:34:21,80,8.3,0.0,8.3,0.00,
11:34:22,80,8.3,0.0,8.3,0.00,
11:34:23,80,8.3,0.0,8.3,0.00,
11:34:24,80,8.3,0.0,8.3,0.00,
11:34:25,80,7.3,0.0,7.3,0.00,
11:34:26,80,7.3,0.0,7.3,0.00,
11:34:27,80,7.3,0.0,7.3,0.00,
11:34:28,80,7.3,0.0,7.3,0.00,
11:34:29,80,7.3,0.0,7.3,0.00,
11:34:30,80,7.3,0.0,7.3,0.00,
11:34:31,80,7.3,0.0,7.3,0.00,
11:34:32,80,7.3,0.0,7.3,0.00,
11:34:33,80,7.3,0.0,7.3,0.00,
11:34:34,80,7.3,0.0,7.3,0.00,
11:34:35,80,7.3,0.0,7.3,0.00,
11:34:36,80,7.3,0.0,7.3,0.00,
11:34:37,80,7.3,0.0,7.3,0.00,
11:34:38,80,7.3,0.0,7.3,0.00,
11:34:39,80,7.3,0.0,7.3,0.00,
11:34:40,80,7.3,0.0,7.3,0.00,
11:34:41,80,7.3,0.0,7.3,0.00,
11:34:42,80,7.3,0.0,7.3,0.00,
11:34:43,80,7.3,0.0,7.3,0.00,
11:34:45,80,7.3,0.0,7.3,0.00,
11:34:46,80,7.3,0.0,7.3,0.00,
11:34:47,80,7.3,0.0,7.3,0.00,
11:34:48,80,7.3,0.0,7.3,0.00,
11:34:49,80,7.3,0.0,7.3,0.00,
11:34:50,80,7.3,0.0,7.3,0.00,
11:34:51,80,7.3,0.0,7.3,0.00,
11:34:52,80,7.3,0.0,7.3,0.00,
11:34:53,80,7.3,0.0,7.3,0.00,
11:34:54,80,7.3,0.0,7.3,0.00,
11:34:55,80,7.3,0.0,7.3,0.00,
11:34:56,80,7.3,0.0,7.3,0.00,
11:34:57,80,7.3,0.0,7.3,0.00,
11:34:58,80,7.3,0.0,7.3,0.00,
11:34:59,80,7.3,0.0,7.3,0.00,
11:35:00,80,7.3,0.0,7.3,0.00,
11:35:01,80,7.3,0.0,7.3,0.00,
11:35:02,80,7.3,0.0,7.3,0.00,
11:35:03,80,7.3,0.0,7.3,0.00,
11:35:04,80,7.3,0.0,7.3,0.00,
11:35:05,80,7.3,0.0,7.3,0.00,
11:35:06,80,7.3,0.0,7.3,0.00,
11:35:07,80,7.3,0.0,7.3,0.00,
11:35:08,80,7.3,0.0,7.3,0.00,
11:35:09,80,7.3,0.0,7.3,0.00,
11:35:10,80,7.3,0.0,7.3,0.00,
11:35:11,80,7.3,0.0,7.3,0.00,
11:35:12,80,7.3,0.0,7.3,0.00,
11:35:13,80,7.3,0.0,7.3,0.00,
11:35:14,80,7.3,0.0,7.3,0.00,
11:35:15,80,7.3,0.0,7.3,0.00,
11:35:16,80,7.3,0.0,7.3,0.00,
11:35:17,80,7.3,0.0,7.3,0.00,
11:35:19,80,7.3,0.0,7.3,0.00,
11:35:20,80,7.3,0.0,7.3,0.00,
11:35:21,80,7.3,0.0,7.3,0.00,
11:35:22,80,7.3,0.0,7.3,0.00,
11:35:23,80,7.3,0.0,7.3,0.00,
11:35:24,80,7.3,0.0,7.3,0.00,
11:35:25,80,8.8,0.0,8.8,0.00,
11:35:26,80,8.8,0.0,8.8,0.00,
11:35:27,80,8.8,0.0,8.8,0.00,
11:35:28,80,8.8,0.0,8.8,0.00,
11:35:29,80,8.8,0.0,8.8,0.00,
11:35:30,80,8.8,0.0,8.8,0.00,
11:35:31,80,8.8,0.0,8.8,0.00,
11:35:32,80,8.8,0.0,8.8,0.00,
11:35:33,80,8.8,0.0,8.8,0.00,
11:35:34,80,8.8,0.0,8.8,0.00,
11:35:35,80,8.8,0.0,8.8,0.00,
11:35:36,80,8.8,0.0,8.8,0.00,
11:35:37,80,8.8,0.0,8.8,0.00,
11:35:38,80,8.8,0.0,8.8,0.00,
11:35:39,80,8.8,0.0,8.8,0.00,
11:35:40,80,8.8,0.0,8.8,0.00,
11:35:41,80,8.8,0.0,8.8,0.00,
11:35:42,80,8.8,0.0,8.8,0.00,
11:35:43,80,8.8,0.0,8.8,0.00,
11:35:44,80,8.8,0.0,8.8,0.00,
11:35:45,80,8.8,0.0,8.8,0.00,
11:35:46,80,8.8,0.0,8.8,0.00,
11:35:47,80,8.8,0.0,8.8,0.00,
11:35:48,80,8.8,0.0,8.8,0.00,
11:35:49,80,8.8,0.0,8.8,0.00,
11:35:50,80,8.8,0.0,8.8,0.00,
11:35:51,80,8.8,0.0,8.8,0.00,
11:35:52,80,8.8,0.0,8.8,0.00,
11:35:53,80,8.8,0.0,8.8,0.00,
11:35:54,80,8.8,0.0,8.8,0.00,
11:35:55,80,8.8,0.0,8.8,0.00,
11:35:57,80,8.8,0.0,8.8,0.00,
11:35:58,80,8.8,0.0,8.8,0.00,
11:35:59,80,8.8,0.0,8.8,0.00,
11:36:00,80,8.8,0.0,8.8,0.00,
11:36:01,80,8.8,0.0,8.8,0.00,
11:36:02,80,8.8,0.0,8.8,0.00,
11:36:03,80,8.8,0.0,8.8,0.00,
11:36:04,80,8.8,0.0,8.8,0.00,
11:36:05,80,8.8,0.0,8.8,0.00,
11:36:06,80,8.8,0.0,8.8,0.00,
11:36:07,80,8.8,0.0,8.8,0.00,
11:36:08,80,8.8,0.0,8.8,0.00,
11:36:09,80,8.8,0.0,8.8,0.00,
11:36:10,80,8.8,0.0,8.8,0.00,
11:36:11,80,8.8,0.0,8.8,0.00,
11:36:12,80,8.8,0.0,8.8,0.00,
11:36:13,80,8.8,0.0,8.8,0.00,
11:36:14,80,8.8,0.0,8.8,0.00,
11:36:15,80,8.8,0.0,8.8,0.00,
11:36:16,80,8.8,0.0,8.8,0.00,
11:36:17,80,8.8,0.0,8.8,0.00,
11:36:18,80,8.8,0.0,8.8,0.00,
11:36:19,80,8.8,0.0,8.8,0.00,
11:36:20,80,8.8,0.0,8.8,0.00,
11:36:21,80,8.8,0.0,8.8,0.00,
11:36:22,80,8.8,0.0,8.8,0.00,
11:36:23,80,8.8,0.0,8.8,0.00,
11:36:24,80,8.8,0.0,8.8,0.00,
11:36:25,80,7.6,0.0,7.6,0.00,
11:36:26,80,7.6,0.0,7.6,0.00,
11:36:27,80,7.6,0.0,7.6,0.00,
11:36:28,80,7.6,0.0,7.6,0.00,
11:36:30,80,7.6,0.0,7.6,0.00,
11:36:31,80,7.6,0.0,7.6,0.00,
11:36:32,80,7.6,0.0,7.6,0.00,
11:36:33,80,7.6,0.0,7.6,0.00,
11:36:34,80,7.6,0.0,7.6,0.00,
11:36:35,80,7.6,0.0,7.6,0.00,
11:36:36,80,7.6,0.0,7.6,0.00,
11:36:37,80,7.6,0.0,7.6,0.00,
11:36:38,80,7.6,0.0,7.6,0.00,
11:36:39,80,7.6,0.0,7.6,0.00,
11:36:40,80,7.6,0.0,7.6,0.00,
11:36:41,80,7.6,0.0,7.6,0.00,
11:36:42,80,7.6,0.0,7.6,0.00,
11:36:43,80,7.6,0.0,7.6,0.00,
11:36:44,80,7.6,0.0,7.6,0.00,
11:36:45,80,7.6,0.0,7.6,0.00,
11:36:46,80,7.6,0.0,7.6,0.00,
11:36:47,80,7.6,0.0,7.6,0.00,
11:36:48,80,7.6,0.0,7.6,0.00,
11:36:49,80,7.6,0.0,7.6,0.00,
11:36:50,80,7.6,0.0,7.6,0.00,
11:36:51,80,7.6,0.0,7.6,0.00,
11:36:52,80,7.6,0.0,7.6,0.00,
11:36:53,80,7.6,0.0,7.6,0.00,
11:36:54,80,7.6,0.0,7.6,0.00,
11:36:55,80,7.6,0.0,7.6,0.00,
11:36:56,80,7.6,0.0,7.6,0.00,
11:36:57,80,7.6,0.0,7.6,0.00,
11:36:58,80,7.6,0.0,7.6,0.00,
11:36:59,80,7.6,0.0,7.6,0.00,
11:37:01,80,7.6,0.0,7.6,0.00,
11:37:02,80,7.6,0.0,7.6,0.00,
11:37:03,80,7.6,0.0,7.6,0.00,
11:37:04,80,7.6,0.0,7.6,0.00,
11:37:05,80,7.6,0.0,7.6,0.00,
11:37:06,80,7.6,0.0,7.6,0.00,
11:37:07,80,7.6,0.0,7.6,0.00,
11:37:08,80,7.6,0.0,7.6,0.00,
11:37:09,80,7.6,0.0,7.6,0.00,
11:37:10,80,7.6,0.0,7.6,0.00,
11:37:11,80,7.6,0.0,7.6,0.00,
11:37:12,80,7.6,0.0,7.6,0.00,
11:37:13,80,7.6,0.0,7.6,0.00,
11:37:14,80,7.6,0.0,7.6,0.00,
11:37:15,80,7.6,0.0,7.6,0.00,
11:37:16,80,7.6,0.0,7.6,0.00,
11:37:17,80,7.6,0.0,7.6,0.00,
11:37:18,80,7.6,0.0,7.6,0.00,
11:37:19,80,7.6,0.0,7.6,0.00,
11:37:20,80,7.6,0.0,7.6,0.00,
11:37:21,80,7.6,0.0,7.6,0.00,
11:37:22,80,7.6,0.0,7.6,0.00,
11:37:23,80,7.6,0.0,7.6,0.00,
11:37:24,80,7.6,0.0,7.6,0.00,
11:37:25,80,8.6,0.0,8.6,0.00,
11:37:26,80,8.6,0.0,8.6,0.00,
11:37:27,80,8.6,0.0,8.6,0.00,
11:37:28,80,8.6,0.0,8.6,0.00,
11:37:29,80,8.6,0.0,8.6,0.00,
11:37:30,80,8.6,0.0,8.6,0.00,
11:37:31,80,8.6,0.0,8.6,0.00,
11:37:32,80,8.6,0.0,8.6,0.00,
11:37:33,80,8.6,0.0,8.6,0.00,
11:37:34,80,8.6,0.0,8.6,0.00,
11:37:36,80,8.6,0.0,8.6,0.00,
11:37:37,80,8.6,0.0,8.6,0.00,
11:37:38,80,8.6,0.0,8.6,0.00,
11:37:39,80,8.6,0.0,8.6,0.00,
11:37:40,80,8.6,0.0,8.6,0.00,
11:37:41,80,8.6,0.0,8.6,0.00,
11:37:42,80,8.6,0.0,8.6,0.00,
11:37:43,80,8.6,0.0,8.6,0.00,
11:37:44,80,8.6,0.0,8.6,0.00,
11:37:45,80,8.6,0.0,8.6,0.00,
11:37:46,80,8.6,0.0,8.6,0.00,
11:37:47,80,8.6,0.0,8.6,0.00,
11:37:48,80,8.6,0.0,8.6,0.00,
11:37:49,80,8.6,0.0,8.6,0.00,
11:37:50,80,8.6,0.0,8.6,0.00,
11:37:51,80,8.6,0.0,8.6,0.00,
11:37:52,80,8.6,0.0,8.6,0.00,
11:37:53,80,8.6,0.0,8.6,0.00,
11:37:54,80,8.6,0.0,8.6,0.00,
11:37:55,80,8.6,0.0,8.6,0.00,
11:37:56,80,8.6,0.0,8.6,0.00,
11:37:57,80,8.6,0.0,8.6,0.00,
11:37:58,80,8.6,0.0,8.6,0.00,
11:37:59,80,8.6,0.0,8.6,0.00,
11:38:00,80,8.6,0.0,8.6,0.00,
11:38:01,80,8.6,0.0,8.6,0.00,
11:38:02,80,8.6,0.0,8.6,0.00,
11:38:03,80,8.6,0.0,8.6,0.00,
11:38:04,80,8.6,0.0,8.6,0.00,
11:38:05,80,8.6,0.0,8.6,0.00,
11:38:06,80,8.6,0.0,8.6,0.00,
11:38:07,80,8.6,0.0,8.6,0.00,
11:38:08,80,8.6,0.0,8.6,0.00,
11:38:10,80,8.6,0.0,8.6,0.00,
11:38:11,80,8.6,0.0,8.6,0.00,
11:38:12,80,8.6,0.0,8.6,0.00,
11:38:13,80,8.6,0.0,8.6,0.00,
11:38:14,80,8.6,0.0,8.6,0.00,
11:38:15,80,8.6,0.0,8.6,0.00,
11:38:16,80,8.6,0.0,8.6,0.00,
11:38:17,80,8.6,0.0,8.6,0.00,
11:38:18,80,8.6,0.0,8.6,0.00,
11:38:19,80,8.6,0.0,8.6,0.00,
11:38:20,80,8.6,0.0,8.6,0.00,
11:38:21,80,8.6,0.0,8.6,0.00,
11:38:22,80,8.6,0.0,8.6,0.00,
11:38:23,80,8.6,0.0,8.6,0.00,
11:38:24,80,8.6,0.0,8.6,0.00,
11:38:25,80,10.4,0.0,10.4,0.00,
11:38:26,80,10.4,0.0,10.4,0.00,
11:38:27,80,10.4,0.0,10.4,0.00,
11:38:28,80,10.4,0.0,10.4,0.00,
11:38:29,80,10.4,0.0,10.4,0.00,
11:38:30,80,10.4,0.0,10.4,0.00,
11:38:31,80,10.4,0.0,10.4,0.00,
11:38:32,80,10.4,0.0,10.4,0.00,
11:38:33,80,10.4,0.0,10.4,0.00,
11:38:34,80,10.4,0.0,10.4,0.00,
11:38:35,80,10.4,0.0,10.4,0.00,
11:38:37,80,10.4,0.0,10.4,0.00,
11:38:38,80,10.4,0.0,10.4,0.00,
11:38:39,80,10.4,0.0,10.4,0.00,
11:38:40,80,10.4,0.0,10.4,0.00,
11:38:41,80,10.4,0.0,10.4,0.00,
11:38:42,80,10.4,0.0,10.4,0.00,
11:38:43,80,10.4,0.0,10.4,0.00,
11:38:44,80,10.4,0.0,10.4,0.00,
11:38:45,80,10.4,0.0,10.4,0.00,
11:38:46,80,10.4,0.0,10.4,0.00,
11:38:47,80,10.4,0.0,10.4,0.00,
11:38:48,80,10.4,0.0,10.4,0.00,
11:38:49,80,10.4,0.0,10.4,0.00,
11:38:50,80,10.4,0.0,10.4,0.00,
11:38:51,80,10.4,0.0,10.4,0.00,
11:38:52,80,10.4,0.0,10.4,0.00,
11:38:53,80,10.4,0.0,10.4,0.00,
11:38:54,80,10.4,0.0,10.4,0.00,
11:38:55,80,10.4,0.0,10.4,0.00,
11:38:56,80,10.4,0.0,10.4,0.00,
11:38:57,80,10.4,0.0,10.4,0.00,
11:38:58,80,10.4,0.0,10.4,0.00,
11:38:59,80,10.4,0.0,10.4,0.00,
11:39:00,80,10.4,0.0,10.4,0.00,
11:39:01,80,10.4,0.0,10.4,0.00,
11:39:02,80,10.4,0.0,10.4,0.00,
11:39:03,80,10.4,0.0,10.4,0.00,
11:39:05,80,10.4,0.0,10.4,0.00,
11:39:06,80,10.4,0.0,10.4,0.00,
11:39:07,80,10.4,0.0,10.4,0.00,
11:39:08,80,10.4,0.0,10.4,0.00,
11:39:09,80,10.4,0.0,10.4,0.00,
11:39:10,80,10.4,0.0,10.4,0.00,
11:39:11,80,10.4,0.0,10.4,0.00,
11:39:12,80,10.4,0.0,10.4,0.00,
11:39:13,80,10.4,0.0,10.4,0.00,
11:39:14,80,10.4,0.0,10.4,0.00,
11:39:15,80,10.4,0.0,10.4,0.00,
11:39:16,80,10.4,0.0,10.4,0.00,
11:39:17,80,10.4,0.0,10.4,0.00,
11:39:18,80,10.4,0.0,10.4,0.00,
11:39:19,80,10.4,0.0,10.4,0.00,
11:39:20,80,10.4,0.0,10.4,0.00,
11:39:21,80,10.4,0.0,10.4,0.00,
11:39:22,80,10.4,0.0,10.4,0.00,
11:39:23,80,10.4,0.0,10.4,0.00,
11:39:24,80,10.4,0.0,10.4,0.00,
11:39:25,80,9.0,0.0,9.0,0.00,
11:39:26,80,9.0,0.0,9.0,0.00,
11:39:27,80,9.0,0.0,9.0,0.00,
11:39:28,80,9.0,0.0,9.0,0.00,
11:39:29,80,9.0,0.0,9.0,0.00,
11:39:30,80,9.0,0.0,9.0,0.00,
11:39:31,80,9.0,0.0,9.0,0.00,
11:39:32,80,9.0,0.0,9.0,0.00,
11:39:33,80,9.0,0.0,9.0,0.00,
11:39:34,80,9.0,0.0,9.0,0.00,
11:39:35,80,9.0,0.0,9.0,0.00,
11:39:37,80,9.0,0.0,9.0,0.00,
11:39:38,80,9.0,0.0,9.0,0.00,
11:39:39,80,9.0,0.0,9.0,0.00,
11:39:40,80,9.0,0.0,9.0,0.00,
11:39:41,80,9.0,0.0,9.0,0.00,
11:39:42,80,9.0,0.0,9.0,0.00,
11:39:43,80,9.0,0.0,9.0,0.00,
11:39:44,80,9.0,0.0,9.0,0.00,
11:39:45,80,9.0,0.0,9.0,0.00,
11:39:46,80,9.0,0.0,9.0,0.00,
11:39:47,80,9.0,0.0,9.0,0.00,
11:39:48,80,9.0,0.0,9.0,0.00,
11:39:49,80,9.0,0.0,9.0,0.00,
11:39:50,80,9.0,0.0,9.0,0.00,
11:39:51,80,9.0,0.0,9.0,0.00,
11:39:52,80,9.0,0.0,9.0,0.00,
11:39:53,80,9.0,0.0,9.0,0.00,
11:39:54,80,9.0,0.0,9.0,0.00,
11:39:55,80,9.0,0.0,9.0,0.00,
11:39:56,80,9.0,0.0,9.0,0.00,
11:39:57,80,9.0,0.0,9.0,0.00,
11:39:58,80,9.0,0.0,9.0,0.00,
11:39:59,80,9.0,0.0,9.0,0.00,
11:40:00,80,9.0,0.0,9.0,0.00,
11:40:01,80,9.0,0.0,9.0,0.00,
11:40:02,80,9.0,0.0,9.0,0.00,
11:40:03,80,9.0,0.0,9.0,0.00,
11:40:04,80,9.0,0.0,9.0,0.00,
11:40:05,80,9.0,0.0,9.0,0.00,
11:40:06,80,9.0,0.0,9.0,0.00,
11:40:07,80,9.0,0.0,9.0,0.00,
11:40:08,80,9.0,0.0,9.0,0.00,
11:40:09,80,9.0,0.0,9.0,0.00,
11:40:10,80,9.0,0.0,9.0,0.00,
11:40:11,80,9.0,0.0,9.0,0.00,
11:40:12,80,9.0,0.0,9.0,0.00,
11:40:13,80,9.0,0.0,9.0,0.00,
11:40:14,80,9.0,0.0,9.0,0.00,
11:40:16,80,9.0,0.0,9.0,0.00,
11:40:17,80,9.0,0.0,9.0,0.00,
11:40:18,80,9.0,0.0,9.0,0.00,
11:40:19,80,9.0,0.0,9.0,0.00,
11:40:20,80,9.0,0.0,9.0,0.00,
11:40:21,80,9.0,0.0,9.0,0.00,
11:40:22,80,9.0,0.0,9.0,0.00,
11:40:23,80,9.0,0.0,9.0,0.00,
11:40:24,80,9.0,0.0,9.0,0.00,
11:40:25,80,18.4,0.0,18.4,0.00,
11:40:26,80,18.4,0.0,18.4,0.00,
11:40:27,80,18.4,0.0,18.4,0.00,
11:40:28,80,18.4,0.0,18.4,0.00,
11:40:29,80,18.4,0.0,18.4,0.00,
11:40:30,80,18.4,0.0,18.4,0.00,
11:40:31,80,18.4,0.0,18.4,0.00,
11:40:32,80,18.4,0.0,18.4,0.00,
11:40:33,80,18.4,0.0,18.4,0.00,
11:40:34,80,18.4,0.0,18.4,0.00,
11:40:35,80,18.4,0.0,18.4,0.00,
11:40:36,80,18.4,0.0,18.4,0.00,
11:40:37,80,18.4,0.0,18.4,0.00,
11:40:38,80,18.4,0.0,18.4,0.00,
11:40:39,80,18.4,0.0,18.4,0.00,
11:40:40,80,18.4,0.0,18.4,0.00,
11:40:41,80,18.4,0.0,18.4,0.00,
11:40:42,80,18.4,0.0,18.4,0.00,
11:40:43,80,18.4,0.0,18.4,0.00,
11:40:44,80,18.4,0.0,18.4,0.00,
11:40:45,80,18.4,0.0,18.4,0.00,
11:40:46,80,18.4,0.0,18.4,0.00,
11:40:47,80,18.4,0.0,18.4,0.00,
11:40:48,80,18.4,0.0,18.4,0.00,
11:40:49,80,18.4,0.0,18.4,0.00,
11:40:50,80,18.4,0.0,18.4,0.00,
11:40:51,80,18.4,0.0,18.4,0.00,
11:40:52,80,18.4,0.0,18.4,0.00,
11:40:53,80,18.4,0.0,18.4,0.00,
11:40:54,80,18.4,0.0,18.4,0.00,
11:40:56,80,18.4,0.0,18.4,0.00,
11:40:57,80,18.4,0.0,18.4,0.00,
11:40:58,80,18.4,0.0,18.4,0.00,
11:40:59,80,18.4,0.0,18.4,0.00,
11:41:00,80,18.4,0.0,18.4,0.00,
11:41:01,80,18.4,0.0,18.4,0.00,
11:41:02,80,18.4,0.0,18.4,0.00,
11:41:03,80,18.4,0.0,18.4,0.00,
11:41:04,80,18.4,0.0,18.4,0.00,
11:41:05,80,18.4,0.0,18.4,0.00,
11:41:06,80,18.4,0.0,18.4,0.00,
11:41:07,80,18.4,0.0,18.4,0.00,
11:41:08,80,18.4,0.0,18.4,0.00,
11:41:09,80,18.4,0.0,18.4,0.00,
11:41:10,80,18.4,0.0,18.4,0.00,
11:41:11,80,18.4,0.0,18.4,0.00,
11:41:12,80,18.4,0.0,18.4,0.00,
11:41:13,80,18.4,0.0,18.4,0.00,
11:41:14,80,18.4,0.0,18.4,0.00,
11:41:15,80,18.4,0.0,18.4,0.00,
11:41:16,80,18.4,0.0,18.4,0.00,
11:41:17,80,18.4,0.0,18.4,0.00,
11:41:18,80,18.4,0.0,18.4,0.00,
11:41:19,80,18.4,0.0,18.4,0.00,
11:41:20,80,18.4,0.0,18.4,0.00,
11:41:21,80,18.4,0.0,18.4,0.00,
11:41:22,80,18.4,0.0,18.4,0.00,
11:41:23,80,18.4,0.0,18.4,0.00,
11:41:24,80,18.4,0.0,18.4,0.00,
11:41:25,80,7.2,0.0,7.2,0.00,
11:41:26,80,7.2,0.0,7.2,0.00,
11:41:27,80,7.2,0.0,7.2,0.00,
11:41:29,80,7.2,0.0,7.2,0.00,
11:41:30,80,7.2,0.0,7.2,0.00,
11:41:31,80,7.2,0.0,7.2,0.00,
11:41:32,80,7.2,0.0,7.2,0.00,
11:41:33,80,7.2,0.0,7.2,0.00,
11:41:34,80,7.2,0.0,7.2,0.00,
11:41:35,80,7.2,0.0,7.2,0.00,
11:41:36,80,7.2,0.0,7.2,0.00,
11:41:37,80,7.2,0.0,7.2,0.00,
11:41:38,80,7.2,0.0,7.2,0.00,
11:41:39,80,7.2,0.0,7.2,0.00,
11:41:40,80,7.2,0.0,7.2,0.00,
11:41:41,80,7.2,0.0,7.2,0.00,
11:41:42,80,7.2,0.0,7.2,0.00,
11:41:43,80,7.2,0.0,7.2,0.00,
11:41:44,80,7.2,0.0,7.2,0.00,
11:41:45,80,7.2,0.0,7.2,0.00,
11:41:46,80,7.2,0.0,7.2,0.00,
11:41:47,80,7.2,0.0,7.2,0.00,
11:41:48,80,7.2,0.0,7.2,0.00,
11:41:49,80,7.2,0.0,7.2,0.00,
11:41:50,80,7.2,0.0,7.2,0.00,
11:41:51,80,7.2,0.0,7.2,0.00,
11:41:52,80,7.2,0.0,7.2,0.00,
11:41:53,80,7.2,0.0,7.2,0.00,
11:41:54,80,7.2,0.0,7.2,0.00,
11:41:55,80,7.2,0.0,7.2,0.00,
11:41:56,80,7.2,0.0,7.2,0.00,
11:41:57,80,7.2,0.0,7.2,0.00,
11:41:58,80,7.2,0.0,7.2,0.00,
11:42:00,80,7.2,0.0,7.2,0.00,
11:42:01,80,7.2,0.0,7.2,0.00,
11:42:02,80,7.2,0.0,7.2,0.00,
11:42:03,80,7.2,0.0,7.2,0.00,
11:42:04,80,7.2,0.0,7.2,0.00,
11:42:05,80,7.2,0.0,7.2,0.00,
11:42:06,80,7.2,0.0,7.2,0.00,
11:42:07,80,7.2,0.0,7.2,0.00,
11:42:08,80,7.2,0.0,7.2,0.00,
11:42:09,80,7.2,0.0,7.2,0.00,
11:42:10,80,7.2,0.0,7.2,0.00,
11:42:11,80,7.2,0.0,7.2,0.00,
11:42:12,80,7.2,0.0,7.2,0.00,
11:42:13,80,7.2,0.0,7.2,0.00,
11:42:14,80,7.2,0.0,7.2,0.00,
11:42:15,80,7.2,0.0,7.2,0.00,
11:42:16,80,7.2,0.0,7.2,0.00,
11:42:17,80,7.2,0.0,7.2,0.00,
11:42:18,80,7.2,0.0,7.2,0.00,
11:42:19,80,7.2,0.0,7.2,0.00,
11:42:20,80,7.2,0.0,7.2,0.00,
11:42:21,80,7.2,0.0,7.2,0.00,
11:42:22,80,7.2,0.0,7.2,0.00,
11:42:23,80,7.2,0.0,7.2,0.00,
11:42:24,80,7.2,0.0,7.2,0.00,
11:42:25,80,19.9,0.0,19.9,0.00,
11:42:26,80,19.9,0.0,19.9,0.00,
11:42:27,80,19.9,0.0,19.9,0.00,
11:42:28,80,19.9,0.0,19.9,0.00,
11:42:29,80,19.9,0.0,19.9,0.00,
11:42:30,80,19.9,0.0,19.9,0.00,
11:42:31,80,19.9,0.0,19.9,0.00,
11:42:32,80,19.9,0.0,19.9,0.00,
11:42:33,80,19.9,0.0,19.9,0.00,
11:42:34,80,19.9,0.0,19.9,0.00,
11:42:35,80,19.9,0.0,19.9,0.00,
11:42:37,80,19.9,0.0,19.9,0.00,
11:42:38,80,19.9,0.0,19.9,0.00,
11:42:39,80,19.9,0.0,19.9,0.00,
11:42:40,80,19.9,0.0,19.9,0.00,
11:42:41,80,19.9,0.0,19.9,0.00,
11:42:42,80,19.9,0.0,19.9,0.00,
11:42:43,80,19.9,0.0,19.9,0.00,
11:42:44,80,19.9,0.0,19.9,0.00,
11:42:45,80,19.9,0.0,19.9,0.00,
11:42:46,80,19.9,0.0,19.9,0.00,
11:42:47,80,19.9,0.0,19.9,0.00,
11:42:48,80,19.9,0.0,19.9,0.00,
11:42:49,80,19.9,0.0,19.9,0.00,
11:42:50,80,19.9,0.0,19.9,0.00,
11:42:51,80,19.9,0.0,19.9,0.00,
11:42:52,80,19.9,0.0,19.9,0.00,
11:42:53,80,19.9,0.0,19.9,0.00,
11:42:54,80,19.9,0.0,19.9,0.00,
11:42:55,80,19.9,0.0,19.9,0.00,
11:42:56,80,19.9,0.0,19.9,0.00,
11:42:57,80,19.9,0.0,19.9,0.00,
11:42:58,80,19.9,0.0,19.9,0.00,
11:42:59,80,19.9,0.0,19.9,0.00,
11:43:00,80,19.9,0.0,19.9,0.00,
11:43:01,80,19.9,0.0,19.9,0.00,
11:43:02,80,19.9,0.0,19.9,0.00,
11:43:03,80,19.9,0.0,19.9,0.00,
11:43:04,80,19.9,0.0,19.9,0.00,
11:43:05,80,19.9,0.0,19.9,0.00,
11:43:06,80,19.9,0.0,19.9,0.00,
11:43:07,80,19.9,0.0,19.9,0.00,
11:43:08,80,19.9,0.0,19.9,0.00,
11:43:09,80,19.9,0.0,19.9,0.00,
11:43:10,80,19.9,0.0,19.9,0.00,
11:43:11,80,19.9,0.0,19.9,0.00,
11:43:12,80,19.9,0.0,19.9,0.00,
11:43:13,80,19.9,0.0,19.9,0.00,
11:43:14,80,19.9,0.0,19.9,0.00,
11:43:16,80,19.9,0.0,19.9,0.00,
11:43:17,80,19.9,0.0,19.9,0.00,
11:43:18,80,19.9,0.0,19.9,0.00,
11:43:19,80,19.9,0.0,19.9,0.00,
11:43:20,80,19.9,0.0,19.9,0.00,
11:43:21,80,19.9,0.0,19.9,0.00,
11:43:22,80,19.9,0.0,19.9,0.00,
11:43:23,80,19.9,0.0,19.9,0.00,
11:43:24,80,19.9,0.0,19.9,0.00,
11:43:25,80,18.1,0.0,18.1,0.00,
11:43:26,80,18.1,0.0,18.1,0.00,
11:43:27,80,18.1,0.0,18.1,0.00,
11:43:28,80,18.1,0.0,18.1,0.00,
11:43:29,80,18.1,0.0,18.1,0.00,
11:43:30,80,18.1,0.0,18.1,0.00,
11:43:31,80,18.1,0.0,18.1,0.00,
11:43:32,80,18.1,0.0,18.1,0.00,
11:43:33,80,18.1,0.0,18.1,0.00,
11:43:34,80,18.1,0.0,18.1,0.00,
11:43:35,80,18.1,0.0,18.1,0.00,
11:43:36,80,18.1,0.0,18.1,0.00,
11:43:37,80,18.1,0.0,18.1,0.00,
11:43:38,80,18.1,0.0,18.1,0.00,
11:43:39,80,18.1,0.0,18.1,0.00,
11:43:40,80,18.1,0.0,18.1,0.00,
11:43:41,80,18.1,0.0,18.1,0.00,
11:43:42,80,18.1,0.0,18.1,0.00,
11:43:43,80,18.1,0.0,18.1,0.00,
11:43:44,80,18.1,0.0,18.1,0.00,
11:43:45,80,18.1,0.0,18.1,0.00,
11:43:46,80,18.1,0.0,18.1,0.00,
11:43:47,80,18.1,0.0,18.1,0.00,
11:43:48,80,18.1,0.0,18.1,0.00,
11:43:49,80,18.1,0.0,18.1,0.00,
11:43:50,80,18.1,0.0,18.1,0.00,
11:43:51,80,18.1,0.0,18.1,0.00,
11:43:52,80,18.1,0.0,18.1,0.00,
11:43:53,80,18.1,0.0,18.1,0.00,
11:43:54,80,18.1,0.0,18.1,0.00,
11:43:55,80,18.1,0.0,18.1,0.00,
11:43:56,80,18.1,0.0,18.1,0.00,
11:43:58,80,18.1,0.0,18.1,0.00,
11:43:59,80,18.1,0.0,18.1,0.00,
11:44:00,80,18.1,0.0,18.1,0.00,
11:44:01,80,18.1,0.0,18.1,0.00,
11:44:02,80,18.1,0.0,18.1,0.00,
11:44:03,80,18.1,0.0,18.1,0.00,
11:44:04,80,18.1,0.0,18.1,0.00,
11:44:05,80,18.1,0.0,18.1,0.00,
11:44:06,80,18.1,0.0,18.1,0.00,
11:44:07,80,18.1,0.0,18.1,0.00,
11:44:08,80,18.1,0.0,18.1,0.00,
11:44:09,80,18.1,0.0,18.1,0.00,
11:44:10,80,18.1,0.0,18.1,0.00,
11:44:11,80,18.1,0.0,18.1,0.00,
11:44:12,80,18.1,0.0,18.1,0.00,
11:44:13,80,18.1,0.0,18.1,0.00,
11:44:14,80,18.1,0.0,18.1,0.00,
11:44:15,80,18.1,0.0,18.1,0.00,
11:44:16,80,18.1,0.0,18.1,0.00,
11:44:17,80,18.1,0.0,18.1,0.00,
11:44:18,80,18.1,0.0,18.1,0.00,
11:44:19,80,18.1,0.0,18.1,0.00,
11:44:20,80,18.1,0.0,18.1,0.00,
11:44:21,80,18.1,0.0,18.1,0.00,
11:44:22,80,18.1,0.0,18.1,0.00,
11:44:23,80,18.1,0.0,18.1,0.00,
11:44:24,80,18.1,0.0,18.1,0.00,
11:44:25,80,20.1,0.0,20.1,0.00,
11:44:26,80,20.1,0.0,20.1,0.00,
11:44:27,80,20.1,0.0,20.1,0.00,
11:44:28,80,20.1,0.0,20.1,0.00,
11:44:29,80,20.1,0.0,20.1,0.00,
11:44:30,80,20.1,0.0,20.1,0.00,
11:44:31,80,20.1,0.0,20.1,0.00,
11:44:32,80,20.1,0.0,20.1,0.00,
11:44:33,80,20.1,0.0,20.1,0.00,
11:44:34,80,20.1,0.0,20.1,0.00,
11:44:35,80,20.1,0.0,20.1,0.00,
11:44:36,80,20.1,0.0,20.1,0.00,
11:44:37,80,20.1,0.0,20.1,0.00,
11:44:38,80,20.1,0.0,20.1,0.00,
11:44:39,80,20.1,0.0,20.1,0.00,
11:44:40,80,20.1,0.0,20.1,0.00,
11:44:42,80,20.1,0.0,20.1,0.00,
11:44:43,80,20.1,0.0,20.1,0.00,
11:44:44,80,20.1,0.0,20.1,0.00,
11:44:45,80,20.1,0.0,20.1,0.00,
11:44:46,80,20.1,0.0,20.1,0.00,
11:44:47,80,20.1,0.0,20.1,0.00,
11:44:48,80,20.1,0.0,20.1,0.00,
11:44:49,80,20.1,0.0,20.1,0.00,
11:44:50,80,20.1,0.0,20.1,0.00,
11:44:51,80,20.1,0.0,20.1,0.00,
11:44:52,80,20.1,0.0,20.1,0.00,
11:44:53,80,20.1,0.0,20.1,0.00,
11:44:54,80,20.1,0.0,20.1,0.00,
11:44:55,80,20.1,0.0,20.1,0.00,
11:44:56,80,20.1,0.0,20.1,0.00,
11:44:57,80,20.1,0.0,20.1,0.00,
11:44:58,80,20.1,0.0,20.1,0.00,
11:44:59,80,20.1,0.0,20.1,0.00,
11:45:00,80,20.1,0.0,20.1,0.00,
11:45:01,80,20.1,0.0,20.1,0.00,
11:45:02,80,20.1,0.0,20.1,0.00,
11:45:03,80,20.1,0.0,20.1,0.00,
11:45:04,80,20.1,0.0,20.1,0.00,
11:45:05,80,20.1,0.0,20.1,0.00,
11:45:06,80,20.1,0.0,20.1,0.00,
11:45:07,80,20.1,0.0,20.1,0.00,
11:45:08,80,20.1,0.0,20.1,0.00,
11:45:09,80,20.1,0.0,20.1,0.00,
11:45:10,80,20.1,0.0,20.1,0.00,
11:45:11,80,20.1,0.0,20.1,0.00,
11:45:12,80,20.1,0.0,20.1,0.00,
11:45:13,80,20.1,0.0,20.1,0.00,
11:45:14,80,20.1,0.0,20.1,0.00,
11:45:15,80,20.1,0.0,20.1,0.00,
11:45:16,80,20.1,0.0,20.1,0.00,
11:45:17,80,20.1,0.0,20.1,0.00,
11:45:18,80,20.1,0.0,20.1,0.00,
11:45:19,80,20.1,0.0,20.1,0.00,
11:45:20,80,20.1,0.0,20.1,0.00,
11:45:21,80,20.1,0.0,20.1,0.00,
11:45:22,80,20.1,0.0,20.1,0.00,
11:45:23,80,20.1,0.0,20.1,0.00,
11:45:24,80,20.1,0.0,20.1,0.00,
11:45:26,80,57.8,0.0,57.8,0.00,
